Age,Birth Place,Birthday,College,Current Team,Experience,Height (inches),Name_x,Player Id,Weight (lbs),Years Played,Year,Team,Games Played,Passes Attempted,Passes Completed,Completion Percentage,Pass Attempts Per Game,Passing Yards,Passing Yards Per Attempt,Passing Yards Per Game,TD Passes,Percentage of TDs per Attempts,Ints,Int Rate,Longest Pass,Passes Longer than 20 Yards,Passes Longer than 40 Yards,Sacks,Sacked Yards Lost,Passer Rating,position
,"Casper , WY",9/16/1920,Wisconsin,,3 Seasons,73.0,"Farris, Tom",tomfarris/2513861,185.0,1946 - 1948,1946,Chicago Bears,11,21.0,8.0,38.1,1.9,108.0,5.1,9.8,1.0,4.8,2.0,9.5,,0.0,0.0,0.0,0.0,31.5,QB
66.0,"Indianola , IA",12/1/1950,Arizona,,2 Seasons,74.0,"Demory, Bill",billdemory/2512778,195.0,1973 - 1974,1973,New York Jets,6,39.0,12.0,30.8,6.5,159.0,4.1,26.5,2.0,5.1,8.0,20.5,,0.0,0.0,8.0,73.0,22.2,QB
27.0,"Clifton Heights , PA",4/26/1990,Pittsburgh,Houston Texans,4th season,76.0,"Savage, Tom",tomsavage/2543640,230.0,,2016,Houston Texans,3,73.0,46.0,63.0,24.3,461.0,6.3,153.7,0.0,0.0,0.0,0.0,32.0,5.0,0.0,5.0,36.0,80.9,QB
27.0,"Clifton Heights , PA",4/26/1990,Pittsburgh,Houston Texans,4th season,76.0,"Savage, Tom",tomsavage/2543640,230.0,,2014,Houston Texans,2,19.0,10.0,52.6,9.5,127.0,6.7,63.5,0.0,0.0,1.0,5.3,35.0,2.0,0.0,1.0,5.0,51.9,QB
86.0,"Baltimore , MD",8/12/1930,Maryland,,3 Seasons,74.0,"Scarbath, Jack",jackscarbath/2524989,206.0,1953 - 1956,1956,Pittsburgh Steelers,7,41.0,12.0,29.3,5.9,208.0,5.1,29.7,2.0,4.9,5.0,12.2,,0.0,0.0,0.0,36.0,24.9,QB
86.0,"Baltimore , MD",8/12/1930,Maryland,,3 Seasons,74.0,"Scarbath, Jack",jackscarbath/2524989,206.0,1953 - 1956,1954,Washington Redskins,10,109.0,44.0,40.4,10.9,798.0,7.3,79.8,7.0,6.4,13.0,11.9,,0.0,0.0,0.0,214.0,48.1,QB
86.0,"Baltimore , MD",8/12/1930,Maryland,,3 Seasons,74.0,"Scarbath, Jack",jackscarbath/2524989,206.0,1953 - 1956,1953,Washington Redskins,12,129.0,45.0,34.9,10.8,862.0,6.7,71.8,9.0,7.0,12.0,9.3,,0.0,0.0,0.0,120.0,43.5,QB
45.0,"Shreveport , LA",9/2/1971,UCLA,,9 Seasons,76.0,"Maddox, Tommy",tommymaddox/2501842,219.0,1992 - 2005,2005,Pittsburgh Steelers,4,71.0,34.0,47.9,17.8,406.0,5.7,101.5,2.0,2.8,4.0,5.6,32.0,6.0,0.0,8.0,43.0,51.7,QB
45.0,"Shreveport , LA",9/2/1971,UCLA,,9 Seasons,76.0,"Maddox, Tommy",tommymaddox/2501842,219.0,1992 - 2005,2004,Pittsburgh Steelers,4,60.0,30.0,50.0,15.0,329.0,5.5,82.2,1.0,1.7,2.0,3.3,39.0,4.0,0.0,6.0,37.0,58.3,QB
45.0,"Shreveport , LA",9/2/1971,UCLA,,9 Seasons,76.0,"Maddox, Tommy",tommymaddox/2501842,219.0,1992 - 2005,2003,Pittsburgh Steelers,16,519.0,298.0,57.4,32.4,,6.6,213.4,18.0,3.5,17.0,3.3,53.0,44.0,4.0,41.0,242.0,75.3,QB
45.0,"Shreveport , LA",9/2/1971,UCLA,,9 Seasons,76.0,"Maddox, Tommy",tommymaddox/2501842,219.0,1992 - 2005,2002,Pittsburgh Steelers,15,377.0,234.0,62.1,25.1,,7.5,189.1,20.0,5.3,16.0,4.2,,40.0,6.0,26.0,148.0,85.2,QB
45.0,"Shreveport , LA",9/2/1971,UCLA,,9 Seasons,76.0,"Maddox, Tommy",tommymaddox/2501842,219.0,1992 - 2005,1995,New York Giants,16,23.0,6.0,26.1,1.4,49.0,2.1,3.1,0.0,0.0,3.0,13.0,13.0,0.0,0.0,2.0,7.0,0.0,QB
45.0,"Shreveport , LA",9/2/1971,UCLA,,9 Seasons,76.0,"Maddox, Tommy",tommymaddox/2501842,219.0,1992 - 2005,1994,Los Angeles Rams,5,19.0,10.0,52.6,3.8,141.0,7.4,28.2,0.0,0.0,2.0,10.5,39.0,2.0,0.0,0.0,0.0,37.3,QB
45.0,"Shreveport , LA",9/2/1971,UCLA,,9 Seasons,76.0,"Maddox, Tommy",tommymaddox/2501842,219.0,1992 - 2005,1992,Denver Broncos,13,121.0,66.0,54.5,9.3,757.0,6.3,58.2,5.0,4.1,9.0,7.4,38.0,12.0,0.0,10.0,60.0,56.4,QB
,"Detroit , MI",9/5/1909,Michigan,,3 Seasons,68.0,"Newman, Harry",harrynewman/2522100,179.0,1933 - 1935,1935,New York Giants,8,29.0,9.0,31.0,3.6,132.0,4.6,16.5,0.0,0.0,7.0,24.1,,0.0,0.0,0.0,0.0,7.3,QB
,"Detroit , MI",9/5/1909,Michigan,,3 Seasons,68.0,"Newman, Harry",harrynewman/2522100,179.0,1933 - 1935,1934,New York Giants,10,93.0,35.0,37.6,9.3,391.0,4.2,39.1,1.0,1.1,12.0,12.9,,0.0,0.0,0.0,0.0,15.0,QB
,"Detroit , MI",9/5/1909,Michigan,,3 Seasons,68.0,"Newman, Harry",harrynewman/2522100,179.0,1933 - 1935,1933,New York Giants,14,136.0,53.0,39.0,9.7,973.0,7.2,69.5,11.0,8.1,17.0,12.5,,0.0,0.0,0.0,0.0,51.7,QB
,"Chicago , IL",8/28/1921,No College,,1 Season,72.0,"Aberson, Cliff",cliffaberson/2508159,195.0,1946 - 1946,1946,Green Bay Packers,10,41.0,14.0,34.1,4.1,184.0,4.5,18.4,0.0,0.0,5.0,12.2,,0.0,0.0,0.0,0.0,9.7,QB
,"De Ridder , LA",5/1/1905,Army,,5 Seasons,70.0,"Cagle, Chris",chriscagle/2510895,174.0,1930 - 1934,1934,Brooklyn Dodgers,10,60.0,14.0,23.3,6.0,224.0,3.7,22.4,3.0,5.0,7.0,11.7,,0.0,0.0,0.0,0.0,19.7,QB
,"De Ridder , LA",5/1/1905,Army,,5 Seasons,70.0,"Cagle, Chris",chriscagle/2510895,174.0,1930 - 1934,1933,Brooklyn Dodgers,10,74.0,31.0,41.9,7.4,457.0,6.2,45.7,2.0,2.7,10.0,13.5,,0.0,0.0,0.0,0.0,32.2,QB
77.0,"Richmond , VA",2/3/1940,Georgia,,18 Seasons,72.0,"Tarkenton, Fran",frantarkenton/2527019,190.0,1961 - 1978,1978,Minnesota Vikings,16,572.0,345.0,60.3,35.8,,6.1,216.8,25.0,4.4,32.0,5.6,,0.0,0.0,27.0,254.0,68.9,QB
77.0,"Richmond , VA",2/3/1940,Georgia,,18 Seasons,72.0,"Tarkenton, Fran",frantarkenton/2527019,190.0,1961 - 1978,1977,Minnesota Vikings,9,258.0,155.0,60.1,28.7,,6.7,192.7,9.0,3.5,14.0,5.4,,0.0,0.0,22.0,232.0,69.2,QB
77.0,"Richmond , VA",2/3/1940,Georgia,,18 Seasons,72.0,"Tarkenton, Fran",frantarkenton/2527019,190.0,1961 - 1978,1976,Minnesota Vikings,13,412.0,255.0,61.9,31.7,,7.2,227.8,17.0,4.1,8.0,1.9,,0.0,0.0,25.0,221.0,89.3,QB
77.0,"Richmond , VA",2/3/1940,Georgia,,18 Seasons,72.0,"Tarkenton, Fran",frantarkenton/2527019,190.0,1961 - 1978,1975,Minnesota Vikings,14,425.0,273.0,64.2,30.4,,7.0,213.9,25.0,5.9,13.0,3.1,46.0,0.0,0.0,27.0,245.0,91.8,QB
77.0,"Richmond , VA",2/3/1940,Georgia,,18 Seasons,72.0,"Tarkenton, Fran",frantarkenton/2527019,190.0,1961 - 1978,1974,Minnesota Vikings,13,351.0,199.0,56.7,27.0,,7.4,199.8,17.0,4.8,12.0,3.4,,0.0,0.0,17.0,142.0,82.1,QB
77.0,"Richmond , VA",2/3/1940,Georgia,,18 Seasons,72.0,"Tarkenton, Fran",frantarkenton/2527019,190.0,1961 - 1978,1973,Minnesota Vikings,14,274.0,169.0,61.7,19.6,,7.7,150.9,15.0,5.5,7.0,2.6,,0.0,0.0,31.0,270.0,93.2,QB
77.0,"Richmond , VA",2/3/1940,Georgia,,18 Seasons,72.0,"Tarkenton, Fran",frantarkenton/2527019,190.0,1961 - 1978,1972,Minnesota Vikings,14,378.0,215.0,56.9,27.0,,7.0,189.4,18.0,4.8,13.0,3.4,,0.0,0.0,26.0,203.0,80.2,QB
77.0,"Richmond , VA",2/3/1940,Georgia,,18 Seasons,72.0,"Tarkenton, Fran",frantarkenton/2527019,190.0,1961 - 1978,1971,New York Giants,13,386.0,226.0,58.5,29.7,,6.7,197.5,11.0,2.8,21.0,5.4,,0.0,0.0,27.0,232.0,65.4,QB
77.0,"Richmond , VA",2/3/1940,Georgia,,18 Seasons,72.0,"Tarkenton, Fran",frantarkenton/2527019,190.0,1961 - 1978,1970,New York Giants,14,389.0,219.0,56.3,27.8,,7.1,198.4,19.0,4.9,12.0,3.1,,0.0,0.0,36.0,249.0,82.2,QB
77.0,"Richmond , VA",2/3/1940,Georgia,,18 Seasons,72.0,"Tarkenton, Fran",frantarkenton/2527019,190.0,1961 - 1978,1969,New York Giants,14,409.0,220.0,53.8,29.2,,7.1,208.4,23.0,5.6,8.0,2.0,,0.0,0.0,36.0,289.0,87.2,QB
77.0,"Richmond , VA",2/3/1940,Georgia,,18 Seasons,72.0,"Tarkenton, Fran",frantarkenton/2527019,190.0,1961 - 1978,1968,New York Giants,14,337.0,182.0,54.0,24.1,,7.6,182.5,21.0,6.2,12.0,3.6,,0.0,0.0,27.0,255.0,84.6,QB
77.0,"Richmond , VA",2/3/1940,Georgia,,18 Seasons,72.0,"Tarkenton, Fran",frantarkenton/2527019,190.0,1961 - 1978,1967,New York Giants,14,377.0,204.0,54.1,26.9,,8.2,220.6,29.0,7.7,19.0,5.0,,0.0,0.0,29.0,283.0,85.9,QB
77.0,"Richmond , VA",2/3/1940,Georgia,,18 Seasons,72.0,"Tarkenton, Fran",frantarkenton/2527019,190.0,1961 - 1978,1966,Minnesota Vikings,14,358.0,192.0,53.6,25.6,,7.2,182.9,17.0,4.7,16.0,4.5,,0.0,0.0,37.0,322.0,73.8,QB
77.0,"Richmond , VA",2/3/1940,Georgia,,18 Seasons,72.0,"Tarkenton, Fran",frantarkenton/2527019,190.0,1961 - 1978,1965,Minnesota Vikings,14,329.0,171.0,52.0,23.5,,7.9,186.4,19.0,5.8,11.0,3.3,,0.0,0.0,28.0,250.0,83.8,QB
77.0,"Richmond , VA",2/3/1940,Georgia,,18 Seasons,72.0,"Tarkenton, Fran",frantarkenton/2527019,190.0,1961 - 1978,1964,Minnesota Vikings,14,306.0,171.0,55.9,21.9,,8.2,179.0,22.0,7.2,11.0,3.6,,0.0,0.0,46.0,446.0,91.8,QB
77.0,"Richmond , VA",2/3/1940,Georgia,,18 Seasons,72.0,"Tarkenton, Fran",frantarkenton/2527019,190.0,1961 - 1978,1963,Minnesota Vikings,14,297.0,170.0,57.2,21.2,,7.8,165.1,15.0,5.1,15.0,5.1,,0.0,0.0,42.0,448.0,78.0,QB
77.0,"Richmond , VA",2/3/1940,Georgia,,18 Seasons,72.0,"Tarkenton, Fran",frantarkenton/2527019,190.0,1961 - 1978,1962,Minnesota Vikings,14,329.0,163.0,49.5,23.5,,7.9,185.4,22.0,6.7,25.0,7.6,,0.0,0.0,0.0,450.0,66.9,QB
77.0,"Richmond , VA",2/3/1940,Georgia,,18 Seasons,72.0,"Tarkenton, Fran",frantarkenton/2527019,190.0,1961 - 1978,1961,Minnesota Vikings,14,280.0,157.0,56.1,20.0,,7.1,142.6,18.0,6.4,17.0,6.1,,0.0,0.0,0.0,416.0,74.7,QB
,"Philadelphia , PA",11/19/1903,No College,,2 Seasons,67.0,"Vaughan, Harp",harpvaughan/2527911,150.0,1933 - 1934,1934,Pittsburgh Pirates,11,42.0,19.0,45.2,3.8,262.0,6.2,23.8,2.0,4.8,5.0,11.9,,0.0,0.0,0.0,0.0,42.1,QB
,"Crucible , PA",10/8/1916,Indiana,,8 Seasons,71.0,"Filchock, Frank",frankfilchock/2514016,193.0,1938 - 1950,1946,New York Giants,11,169.0,87.0,51.5,15.4,,7.5,114.7,12.0,7.1,25.0,14.8,,0.0,0.0,0.0,0.0,60.2,QB
,"Crucible , PA",10/8/1916,Indiana,,8 Seasons,71.0,"Filchock, Frank",frankfilchock/2514016,193.0,1938 - 1950,1945,Washington Redskins,10,46.0,18.0,39.1,4.6,169.0,3.7,16.9,1.0,2.2,7.0,15.2,,0.0,0.0,0.0,0.0,17.7,QB
,"Crucible , PA",10/8/1916,Indiana,,8 Seasons,71.0,"Filchock, Frank",frankfilchock/2514016,193.0,1938 - 1950,1944,Washington Redskins,10,147.0,84.0,57.1,14.7,,7.7,113.9,13.0,8.8,9.0,6.1,,0.0,0.0,0.0,0.0,86.0,QB
,"Crucible , PA",10/8/1916,Indiana,,8 Seasons,71.0,"Filchock, Frank",frankfilchock/2514016,193.0,1938 - 1950,1941,Washington Redskins,11,68.0,28.0,41.2,6.2,327.0,4.8,29.7,1.0,1.5,11.0,16.2,,0.0,0.0,0.0,0.0,21.8,QB
,"Crucible , PA",10/8/1916,Indiana,,8 Seasons,71.0,"Filchock, Frank",frankfilchock/2514016,193.0,1938 - 1950,1940,Washington Redskins,10,54.0,28.0,51.9,5.4,460.0,8.5,46.0,6.0,11.1,9.0,16.7,,0.0,0.0,0.0,0.0,78.2,QB
,"Crucible , PA",10/8/1916,Indiana,,8 Seasons,71.0,"Filchock, Frank",frankfilchock/2514016,193.0,1938 - 1950,1939,Washington Redskins,11,89.0,55.0,61.8,8.1,,12.3,99.5,11.0,12.4,7.0,7.9,,0.0,0.0,0.0,0.0,111.6,QB
,"Crucible , PA",10/8/1916,Indiana,,8 Seasons,71.0,"Filchock, Frank",frankfilchock/2514016,193.0,1938 - 1950,1938,Washington Redskins,6,27.0,11.0,40.7,4.5,77.0,2.9,12.8,0.0,0.0,4.0,14.8,,0.0,0.0,0.0,0.0,9.0,QB
,"Crucible , PA",10/8/1916,Indiana,,8 Seasons,71.0,"Filchock, Frank",frankfilchock/2514016,193.0,1938 - 1950,1938,Pittsburgh Pirates,6,74.0,30.0,40.5,12.3,392.0,5.3,65.3,3.0,4.1,7.0,9.5,,0.0,0.0,0.0,0.0,32.0,QB
,"Old Gulf , TX",2/22/1924,Rice,,1 Season,74.0,"Eikenberg, Virgil",virgileikenberg/2513524,205.0,1948 - 1948,1948,Chicago Cardinals,9,19.0,6.0,31.6,2.1,116.0,6.1,12.9,3.0,15.8,2.0,10.5,,0.0,0.0,0.0,68.0,53.8,QB
75.0,"Fresno , CA",7/17/1941,Notre Dame,,12 Seasons,75.0,"Lamonica, Daryle",darylelamonica/2519016,215.0,1963 - 1974,1973,Oakland Raiders,8,93.0,42.0,45.2,11.6,614.0,6.6,76.8,2.0,2.2,8.0,8.6,,0.0,0.0,11.0,87.0,38.6,QB
75.0,"Fresno , CA",7/17/1941,Notre Dame,,12 Seasons,75.0,"Lamonica, Daryle",darylelamonica/2519016,215.0,1963 - 1974,1972,Oakland Raiders,14,281.0,149.0,53.0,20.1,,7.1,142.7,18.0,6.4,12.0,4.3,,0.0,0.0,14.0,136.0,79.5,QB
75.0,"Fresno , CA",7/17/1941,Notre Dame,,12 Seasons,75.0,"Lamonica, Daryle",darylelamonica/2519016,215.0,1963 - 1974,1971,Oakland Raiders,14,242.0,118.0,48.8,17.3,,7.1,122.6,16.0,6.6,16.0,6.6,,0.0,0.0,18.0,172.0,66.8,QB
75.0,"Fresno , CA",7/17/1941,Notre Dame,,12 Seasons,75.0,"Lamonica, Daryle",darylelamonica/2519016,215.0,1963 - 1974,1970,Oakland Raiders,14,356.0,179.0,50.3,25.4,,7.1,179.7,22.0,6.2,15.0,4.2,,0.0,0.0,15.0,127.0,76.5,QB
75.0,"Fresno , CA",7/17/1941,Notre Dame,,12 Seasons,75.0,"Lamonica, Daryle",darylelamonica/2519016,215.0,1963 - 1974,1969,Oakland Raiders,14,426.0,221.0,51.9,30.4,,7.8,235.9,34.0,8.0,25.0,5.9,,0.0,0.0,11.0,100.0,79.8,QB
75.0,"Fresno , CA",7/17/1941,Notre Dame,,12 Seasons,75.0,"Lamonica, Daryle",darylelamonica/2519016,215.0,1963 - 1974,1968,Oakland Raiders,13,416.0,206.0,49.5,32.0,,7.8,249.6,25.0,6.0,15.0,3.6,,0.0,0.0,27.0,224.0,80.9,QB
75.0,"Fresno , CA",7/17/1941,Notre Dame,,12 Seasons,75.0,"Lamonica, Daryle",darylelamonica/2519016,215.0,1963 - 1974,1967,Oakland Raiders,14,425.0,220.0,51.8,30.4,,7.6,230.6,30.0,7.1,20.0,4.7,,0.0,0.0,37.0,334.0,80.8,QB
75.0,"Fresno , CA",7/17/1941,Notre Dame,,12 Seasons,75.0,"Lamonica, Daryle",darylelamonica/2519016,215.0,1963 - 1974,1966,Buffalo Bills,14,84.0,33.0,39.3,6.0,549.0,6.5,39.2,4.0,4.8,5.0,6.0,,0.0,0.0,0.0,0.0,53.1,QB
75.0,"Fresno , CA",7/17/1941,Notre Dame,,12 Seasons,75.0,"Lamonica, Daryle",darylelamonica/2519016,215.0,1963 - 1974,1965,Buffalo Bills,14,70.0,29.0,41.4,5.0,376.0,5.4,26.9,3.0,4.3,6.0,8.6,,0.0,0.0,0.0,0.0,37.6,QB
75.0,"Fresno , CA",7/17/1941,Notre Dame,,12 Seasons,75.0,"Lamonica, Daryle",darylelamonica/2519016,215.0,1963 - 1974,1964,Buffalo Bills,14,128.0,55.0,43.0,9.1,,8.9,81.2,6.0,4.7,8.0,6.3,,0.0,0.0,0.0,0.0,64.5,QB
75.0,"Fresno , CA",7/17/1941,Notre Dame,,12 Seasons,75.0,"Lamonica, Daryle",darylelamonica/2519016,215.0,1963 - 1974,1963,Buffalo Bills,14,71.0,33.0,46.5,5.1,437.0,6.2,31.2,3.0,4.2,4.0,5.6,,0.0,0.0,0.0,0.0,57.1,QB
,"Minneapolis , MN",7/11/1939,Cincinnati,,10 Seasons,73.0,"Lee, Jacky",jackylee/2519277,189.0,1960 - 1969,1969,Kansas City Chiefs,3,20.0,12.0,60.0,6.7,109.0,5.5,36.3,1.0,5.0,1.0,5.0,,0.0,0.0,2.0,38.0,70.6,QB
,"Minneapolis , MN",7/11/1939,Cincinnati,,10 Seasons,73.0,"Lee, Jacky",jackylee/2519277,189.0,1960 - 1969,1968,Kansas City Chiefs,6,45.0,25.0,55.6,7.5,383.0,8.5,63.8,3.0,6.7,1.0,2.2,,0.0,0.0,4.0,34.0,96.8,QB
,"Minneapolis , MN",7/11/1939,Cincinnati,,10 Seasons,73.0,"Lee, Jacky",jackylee/2519277,189.0,1960 - 1969,1967,Kansas City Chiefs,5,19.0,6.0,31.6,3.8,105.0,5.5,21.0,1.0,5.3,2.0,10.5,,0.0,0.0,0.0,0.0,29.4,QB
,"Minneapolis , MN",7/11/1939,Cincinnati,,10 Seasons,73.0,"Lee, Jacky",jackylee/2519277,189.0,1960 - 1969,1967,Houston Oilers,4,72.0,36.0,50.0,18.0,309.0,4.3,77.2,2.0,2.8,4.0,5.6,,0.0,0.0,2.0,12.0,47.7,QB
,"Minneapolis , MN",7/11/1939,Cincinnati,,10 Seasons,73.0,"Lee, Jacky",jackylee/2519277,189.0,1960 - 1969,1965,Denver Broncos,4,80.0,44.0,55.0,20.0,692.0,8.7,173.0,5.0,6.3,3.0,3.8,,0.0,0.0,0.0,0.0,89.2,QB
,"Minneapolis , MN",7/11/1939,Cincinnati,,10 Seasons,73.0,"Lee, Jacky",jackylee/2519277,189.0,1960 - 1969,1964,Denver Broncos,14,265.0,133.0,50.2,18.9,,6.1,115.1,11.0,4.2,20.0,7.5,,0.0,0.0,0.0,0.0,51.6,QB
,"Minneapolis , MN",7/11/1939,Cincinnati,,10 Seasons,73.0,"Lee, Jacky",jackylee/2519277,189.0,1960 - 1969,1963,Houston Oilers,14,75.0,37.0,49.3,5.4,475.0,6.3,33.9,2.0,2.7,8.0,10.7,,0.0,0.0,0.0,0.0,38.9,QB
,"Minneapolis , MN",7/11/1939,Cincinnati,,10 Seasons,73.0,"Lee, Jacky",jackylee/2519277,189.0,1960 - 1969,1962,Houston Oilers,14,50.0,26.0,52.0,3.6,433.0,8.7,30.9,4.0,8.0,5.0,10.0,,0.0,0.0,0.0,0.0,68.6,QB
,"Minneapolis , MN",7/11/1939,Cincinnati,,10 Seasons,73.0,"Lee, Jacky",jackylee/2519277,189.0,1960 - 1969,1961,Houston Oilers,14,127.0,66.0,52.0,9.1,,9.5,86.1,12.0,9.4,6.0,4.7,,0.0,0.0,0.0,0.0,96.7,QB
,"Minneapolis , MN",7/11/1939,Cincinnati,,10 Seasons,73.0,"Lee, Jacky",jackylee/2519277,189.0,1960 - 1969,1960,Houston Oilers,14,77.0,41.0,53.2,5.5,842.0,10.9,60.1,5.0,6.5,6.0,7.8,,0.0,0.0,0.0,0.0,81.2,QB
38.0,"Mobile , AL",7/25/1978,Tennessee,,3 Seasons,74.0,"Martin, Tee",teemartin/2504246,225.0,2000 - 2003,2003,Oakland Raiders,2,16.0,6.0,37.5,8.0,69.0,4.3,34.5,0.0,0.0,1.0,6.3,17.0,0.0,0.0,1.0,5.0,25.3,QB
39.0,"East Orange , NJ",2/14/1978,East Carolina,,12 Seasons,73.0,"Garrard, David",davidgarrard/2505101,236.0,2002 - 2013,2010,Jacksonville Jaguars,14,366.0,236.0,64.5,26.1,,7.5,195.3,23.0,6.3,15.0,4.1,75.0,39.0,5.0,33.0,253.0,90.8,QB
39.0,"East Orange , NJ",2/14/1978,East Carolina,,12 Seasons,73.0,"Garrard, David",davidgarrard/2505101,236.0,2002 - 2013,2009,Jacksonville Jaguars,16,516.0,314.0,60.9,32.2,,7.0,224.8,15.0,2.9,10.0,1.9,63.0,44.0,6.0,42.0,236.0,83.5,QB
39.0,"East Orange , NJ",2/14/1978,East Carolina,,12 Seasons,73.0,"Garrard, David",davidgarrard/2505101,236.0,2002 - 2013,2008,Jacksonville Jaguars,16,535.0,335.0,62.6,33.4,,6.8,226.2,15.0,2.8,13.0,2.4,41.0,42.0,1.0,42.0,288.0,81.7,QB
39.0,"East Orange , NJ",2/14/1978,East Carolina,,12 Seasons,73.0,"Garrard, David",davidgarrard/2505101,236.0,2002 - 2013,2007,Jacksonville Jaguars,12,325.0,208.0,64.0,27.1,,7.7,209.1,18.0,5.5,3.0,0.9,,34.0,5.0,21.0,99.0,102.2,QB
39.0,"East Orange , NJ",2/14/1978,East Carolina,,12 Seasons,73.0,"Garrard, David",davidgarrard/2505101,236.0,2002 - 2013,2006,Jacksonville Jaguars,11,241.0,145.0,60.2,21.9,,7.2,157.7,10.0,4.1,9.0,3.7,49.0,24.0,2.0,20.0,119.0,80.5,QB
39.0,"East Orange , NJ",2/14/1978,East Carolina,,12 Seasons,73.0,"Garrard, David",davidgarrard/2505101,236.0,2002 - 2013,2005,Jacksonville Jaguars,7,168.0,98.0,58.3,24.0,,6.6,159.6,4.0,2.4,1.0,0.6,37.0,10.0,0.0,8.0,45.0,83.9,QB
39.0,"East Orange , NJ",2/14/1978,East Carolina,,12 Seasons,73.0,"Garrard, David",davidgarrard/2505101,236.0,2002 - 2013,2004,Jacksonville Jaguars,4,72.0,38.0,52.8,18.0,374.0,5.2,93.5,2.0,2.8,1.0,1.4,,2.0,0.0,6.0,35.0,71.2,QB
39.0,"East Orange , NJ",2/14/1978,East Carolina,,12 Seasons,73.0,"Garrard, David",davidgarrard/2505101,236.0,2002 - 2013,2002,Jacksonville Jaguars,4,46.0,23.0,50.0,11.5,231.0,5.0,57.8,1.0,2.2,2.0,4.3,22.0,2.0,0.0,7.0,40.0,53.8,QB
,"Philadelphia , PA",8/20/1927,Georgia,,3 Seasons,73.0,"Rauch, John",johnrauch/2523781,195.0,1949 - 1951,1951,New York Yanks,6,82.0,25.0,30.5,13.7,237.0,2.9,39.5,1.0,1.2,3.0,3.7,,0.0,0.0,0.0,54.0,28.8,QB
,"Philadelphia , PA",8/20/1927,Georgia,,3 Seasons,73.0,"Rauch, John",johnrauch/2523781,195.0,1949 - 1951,1950,New York Yanks,8,51.0,29.0,56.9,6.4,502.0,9.8,62.8,6.0,11.8,2.0,3.9,,0.0,0.0,0.0,71.0,113.4,QB
,"Philadelphia , PA",8/20/1927,Georgia,,3 Seasons,73.0,"Rauch, John",johnrauch/2523781,195.0,1949 - 1951,1949,New York Bulldogs,9,25.0,11.0,44.0,2.8,169.0,6.8,18.8,1.0,4.0,3.0,12.0,,0.0,0.0,0.0,54.0,40.7,QB
46.0,"Cherry Hill , NJ",10/10/1970,Boston College,,6 Seasons,74.0,"Foley, Glenn",glennfoley/2500666,220.0,1994 - 1999,1999,Seattle Seahawks,3,30.0,18.0,60.0,10.0,283.0,9.4,94.3,2.0,6.7,0.0,0.0,,7.0,1.0,6.0,34.0,113.6,QB
46.0,"Cherry Hill , NJ",10/10/1970,Boston College,,6 Seasons,74.0,"Foley, Glenn",glennfoley/2500666,220.0,1994 - 1999,1998,New York Jets,5,108.0,58.0,53.7,21.6,749.0,6.9,149.8,4.0,3.7,6.0,5.6,48.0,12.0,2.0,5.0,49.0,64.9,QB
46.0,"Cherry Hill , NJ",10/10/1970,Boston College,,6 Seasons,74.0,"Foley, Glenn",glennfoley/2500666,220.0,1994 - 1999,1997,New York Jets,6,97.0,56.0,57.7,16.2,705.0,7.3,117.5,3.0,3.1,1.0,1.0,,11.0,0.0,3.0,24.0,86.5,QB
46.0,"Cherry Hill , NJ",10/10/1970,Boston College,,6 Seasons,74.0,"Foley, Glenn",glennfoley/2500666,220.0,1994 - 1999,1996,New York Jets,5,110.0,54.0,49.1,22.0,559.0,5.1,111.8,3.0,2.7,7.0,6.4,,7.0,1.0,9.0,65.0,46.7,QB
46.0,"Cherry Hill , NJ",10/10/1970,Boston College,,6 Seasons,74.0,"Foley, Glenn",glennfoley/2500666,220.0,1994 - 1999,1995,New York Jets,1,29.0,16.0,55.2,29.0,128.0,4.4,128.0,0.0,0.0,1.0,3.4,32.0,1.0,0.0,4.0,21.0,52.1,QB
,Rainy River Canada,11/3/1908,Minnesota,,9 Seasons,74.0,"Nagurski, Bronko",bronkonagurski/2521937,226.0,1930 - 1943,1933,Chicago Bears,13,27.0,14.0,51.9,2.1,233.0,8.6,17.9,0.0,0.0,3.0,11.1,,0.0,0.0,0.0,0.0,41.7,QB
,Rainy River Canada,11/3/1908,Minnesota,,9 Seasons,74.0,"Nagurski, Bronko",bronkonagurski/2521937,226.0,1930 - 1943,1932,Chicago Bears,14,26.0,11.0,42.3,1.9,150.0,5.8,10.7,3.0,11.5,2.0,7.7,,0.0,0.0,0.0,0.0,67.8,QB
60.0,"Belleville , IL",12/21/1956,Notre Dame,,5 Seasons,75.0,"Lisch, Rusty",rustylisch/2519566,213.0,1980 - 1984,1984,Chicago Bears,7,85.0,43.0,50.6,12.1,413.0,4.9,59.0,0.0,0.0,6.0,7.1,23.0,0.0,0.0,13.0,91.0,35.1,QB
60.0,"Belleville , IL",12/21/1956,Notre Dame,,5 Seasons,75.0,"Lisch, Rusty",rustylisch/2519566,213.0,1980 - 1984,1980,St. Louis Cardinals,2,17.0,6.0,35.3,8.5,68.0,4.0,34.0,0.0,0.0,3.0,17.6,23.0,0.0,0.0,3.0,36.0,8.6,QB
,"Honolulu , HI",4/21/1936,Oregon State,,2 Seasons,73.0,"Francis, Joe",joefrancis/2514332,195.0,1958 - 1959,1959,Green Bay Packers,12,18.0,5.0,27.8,1.5,91.0,5.1,7.6,0.0,0.0,1.0,5.6,,0.0,0.0,0.0,7.0,25.0,QB
,"Honolulu , HI",4/21/1936,Oregon State,,2 Seasons,73.0,"Francis, Joe",joefrancis/2514332,195.0,1958 - 1959,1958,Green Bay Packers,12,31.0,15.0,48.4,2.6,175.0,5.6,14.6,2.0,6.5,2.0,6.5,,0.0,0.0,0.0,62.0,60.6,QB
,"Akron , OH",5/1/1910,West Virginia Wesleyan,,6 Seasons,73.0,"Battles, Cliff",cliffbattles/2509173,195.0,1932 - 1937,1937,Washington Redskins,10,33.0,13.0,39.4,3.3,142.0,4.3,14.2,0.0,0.0,3.0,9.1,,0.0,0.0,0.0,0.0,15.0,QB
,"Akron , OH",5/1/1910,West Virginia Wesleyan,,6 Seasons,73.0,"Battles, Cliff",cliffbattles/2509173,195.0,1932 - 1937,1936,Boston Redskins,11,52.0,18.0,34.6,4.7,242.0,4.7,22.0,1.0,1.9,6.0,11.5,,0.0,0.0,0.0,0.0,17.1,QB
,"Akron , OH",5/1/1910,West Virginia Wesleyan,,6 Seasons,73.0,"Battles, Cliff",cliffbattles/2509173,195.0,1932 - 1937,1935,Boston Redskins,7,22.0,5.0,22.7,3.1,92.0,4.2,13.1,0.0,0.0,1.0,4.5,,0.0,0.0,0.0,0.0,25.6,QB
,"Akron , OH",5/1/1910,West Virginia Wesleyan,,6 Seasons,73.0,"Battles, Cliff",cliffbattles/2509173,195.0,1932 - 1937,1933,Boston Redskins,12,21.0,5.0,23.8,1.8,65.0,3.1,5.4,0.0,0.0,3.0,14.3,,0.0,0.0,0.0,0.0,0.4,QB
,"Akron , OH",5/1/1910,West Virginia Wesleyan,,6 Seasons,73.0,"Battles, Cliff",cliffbattles/2509173,195.0,1932 - 1937,1932,Boston Braves,8,20.0,2.0,10.0,2.5,42.0,2.1,5.2,0.0,0.0,2.0,10.0,,0.0,0.0,0.0,0.0,0.0,QB
75.0,"Hermosa Beach , CA",3/7/1942,USC,,11 Seasons,73.0,"Beathard, Pete",petebeathard/2509249,200.0,1964 - 1975,1973,Kansas City Chiefs,9,64.0,31.0,48.4,7.1,389.0,6.1,43.2,2.0,3.1,1.0,1.6,,0.0,0.0,9.0,68.0,71.7,QB
75.0,"Hermosa Beach , CA",3/7/1942,USC,,11 Seasons,73.0,"Beathard, Pete",petebeathard/2509249,200.0,1964 - 1975,1972,Los Angeles Rams,14,48.0,19.0,39.6,3.4,255.0,5.3,18.2,1.0,2.1,7.0,14.6,,0.0,0.0,4.0,34.0,24.6,QB
75.0,"Hermosa Beach , CA",3/7/1942,USC,,11 Seasons,73.0,"Beathard, Pete",petebeathard/2509249,200.0,1964 - 1975,1971,St. Louis Cardinals,9,141.0,60.0,42.6,15.7,,7.3,114.4,6.0,4.3,12.0,8.5,,0.0,0.0,6.0,46.0,46.7,QB
75.0,"Hermosa Beach , CA",3/7/1942,USC,,11 Seasons,73.0,"Beathard, Pete",petebeathard/2509249,200.0,1964 - 1975,1970,St. Louis Cardinals,4,17.0,7.0,41.2,4.2,114.0,6.7,28.5,2.0,11.8,1.0,5.9,,0.0,0.0,0.0,0.0,79.0,QB
75.0,"Hermosa Beach , CA",3/7/1942,USC,,11 Seasons,73.0,"Beathard, Pete",petebeathard/2509249,200.0,1964 - 1975,1969,Houston Oilers,12,370.0,180.0,48.6,30.8,,6.6,204.6,10.0,2.7,21.0,5.7,,0.0,0.0,22.0,205.0,55.6,QB
75.0,"Hermosa Beach , CA",3/7/1942,USC,,11 Seasons,73.0,"Beathard, Pete",petebeathard/2509249,200.0,1964 - 1975,1968,Houston Oilers,9,223.0,105.0,47.1,24.8,,7.0,173.2,7.0,3.1,16.0,7.2,,0.0,0.0,14.0,150.0,51.0,QB
75.0,"Hermosa Beach , CA",3/7/1942,USC,,11 Seasons,73.0,"Beathard, Pete",petebeathard/2509249,200.0,1964 - 1975,1967,Houston Oilers,10,229.0,94.0,41.0,22.9,,4.9,111.4,9.0,3.9,14.0,6.1,,0.0,0.0,14.0,111.0,44.2,QB
75.0,"Hermosa Beach , CA",3/7/1942,USC,,11 Seasons,73.0,"Beathard, Pete",petebeathard/2509249,200.0,1964 - 1975,1966,Kansas City Chiefs,14,90.0,39.0,43.3,6.4,578.0,6.4,41.3,4.0,4.4,4.0,4.4,,0.0,0.0,0.0,0.0,61.3,QB
75.0,"Hermosa Beach , CA",3/7/1942,USC,,11 Seasons,73.0,"Beathard, Pete",petebeathard/2509249,200.0,1964 - 1975,1965,Kansas City Chiefs,14,89.0,36.0,40.4,6.4,632.0,7.1,45.1,1.0,1.1,6.0,6.7,,0.0,0.0,0.0,0.0,41.0,QB
,"St.Louis , MO",8/26/1917,Washington-St. Louis,,4 Seasons,74.0,"Schwenk, Bud",budschwenk/2525167,200.0,1942 - 1948,1942,Chicago Cardinals,11,295.0,126.0,42.7,26.8,,4.6,123.6,6.0,2.0,27.0,9.2,,0.0,0.0,0.0,0.0,25.5,QB
45.0,"Burlington , IA",6/22/1971,Northern Iowa,,12 Seasons,74.0,"Warner, Kurt",kurtwarner/2503540,214.0,1998 - 2009,2009,Arizona Cardinals,15,513.0,339.0,66.1,34.2,,7.3,250.2,26.0,5.1,14.0,2.7,45.0,42.0,3.0,24.0,172.0,93.2,QB
45.0,"Burlington , IA",6/22/1971,Northern Iowa,,12 Seasons,74.0,"Warner, Kurt",kurtwarner/2503540,214.0,1998 - 2009,2008,Arizona Cardinals,16,598.0,401.0,67.1,37.4,,7.7,286.4,30.0,5.0,14.0,2.3,,50.0,12.0,26.0,182.0,96.9,QB
45.0,"Burlington , IA",6/22/1971,Northern Iowa,,12 Seasons,74.0,"Warner, Kurt",kurtwarner/2503540,214.0,1998 - 2009,2007,Arizona Cardinals,14,451.0,281.0,62.3,32.2,,7.6,244.1,27.0,6.0,17.0,3.8,62.0,44.0,5.0,20.0,140.0,89.8,QB
45.0,"Burlington , IA",6/22/1971,Northern Iowa,,12 Seasons,74.0,"Warner, Kurt",kurtwarner/2503540,214.0,1998 - 2009,2006,Arizona Cardinals,6,168.0,108.0,64.3,28.0,,8.2,229.5,6.0,3.6,5.0,3.0,64.0,15.0,5.0,14.0,104.0,89.3,QB
45.0,"Burlington , IA",6/22/1971,Northern Iowa,,12 Seasons,74.0,"Warner, Kurt",kurtwarner/2503540,214.0,1998 - 2009,2005,Arizona Cardinals,10,375.0,242.0,64.5,37.5,,7.2,271.3,11.0,2.9,9.0,2.4,63.0,37.0,4.0,23.0,158.0,85.8,QB
45.0,"Burlington , IA",6/22/1971,Northern Iowa,,12 Seasons,74.0,"Warner, Kurt",kurtwarner/2503540,214.0,1998 - 2009,2004,New York Giants,10,277.0,174.0,62.8,27.7,,7.4,205.4,6.0,2.2,4.0,1.4,,24.0,6.0,39.0,196.0,86.5,QB
45.0,"Burlington , IA",6/22/1971,Northern Iowa,,12 Seasons,74.0,"Warner, Kurt",kurtwarner/2503540,214.0,1998 - 2009,2003,St. Louis Rams,2,65.0,38.0,58.5,32.5,365.0,5.6,182.5,1.0,1.5,1.0,1.5,,3.0,0.0,6.0,38.0,72.9,QB
45.0,"Burlington , IA",6/22/1971,Northern Iowa,,12 Seasons,74.0,"Warner, Kurt",kurtwarner/2503540,214.0,1998 - 2009,2002,St. Louis Rams,7,220.0,144.0,65.5,31.4,,6.5,204.4,3.0,1.4,11.0,5.0,43.0,15.0,1.0,21.0,130.0,67.4,QB
45.0,"Burlington , IA",6/22/1971,Northern Iowa,,12 Seasons,74.0,"Warner, Kurt",kurtwarner/2503540,214.0,1998 - 2009,2001,St. Louis Rams,16,546.0,375.0,68.7,34.1,,8.8,301.9,36.0,6.6,22.0,4.0,,81.0,11.0,38.0,233.0,101.4,QB
45.0,"Burlington , IA",6/22/1971,Northern Iowa,,12 Seasons,74.0,"Warner, Kurt",kurtwarner/2503540,214.0,1998 - 2009,2000,St. Louis Rams,11,347.0,235.0,67.7,31.5,,9.9,311.7,21.0,6.1,18.0,5.2,,49.0,14.0,20.0,115.0,98.3,QB
45.0,"Burlington , IA",6/22/1971,Northern Iowa,,12 Seasons,74.0,"Warner, Kurt",kurtwarner/2503540,214.0,1998 - 2009,1999,St. Louis Rams,16,499.0,325.0,65.1,31.2,,8.7,272.1,41.0,8.2,13.0,2.6,,60.0,16.0,29.0,201.0,109.2,QB
24.0,"Cleveland , OH",1/29/1993,Michigan State,Oakland Raiders,2nd season,76.0,"Cook, Connor",connorcook/2555332,217.0,,2016,Oakland Raiders,1,21.0,14.0,66.7,21.0,150.0,7.1,150.0,1.0,4.8,1.0,4.8,,1.0,0.0,2.0,7.0,83.4,QB
,"Tulare , CA",3/17/1942,Cal State-Northridge,,1 Season,76.0,"Choboian, Max",maxchoboian/2511448,215.0,1966 - 1966,1966,Denver Broncos,14,163.0,82.0,50.3,11.6,,6.8,79.3,4.0,2.5,12.0,7.4,,0.0,0.0,0.0,0.0,49.9,QB
64.0,"Des Moines , IA",11/12/1952,California,,12 Seasons,76.0,"Bartkowski, Steve",stevebartkowski/2509103,213.0,1975 - 1986,1986,Los Angeles Rams,6,126.0,61.0,48.4,21.0,654.0,5.2,109.0,2.0,1.6,3.0,2.4,42.0,0.0,0.0,11.0,84.0,59.4,QB
64.0,"Des Moines , IA",11/12/1952,California,,12 Seasons,76.0,"Bartkowski, Steve",stevebartkowski/2509103,213.0,1975 - 1986,1985,Atlanta Falcons,5,111.0,69.0,62.2,22.2,738.0,6.6,147.6,5.0,4.5,1.0,0.9,,0.0,0.0,18.0,158.0,92.8,QB
64.0,"Des Moines , IA",11/12/1952,California,,12 Seasons,76.0,"Bartkowski, Steve",stevebartkowski/2509103,213.0,1975 - 1986,1984,Atlanta Falcons,11,269.0,181.0,67.3,24.5,,8.0,196.2,11.0,4.1,10.0,3.7,61.0,0.0,0.0,40.0,300.0,89.7,QB
64.0,"Des Moines , IA",11/12/1952,California,,12 Seasons,76.0,"Bartkowski, Steve",stevebartkowski/2509103,213.0,1975 - 1986,1983,Atlanta Falcons,14,432.0,274.0,63.4,30.9,,7.3,226.2,22.0,5.1,5.0,1.2,,0.0,0.0,51.0,348.0,97.6,QB
64.0,"Des Moines , IA",11/12/1952,California,,12 Seasons,76.0,"Bartkowski, Steve",stevebartkowski/2509103,213.0,1975 - 1986,1982,Atlanta Falcons,9,262.0,166.0,63.4,29.1,,7.3,211.7,8.0,3.1,11.0,4.2,,0.0,0.0,20.0,177.0,77.9,QB
64.0,"Des Moines , IA",11/12/1952,California,,12 Seasons,76.0,"Bartkowski, Steve",stevebartkowski/2509103,213.0,1975 - 1986,1981,Atlanta Falcons,16,533.0,297.0,55.7,33.3,,7.2,239.3,30.0,5.6,23.0,4.3,,0.0,0.0,37.0,287.0,79.2,QB
64.0,"Des Moines , IA",11/12/1952,California,,12 Seasons,76.0,"Bartkowski, Steve",stevebartkowski/2509103,213.0,1975 - 1986,1980,Atlanta Falcons,16,463.0,257.0,55.5,28.9,,7.7,221.5,31.0,6.7,16.0,3.5,,0.0,0.0,35.0,324.0,88.2,QB
64.0,"Des Moines , IA",11/12/1952,California,,12 Seasons,76.0,"Bartkowski, Steve",stevebartkowski/2509103,213.0,1975 - 1986,1979,Atlanta Falcons,14,380.0,204.0,53.7,27.1,,6.6,178.9,17.0,4.5,20.0,5.3,57.0,0.0,0.0,39.0,286.0,67.3,QB
64.0,"Des Moines , IA",11/12/1952,California,,12 Seasons,76.0,"Bartkowski, Steve",stevebartkowski/2509103,213.0,1975 - 1986,1978,Atlanta Falcons,14,369.0,187.0,50.7,26.4,,6.7,177.8,10.0,2.7,18.0,4.9,71.0,0.0,0.0,39.0,349.0,61.1,QB
64.0,"Des Moines , IA",11/12/1952,California,,12 Seasons,76.0,"Bartkowski, Steve",stevebartkowski/2509103,213.0,1975 - 1986,1977,Atlanta Falcons,8,136.0,64.0,47.1,17.0,796.0,5.9,99.5,5.0,3.7,13.0,9.6,,0.0,0.0,29.0,296.0,38.4,QB
64.0,"Des Moines , IA",11/12/1952,California,,12 Seasons,76.0,"Bartkowski, Steve",stevebartkowski/2509103,213.0,1975 - 1986,1976,Atlanta Falcons,5,120.0,57.0,47.5,24.0,677.0,5.6,135.4,2.0,1.7,9.0,7.5,,0.0,0.0,18.0,150.0,39.5,QB
64.0,"Des Moines , IA",11/12/1952,California,,12 Seasons,76.0,"Bartkowski, Steve",stevebartkowski/2509103,213.0,1975 - 1986,1975,Atlanta Falcons,11,255.0,115.0,45.1,23.2,,6.5,151.1,13.0,5.1,15.0,5.9,68.0,0.0,0.0,19.0,197.0,59.3,QB
53.0,"Rochester , PA",10/25/1963,Iowa,,6 Seasons,75.0,"Vlasic, Mark",markvlasic/2503477,206.0,1987 - 1993,1991,Kansas City Chiefs,6,44.0,28.0,63.6,7.3,316.0,7.2,52.7,2.0,4.5,0.0,0.0,30.0,3.0,0.0,2.0,16.0,100.2,QB
53.0,"Rochester , PA",10/25/1963,Iowa,,6 Seasons,75.0,"Vlasic, Mark",markvlasic/2503477,206.0,1987 - 1993,1990,San Diego Chargers,6,40.0,19.0,47.5,6.7,168.0,4.2,28.0,1.0,2.5,2.0,5.0,27.0,0.0,0.0,0.0,0.0,46.7,QB
53.0,"Rochester , PA",10/25/1963,Iowa,,6 Seasons,75.0,"Vlasic, Mark",markvlasic/2503477,206.0,1987 - 1993,1988,San Diego Chargers,2,52.0,25.0,48.1,26.0,270.0,5.2,135.0,1.0,1.9,2.0,3.8,57.0,0.0,0.0,3.0,32.0,54.2,QB
80.0,"Fort Worth , TX",12/10/1936,Texas Christian,,3 Seasons,74.0,"Enis, Hunter",hunterenis/2513657,195.0,1960 - 1962,1962,Oakland Raiders,7,49.0,26.0,53.1,7.0,217.0,4.4,31.0,1.0,2.0,1.0,2.0,,0.0,0.0,0.0,0.0,63.1,QB
80.0,"Fort Worth , TX",12/10/1936,Texas Christian,,3 Seasons,74.0,"Enis, Hunter",hunterenis/2513657,195.0,1960 - 1962,1961,San Diego Chargers,13,55.0,23.0,41.8,4.2,365.0,6.6,28.1,2.0,3.6,3.0,5.5,,0.0,0.0,0.0,0.0,54.0,QB
80.0,"Fort Worth , TX",12/10/1936,Texas Christian,,3 Seasons,74.0,"Enis, Hunter",hunterenis/2513657,195.0,1960 - 1962,1960,Dallas Texans,14,54.0,30.0,55.6,3.9,357.0,6.6,25.5,1.0,1.9,2.0,3.7,,0.0,0.0,0.0,0.0,66.7,QB
,,11/14/1913,North Carolina,,1 Season,71.0,"Jackson, Don",donjackson/2517244,184.0,1936 - 1936,1936,Philadelphia Eagles,10,35.0,7.0,20.0,3.5,80.0,2.3,8.0,0.0,0.0,11.0,31.4,,0.0,0.0,0.0,0.0,0.0,QB
,"Louisville , KY",12/15/1924,Arizona,,7 Seasons,73.0,"Enke, Fred",fredenke/2513658,208.0,1948 - 1954,1954,Baltimore Colts,3,28.0,17.0,60.7,9.3,171.0,6.1,57.0,0.0,0.0,3.0,10.7,,0.0,0.0,0.0,32.0,38.5,QB
,"Louisville , KY",12/15/1924,Arizona,,7 Seasons,73.0,"Enke, Fred",fredenke/2513658,208.0,1948 - 1954,1953,Baltimore Colts,8,169.0,71.0,42.0,21.1,,6.2,131.8,8.0,4.7,15.0,8.9,,0.0,0.0,0.0,144.0,41.9,QB
,"Louisville , KY",12/15/1924,Arizona,,7 Seasons,73.0,"Enke, Fred",fredenke/2513658,208.0,1948 - 1954,1952,Philadelphia Eagles,9,67.0,22.0,32.8,7.4,377.0,5.6,41.9,1.0,1.5,5.0,7.5,,0.0,0.0,0.0,27.0,26.8,QB
,"Louisville , KY",12/15/1924,Arizona,,7 Seasons,73.0,"Enke, Fred",fredenke/2513658,208.0,1948 - 1954,1950,Detroit Lions,12,53.0,22.0,41.5,4.4,424.0,8.0,35.3,5.0,9.4,7.0,13.2,,0.0,0.0,0.0,14.0,61.9,QB
,"Louisville , KY",12/15/1924,Arizona,,7 Seasons,73.0,"Enke, Fred",fredenke/2513658,208.0,1948 - 1954,1949,Detroit Lions,12,142.0,63.0,44.4,11.8,793.0,5.6,66.1,6.0,4.2,5.0,3.5,,0.0,0.0,0.0,145.0,61.7,QB
,"Louisville , KY",12/15/1924,Arizona,,7 Seasons,73.0,"Enke, Fred",fredenke/2513658,208.0,1948 - 1954,1948,Detroit Lions,12,221.0,100.0,45.2,18.4,,6.0,110.7,11.0,5.0,17.0,7.7,,0.0,0.0,0.0,139.0,49.4,QB
73.0,"Racine , WI",5/26/1944,Iowa State,,4 Seasons,74.0,"Van Galder, Tim",timvangalder/2527866,200.0,1967 - 1973,1972,St. Louis Cardinals,5,79.0,40.0,50.6,15.8,434.0,5.5,86.8,1.0,1.3,7.0,8.9,,0.0,0.0,10.0,76.0,34.5,QB
,"Tonganoxie , KS",2/20/1918,San Jose State,,9 Seasons,74.0,"Zimmerman, Roy",royzimmerman/2529665,201.0,1940 - 1948,1948,Boston Yanks,9,107.0,46.0,43.0,11.9,649.0,6.1,72.1,7.0,6.5,13.0,12.1,,0.0,0.0,0.0,129.0,45.4,QB
,"Tonganoxie , KS",2/20/1918,San Jose State,,9 Seasons,74.0,"Zimmerman, Roy",royzimmerman/2529665,201.0,1940 - 1948,1947,Detroit Lions,12,138.0,57.0,41.3,11.5,867.0,6.3,72.2,7.0,5.1,9.0,6.5,,0.0,0.0,0.0,102.0,52.4,QB
,"Tonganoxie , KS",2/20/1918,San Jose State,,9 Seasons,74.0,"Zimmerman, Roy",royzimmerman/2529665,201.0,1940 - 1948,1946,Philadelphia Eagles,11,79.0,41.0,51.9,7.2,597.0,7.6,54.3,4.0,5.1,8.0,10.1,,0.0,0.0,0.0,0.0,54.1,QB
,"Tonganoxie , KS",2/20/1918,San Jose State,,9 Seasons,74.0,"Zimmerman, Roy",royzimmerman/2529665,201.0,1940 - 1948,1945,Philadelphia Eagles,10,127.0,67.0,52.8,12.7,991.0,7.8,99.1,9.0,7.1,8.0,6.3,,0.0,0.0,0.0,0.0,75.9,QB
,"Tonganoxie , KS",2/20/1918,San Jose State,,9 Seasons,74.0,"Zimmerman, Roy",royzimmerman/2529665,201.0,1940 - 1948,1944,Philadelphia Eagles,10,105.0,39.0,37.1,10.5,785.0,7.5,78.5,8.0,7.6,10.0,9.5,,0.0,0.0,0.0,0.0,50.0,QB
,"Tonganoxie , KS",2/20/1918,San Jose State,,9 Seasons,74.0,"Zimmerman, Roy",royzimmerman/2529665,201.0,1940 - 1948,1943,Phil-Pitt Combine,10,124.0,43.0,34.7,12.4,846.0,6.8,84.6,9.0,7.3,17.0,13.7,,0.0,0.0,0.0,0.0,44.0,QB
57.0,"Pittsburgh , PA",2/14/1960,Miami (Fla.),,11 Seasons,75.0,"Kelly, Jim",jimkelly/2501579,226.0,1986 - 1996,1996,Buffalo Bills,13,379.0,222.0,58.6,29.2,,7.4,216.2,14.0,3.7,19.0,5.0,,37.0,7.0,37.0,287.0,73.2,QB
57.0,"Pittsburgh , PA",2/14/1960,Miami (Fla.),,11 Seasons,75.0,"Kelly, Jim",jimkelly/2501579,226.0,1986 - 1996,1995,Buffalo Bills,15,458.0,255.0,55.7,30.5,,6.8,208.7,22.0,4.8,13.0,2.8,,39.0,11.0,26.0,181.0,81.1,QB
57.0,"Pittsburgh , PA",2/14/1960,Miami (Fla.),,11 Seasons,75.0,"Kelly, Jim",jimkelly/2501579,226.0,1986 - 1996,1994,Buffalo Bills,14,448.0,285.0,63.6,32.0,,7.0,222.4,22.0,4.9,17.0,3.8,,27.0,3.0,34.0,244.0,84.6,QB
57.0,"Pittsburgh , PA",2/14/1960,Miami (Fla.),,11 Seasons,75.0,"Kelly, Jim",jimkelly/2501579,226.0,1986 - 1996,1993,Buffalo Bills,16,470.0,288.0,61.3,29.4,,7.2,211.4,18.0,3.8,18.0,3.8,,47.0,8.0,25.0,171.0,79.9,QB
57.0,"Pittsburgh , PA",2/14/1960,Miami (Fla.),,11 Seasons,75.0,"Kelly, Jim",jimkelly/2501579,226.0,1986 - 1996,1992,Buffalo Bills,16,462.0,269.0,58.2,28.9,,7.5,216.1,23.0,5.0,19.0,4.1,,40.0,9.0,20.0,145.0,81.2,QB
57.0,"Pittsburgh , PA",2/14/1960,Miami (Fla.),,11 Seasons,75.0,"Kelly, Jim",jimkelly/2501579,226.0,1986 - 1996,1991,Buffalo Bills,15,474.0,304.0,64.1,31.6,,8.1,256.3,33.0,7.0,17.0,3.6,,45.0,10.0,31.0,227.0,97.6,QB
57.0,"Pittsburgh , PA",2/14/1960,Miami (Fla.),,11 Seasons,75.0,"Kelly, Jim",jimkelly/2501579,226.0,1986 - 1996,1990,Buffalo Bills,14,346.0,219.0,63.3,24.7,,8.2,202.1,24.0,6.9,9.0,2.6,71.0,0.0,0.0,20.0,158.0,101.2,QB
57.0,"Pittsburgh , PA",2/14/1960,Miami (Fla.),,11 Seasons,75.0,"Kelly, Jim",jimkelly/2501579,226.0,1986 - 1996,1989,Buffalo Bills,13,391.0,228.0,58.3,30.1,,8.0,240.8,25.0,6.4,18.0,4.6,,0.0,0.0,30.0,216.0,86.2,QB
57.0,"Pittsburgh , PA",2/14/1960,Miami (Fla.),,11 Seasons,75.0,"Kelly, Jim",jimkelly/2501579,226.0,1986 - 1996,1988,Buffalo Bills,16,452.0,269.0,59.5,28.2,,7.5,211.2,15.0,3.3,17.0,3.8,,0.0,0.0,30.0,229.0,78.2,QB
57.0,"Pittsburgh , PA",2/14/1960,Miami (Fla.),,11 Seasons,75.0,"Kelly, Jim",jimkelly/2501579,226.0,1986 - 1996,1987,Buffalo Bills,12,419.0,250.0,59.7,34.9,,6.7,233.2,19.0,4.5,11.0,2.6,47.0,0.0,0.0,27.0,239.0,83.8,QB
57.0,"Pittsburgh , PA",2/14/1960,Miami (Fla.),,11 Seasons,75.0,"Kelly, Jim",jimkelly/2501579,226.0,1986 - 1996,1986,Buffalo Bills,16,480.0,285.0,59.4,30.0,,7.5,224.6,22.0,4.6,17.0,3.5,,0.0,0.0,43.0,330.0,83.3,QB
37.0,"Schaumburg , IL",1/23/1980,Illinois,,3 Seasons,74.0,"Kittner, Kurt",kurtkittner/2505140,211.0,2002 - 2005,2003,Atlanta Falcons,7,114.0,44.0,38.6,16.3,391.0,3.4,55.9,2.0,1.8,6.0,5.3,31.0,2.0,0.0,5.0,30.0,32.5,QB
42.0,"Pittsburgh , PA",12/5/1974,Eastern Michigan,,15 Seasons,74.0,"Batch, Charlie",charliebatch/2499567,216.0,1998 - 2012,2012,Pittsburgh Steelers,2,70.0,45.0,64.3,35.0,475.0,6.8,237.5,1.0,1.4,4.0,5.7,43.0,5.0,1.0,3.0,12.0,64.9,QB
42.0,"Pittsburgh , PA",12/5/1974,Eastern Michigan,,15 Seasons,74.0,"Batch, Charlie",charliebatch/2499567,216.0,1998 - 2012,2011,Pittsburgh Steelers,4,24.0,15.0,62.5,6.0,208.0,8.7,52.0,0.0,0.0,1.0,4.2,46.0,3.0,1.0,2.0,10.0,72.9,QB
42.0,"Pittsburgh , PA",12/5/1974,Eastern Michigan,,15 Seasons,74.0,"Batch, Charlie",charliebatch/2499567,216.0,1998 - 2012,2010,Pittsburgh Steelers,3,49.0,29.0,59.2,16.3,352.0,7.2,117.3,3.0,6.1,3.0,6.1,,5.0,2.0,4.0,21.0,76.2,QB
42.0,"Pittsburgh , PA",12/5/1974,Eastern Michigan,,15 Seasons,74.0,"Batch, Charlie",charliebatch/2499567,216.0,1998 - 2012,2007,Pittsburgh Steelers,7,36.0,17.0,47.2,5.1,232.0,6.4,33.1,2.0,5.6,3.0,8.3,,3.0,1.0,0.0,0.0,52.1,QB
42.0,"Pittsburgh , PA",12/5/1974,Eastern Michigan,,15 Seasons,74.0,"Batch, Charlie",charliebatch/2499567,216.0,1998 - 2012,2006,Pittsburgh Steelers,8,53.0,31.0,58.5,6.6,492.0,9.3,61.5,5.0,9.4,0.0,0.0,,6.0,3.0,3.0,13.0,121.0,QB
42.0,"Pittsburgh , PA",12/5/1974,Eastern Michigan,,15 Seasons,74.0,"Batch, Charlie",charliebatch/2499567,216.0,1998 - 2012,2005,Pittsburgh Steelers,4,36.0,23.0,63.9,9.0,246.0,6.8,61.5,1.0,2.8,1.0,2.8,43.0,2.0,1.0,1.0,6.0,81.5,QB
42.0,"Pittsburgh , PA",12/5/1974,Eastern Michigan,,15 Seasons,74.0,"Batch, Charlie",charliebatch/2499567,216.0,1998 - 2012,2001,Detroit Lions,10,341.0,198.0,58.1,34.1,,7.0,239.2,12.0,3.5,12.0,3.5,76.0,37.0,5.0,33.0,176.0,76.8,QB
42.0,"Pittsburgh , PA",12/5/1974,Eastern Michigan,,15 Seasons,74.0,"Batch, Charlie",charliebatch/2499567,216.0,1998 - 2012,2000,Detroit Lions,15,412.0,221.0,53.6,27.5,,6.0,165.9,13.0,3.2,15.0,3.6,59.0,32.0,3.0,41.0,242.0,67.3,QB
42.0,"Pittsburgh , PA",12/5/1974,Eastern Michigan,,15 Seasons,74.0,"Batch, Charlie",charliebatch/2499567,216.0,1998 - 2012,1999,Detroit Lions,11,270.0,151.0,55.9,24.5,,7.2,177.9,13.0,4.8,7.0,2.6,,28.0,8.0,36.0,186.0,84.1,QB
42.0,"Pittsburgh , PA",12/5/1974,Eastern Michigan,,15 Seasons,74.0,"Batch, Charlie",charliebatch/2499567,216.0,1998 - 2012,1998,Detroit Lions,12,303.0,173.0,57.1,25.2,,7.2,181.5,11.0,3.6,6.0,2.0,,31.0,5.0,37.0,222.0,83.5,QB
79.0,"Barberton , OH",9/20/1937,Notre Dame,,7 Seasons,76.0,"Izo, George",georgeizo/2517218,218.0,1960 - 1966,1966,Pittsburgh Steelers,4,81.0,35.0,43.2,20.2,360.0,4.4,90.0,2.0,2.5,8.0,9.9,,0.0,0.0,4.0,26.0,25.3,QB
79.0,"Barberton , OH",9/20/1937,Notre Dame,,7 Seasons,76.0,"Izo, George",georgeizo/2517218,218.0,1960 - 1966,1965,Detroit Lions,6,59.0,24.0,40.7,9.8,357.0,6.1,59.5,2.0,3.4,6.0,10.2,,0.0,0.0,3.0,29.0,32.9,QB
79.0,"Barberton , OH",9/20/1937,Notre Dame,,7 Seasons,76.0,"Izo, George",georgeizo/2517218,218.0,1960 - 1966,1964,Washington Redskins,3,18.0,5.0,27.8,6.0,83.0,4.6,27.7,1.0,5.6,2.0,11.1,,0.0,0.0,4.0,33.0,25.2,QB
79.0,"Barberton , OH",9/20/1937,Notre Dame,,7 Seasons,76.0,"Izo, George",georgeizo/2517218,218.0,1960 - 1966,1963,Washington Redskins,5,58.0,25.0,43.1,11.6,378.0,6.5,75.6,3.0,5.2,6.0,10.3,,0.0,0.0,6.0,54.0,42.8,QB
79.0,"Barberton , OH",9/20/1937,Notre Dame,,7 Seasons,76.0,"Izo, George",georgeizo/2517218,218.0,1960 - 1966,1962,Washington Redskins,1,37.0,17.0,45.9,37.0,284.0,7.7,284.0,3.0,8.1,4.0,10.8,,0.0,0.0,0.0,53.0,59.8,QB
79.0,"Barberton , OH",9/20/1937,Notre Dame,,7 Seasons,76.0,"Izo, George",georgeizo/2517218,218.0,1960 - 1966,1961,Washington Redskins,5,40.0,16.0,40.0,8.0,214.0,5.4,42.8,1.0,2.5,6.0,15.0,,0.0,0.0,0.0,20.0,26.5,QB
79.0,"Barberton , OH",9/20/1937,Notre Dame,,7 Seasons,76.0,"Izo, George",georgeizo/2517218,218.0,1960 - 1966,1960,St. Louis Cardinals,2,24.0,10.0,41.7,12.0,115.0,4.8,57.5,0.0,0.0,0.0,0.0,,0.0,0.0,0.0,0.0,56.8,QB
,"Cleverly , MD",7/30/1956,Delaware,,5 Seasons,74.0,"Komlo, Jeff",jeffkomlo/2518712,200.0,1979 - 1983,1981,Detroit Lions,3,57.0,29.0,50.9,19.0,290.0,5.1,96.7,1.0,1.8,3.0,5.3,46.0,0.0,0.0,5.0,45.0,49.6,QB
,"Cleverly , MD",7/30/1956,Delaware,,5 Seasons,74.0,"Komlo, Jeff",jeffkomlo/2518712,200.0,1979 - 1983,1979,Detroit Lions,16,368.0,183.0,49.7,23.0,,6.1,139.9,11.0,3.0,23.0,6.3,40.0,0.0,0.0,40.0,361.0,52.8,QB
46.0,"Tullahoma , TN",10/13/1970,Memphis,,5 Seasons,75.0,"Matthews, Steve",stevematthews/2501914,228.0,1994 - 1998,1997,Jacksonville Jaguars,2,40.0,26.0,65.0,20.0,275.0,6.9,137.5,0.0,0.0,0.0,0.0,43.0,5.0,2.0,1.0,0.0,84.9,QB
56.0,"Douglas , AZ",9/13/1960,Arizona State,,12 Seasons,74.0,"Pagel, Mike",mikepagel/2522660,201.0,1982 - 1993,1992,Los Angeles Rams,16,20.0,8.0,40.0,1.2,99.0,5.0,6.2,1.0,5.0,2.0,10.0,22.0,2.0,0.0,0.0,0.0,33.1,QB
56.0,"Douglas , AZ",9/13/1960,Arizona State,,12 Seasons,74.0,"Pagel, Mike",mikepagel/2522660,201.0,1982 - 1993,1991,Los Angeles Rams,16,27.0,11.0,40.7,1.7,150.0,5.6,9.4,2.0,7.4,0.0,0.0,30.0,3.0,0.0,0.0,0.0,83.9,QB
56.0,"Douglas , AZ",9/13/1960,Arizona State,,12 Seasons,74.0,"Pagel, Mike",mikepagel/2522660,201.0,1982 - 1993,1990,Cleveland Browns,16,148.0,69.0,46.6,9.2,819.0,5.5,51.2,3.0,2.0,8.0,5.4,32.0,0.0,0.0,5.0,40.0,48.2,QB
56.0,"Douglas , AZ",9/13/1960,Arizona State,,12 Seasons,74.0,"Pagel, Mike",mikepagel/2522660,201.0,1982 - 1993,1988,Cleveland Browns,5,134.0,71.0,53.0,26.8,736.0,5.5,147.2,3.0,2.2,4.0,3.0,28.0,0.0,0.0,1.0,9.0,64.1,QB
56.0,"Douglas , AZ",9/13/1960,Arizona State,,12 Seasons,74.0,"Pagel, Mike",mikepagel/2522660,201.0,1982 - 1993,1985,Indianapolis Colts,16,393.0,199.0,50.6,24.6,,6.1,150.9,14.0,3.6,15.0,3.8,,0.0,0.0,25.0,180.0,65.8,QB
56.0,"Douglas , AZ",9/13/1960,Arizona State,,12 Seasons,74.0,"Pagel, Mike",mikepagel/2522660,201.0,1982 - 1993,1984,Indianapolis Colts,11,212.0,114.0,53.8,19.3,,6.7,129.6,8.0,3.8,8.0,3.8,,0.0,0.0,28.0,201.0,71.8,QB
56.0,"Douglas , AZ",9/13/1960,Arizona State,,12 Seasons,74.0,"Pagel, Mike",mikepagel/2522660,201.0,1982 - 1993,1983,Baltimore Colts,15,328.0,163.0,49.7,21.9,,7.2,156.9,12.0,3.7,17.0,5.2,,0.0,0.0,40.0,278.0,64.0,QB
56.0,"Douglas , AZ",9/13/1960,Arizona State,,12 Seasons,74.0,"Pagel, Mike",mikepagel/2522660,201.0,1982 - 1993,1982,Baltimore Colts,9,221.0,111.0,50.2,24.6,,5.8,142.3,5.0,2.3,7.0,3.2,,0.0,0.0,16.0,129.0,62.4,QB
,"Columbus , IN",11/29/1961,Notre Dame,,7 Seasons,72.0,"Kiel, Blair",blairkiel/2501608,200.0,1984 - 1991,1991,Green Bay Packers,4,50.0,29.0,58.0,12.5,361.0,7.2,90.2,3.0,6.0,2.0,4.0,35.0,7.0,0.0,2.0,13.0,83.8,QB
,"Columbus , IN",11/29/1961,Notre Dame,,7 Seasons,72.0,"Kiel, Blair",blairkiel/2501608,200.0,1984 - 1991,1990,Green Bay Packers,3,85.0,51.0,60.0,28.3,504.0,5.9,168.0,2.0,2.4,2.0,2.4,22.0,0.0,0.0,8.0,62.0,74.8,QB
,"Columbus , IN",11/29/1961,Notre Dame,,7 Seasons,72.0,"Kiel, Blair",blairkiel/2501608,200.0,1984 - 1991,1987,Indianapolis Colts,4,33.0,17.0,51.5,8.2,195.0,5.9,48.8,1.0,3.0,3.0,9.1,21.0,0.0,0.0,0.0,0.0,41.9,QB
,"Columbus , IN",11/29/1961,Notre Dame,,7 Seasons,72.0,"Kiel, Blair",blairkiel/2501608,200.0,1984 - 1991,1986,Indianapolis Colts,3,25.0,11.0,44.0,8.3,236.0,9.4,78.7,2.0,8.0,0.0,0.0,50.0,0.0,0.0,5.0,42.0,104.8,QB
53.0,"Naperville , IL",12/29/1963,Eastern Illinois,,1 Season,71.0,"Payton, Sean",seanpayton/2522906,200.0,1987 - 1987,1987,Chicago Bears,3,23.0,8.0,34.8,7.7,79.0,3.4,26.3,0.0,0.0,1.0,4.3,20.0,0.0,0.0,7.0,47.0,27.3,QB
50.0,"Norwalk , CT",9/25/1966,Syracuse,,9 Seasons,76.0,"Philcox, Todd",toddphilcox/2502469,218.0,1990 - 1998,1997,San Diego Chargers,2,28.0,16.0,57.1,14.0,173.0,6.2,86.5,0.0,0.0,1.0,3.6,29.0,2.0,0.0,8.0,44.0,60.6,QB
50.0,"Norwalk , CT",9/25/1966,Syracuse,,9 Seasons,76.0,"Philcox, Todd",toddphilcox/2502469,218.0,1990 - 1998,1993,Cleveland Browns,5,108.0,52.0,48.1,21.6,699.0,6.5,139.8,4.0,3.7,7.0,6.5,56.0,10.0,2.0,7.0,60.0,54.5,QB
50.0,"Norwalk , CT",9/25/1966,Syracuse,,9 Seasons,76.0,"Philcox, Todd",toddphilcox/2502469,218.0,1990 - 1998,1992,Cleveland Browns,2,27.0,13.0,48.1,13.5,217.0,8.0,108.5,3.0,11.1,1.0,3.7,,3.0,2.0,1.0,6.0,97.3,QB
,"Sayre , OK",7/11/1918,Southern Methodist,,5 Seasons,71.0,"Mallouf, Ray",raymallouf/2520031,180.0,1941 - 1949,1949,New York Giants,11,16.0,3.0,18.8,1.5,19.0,1.2,1.7,0.0,0.0,2.0,12.5,,0.0,0.0,0.0,10.0,0.0,QB
,"Sayre , OK",7/11/1918,Southern Methodist,,5 Seasons,71.0,"Mallouf, Ray",raymallouf/2520031,180.0,1941 - 1949,1948,Chicago Cardinals,12,143.0,73.0,51.0,11.9,,8.1,96.7,13.0,9.1,6.0,4.2,,0.0,0.0,0.0,67.0,91.2,QB
,"Sayre , OK",7/11/1918,Southern Methodist,,5 Seasons,71.0,"Mallouf, Ray",raymallouf/2520031,180.0,1941 - 1949,1947,Chicago Cardinals,11,36.0,21.0,58.3,3.3,340.0,9.4,30.9,1.0,2.8,2.0,5.6,,0.0,0.0,0.0,11.0,76.2,QB
,"Sayre , OK",7/11/1918,Southern Methodist,,5 Seasons,71.0,"Mallouf, Ray",raymallouf/2520031,180.0,1941 - 1949,1946,Chicago Cardinals,5,34.0,14.0,41.2,6.8,260.0,7.6,52.0,4.0,11.8,2.0,5.9,,0.0,0.0,0.0,0.0,83.0,QB
,"Sayre , OK",7/11/1918,Southern Methodist,,5 Seasons,71.0,"Mallouf, Ray",raymallouf/2520031,180.0,1941 - 1949,1941,Chicago Cardinals,9,96.0,48.0,50.0,10.7,725.0,7.6,80.6,2.0,2.1,4.0,4.2,,0.0,0.0,0.0,0.0,64.8,QB
30.0,"Marietta , GA",5/28/1987,North Carolina,Buffalo Bills,6th season,76.0,"Yates, T.J.",t.j.yates/2508123,217.0,,2015,Houston Texans,4,57.0,28.0,49.1,14.2,370.0,6.5,92.5,3.0,5.3,1.0,1.8,,5.0,1.0,5.0,33.0,80.3,QB
30.0,"Marietta , GA",5/28/1987,North Carolina,Buffalo Bills,6th season,76.0,"Yates, T.J.",t.j.yates/2508123,217.0,,2013,Houston Texans,3,22.0,15.0,68.2,7.3,113.0,5.1,37.7,0.0,0.0,2.0,9.1,20.0,1.0,0.0,2.0,7.0,42.4,QB
30.0,"Marietta , GA",5/28/1987,North Carolina,Buffalo Bills,6th season,76.0,"Yates, T.J.",t.j.yates/2508123,217.0,,2011,Houston Texans,6,134.0,82.0,61.2,22.3,949.0,7.1,158.2,3.0,2.2,3.0,2.2,50.0,12.0,1.0,15.0,74.0,80.7,QB
,"Butler , PA",4/6/1909,Notre Dame,,1 Season,71.0,"Koken, Mike",mikekoken/2518696,180.0,1933 - 1933,1933,Chicago Cardinals,9,26.0,9.0,34.6,2.9,74.0,2.8,8.2,1.0,3.8,2.0,7.7,,0.0,0.0,0.0,0.0,24.2,QB
,"Marinette , WI",1/25/1927,Wisconsin,,10 Seasons,71.0,"Girard, Jug",juggirard/2514917,176.0,1948 - 1957,1949,Green Bay Packers,12,175.0,62.0,35.4,14.6,881.0,5.0,73.4,4.0,2.3,12.0,6.9,,0.0,0.0,0.0,193.0,31.6,QB
,", WA",7/29/1906,Washington State,,3 Seasons,72.0,"Schwartz, Elmer",elmerschwartz/2525154,212.0,1931 - 1933,1933,Pittsburgh Pirates,10,22.0,5.0,22.7,2.2,103.0,4.7,10.3,0.0,0.0,3.0,13.6,,0.0,0.0,0.0,0.0,7.0,QB
58.0,"Miami , FL",12/22/1958,California,,4 Seasons,76.0,"Campbell, Rich",richcampbell/2510991,224.0,1981 - 1984,1984,Green Bay Packers,3,38.0,16.0,42.1,12.7,218.0,5.7,72.7,3.0,7.9,5.0,13.2,,0.0,0.0,5.0,46.0,47.8,QB
58.0,"Miami , FL",12/22/1958,California,,4 Seasons,76.0,"Campbell, Rich",richcampbell/2510991,224.0,1981 - 1984,1981,Green Bay Packers,2,30.0,15.0,50.0,15.0,168.0,5.6,84.0,0.0,0.0,4.0,13.3,27.0,0.0,0.0,2.0,11.0,27.5,QB
60.0,"Youngstown , OH",10/27/1956,Pittsburgh,,14 Seasons,74.0,"Cavanaugh, Matt",mattcavanaugh/2500034,212.0,1978 - 1991,1988,Philadelphia Eagles,5,16.0,7.0,43.8,3.2,101.0,6.3,20.2,1.0,6.3,1.0,6.3,42.0,0.0,0.0,0.0,0.0,59.6,QB
60.0,"Youngstown , OH",10/27/1956,Pittsburgh,,14 Seasons,74.0,"Cavanaugh, Matt",mattcavanaugh/2500034,212.0,1978 - 1991,1986,Philadelphia Eagles,10,58.0,28.0,48.3,5.8,397.0,6.8,39.7,2.0,3.4,4.0,6.9,49.0,0.0,0.0,9.0,56.0,53.6,QB
60.0,"Youngstown , OH",10/27/1956,Pittsburgh,,14 Seasons,74.0,"Cavanaugh, Matt",mattcavanaugh/2500034,212.0,1978 - 1991,1985,San Francisco 49ers,16,54.0,28.0,51.9,3.4,334.0,6.2,20.9,1.0,1.9,1.0,1.9,41.0,0.0,0.0,7.0,53.0,69.5,QB
60.0,"Youngstown , OH",10/27/1956,Pittsburgh,,14 Seasons,74.0,"Cavanaugh, Matt",mattcavanaugh/2500034,212.0,1978 - 1991,1984,San Francisco 49ers,8,61.0,33.0,54.1,7.6,449.0,7.4,56.1,4.0,6.6,0.0,0.0,,0.0,0.0,5.0,40.0,99.7,QB
60.0,"Youngstown , OH",10/27/1956,Pittsburgh,,14 Seasons,74.0,"Cavanaugh, Matt",mattcavanaugh/2500034,212.0,1978 - 1991,1982,New England Patriots,7,60.0,27.0,45.0,8.6,490.0,8.2,70.0,5.0,8.3,5.0,8.3,,0.0,0.0,7.0,86.0,66.7,QB
60.0,"Youngstown , OH",10/27/1956,Pittsburgh,,14 Seasons,74.0,"Cavanaugh, Matt",mattcavanaugh/2500034,212.0,1978 - 1991,1981,New England Patriots,16,219.0,115.0,52.5,13.7,,7.5,102.1,5.0,2.3,13.0,5.9,65.0,0.0,0.0,24.0,165.0,59.8,QB
60.0,"Youngstown , OH",10/27/1956,Pittsburgh,,14 Seasons,74.0,"Cavanaugh, Matt",mattcavanaugh/2500034,212.0,1978 - 1991,1980,New England Patriots,16,105.0,63.0,60.0,6.6,885.0,8.4,55.3,9.0,8.6,5.0,4.8,40.0,0.0,0.0,8.0,62.0,95.9,QB
30.0,"Hobbs , NM",9/5/1986,Texas,Washington Redskins,8th season,73.0,"McCoy, Colt",coltmccoy/497123,215.0,,2014,Washington Redskins,5,128.0,91.0,71.1,25.6,,8.3,211.4,4.0,3.1,3.0,2.3,,12.0,4.0,17.0,117.0,96.4,QB
30.0,"Hobbs , NM",9/5/1986,Texas,Washington Redskins,8th season,73.0,"McCoy, Colt",coltmccoy/497123,215.0,,2012,Cleveland Browns,3,17.0,9.0,52.9,5.7,79.0,4.6,26.3,1.0,5.9,0.0,0.0,21.0,1.0,0.0,4.0,25.0,85.2,QB
30.0,"Hobbs , NM",9/5/1986,Texas,Washington Redskins,8th season,73.0,"McCoy, Colt",coltmccoy/497123,215.0,,2011,Cleveland Browns,13,463.0,265.0,57.2,35.6,,5.9,210.2,14.0,3.0,11.0,2.4,56.0,26.0,5.0,32.0,173.0,74.6,QB
30.0,"Hobbs , NM",9/5/1986,Texas,Washington Redskins,8th season,73.0,"McCoy, Colt",coltmccoy/497123,215.0,,2010,Cleveland Browns,8,222.0,135.0,60.8,27.8,,7.1,197.0,6.0,2.7,9.0,4.1,47.0,23.0,2.0,23.0,132.0,74.5,QB
34.0,"Montgomery , AL",4/21/1983,Alabama State,,10 Seasons,74.0,"Jackson, Tarvaris",tarvarisjackson/2495863,225.0,2006 - 2015,2011,Seattle Seahawks,15,450.0,271.0,60.2,30.0,,6.9,206.1,14.0,3.1,13.0,2.9,,45.0,8.0,42.0,293.0,79.2,QB
34.0,"Montgomery , AL",4/21/1983,Alabama State,,10 Seasons,74.0,"Jackson, Tarvaris",tarvarisjackson/2495863,225.0,2006 - 2015,2010,Minnesota Vikings,3,58.0,34.0,58.6,19.3,341.0,5.9,113.7,3.0,5.2,4.0,6.9,46.0,5.0,1.0,6.0,43.0,63.9,QB
34.0,"Montgomery , AL",4/21/1983,Alabama State,,10 Seasons,74.0,"Jackson, Tarvaris",tarvarisjackson/2495863,225.0,2006 - 2015,2009,Minnesota Vikings,8,21.0,14.0,66.7,2.6,201.0,9.6,25.1,1.0,4.8,0.0,0.0,,3.0,0.0,0.0,0.0,113.4,QB
34.0,"Montgomery , AL",4/21/1983,Alabama State,,10 Seasons,74.0,"Jackson, Tarvaris",tarvarisjackson/2495863,225.0,2006 - 2015,2008,Minnesota Vikings,9,149.0,88.0,59.1,16.6,,7.1,117.3,9.0,6.0,2.0,1.3,,16.0,4.0,14.0,97.0,95.4,QB
34.0,"Montgomery , AL",4/21/1983,Alabama State,,10 Seasons,74.0,"Jackson, Tarvaris",tarvarisjackson/2495863,225.0,2006 - 2015,2007,Minnesota Vikings,12,294.0,171.0,58.2,24.5,,6.5,159.2,9.0,3.1,12.0,4.1,71.0,15.0,4.0,19.0,70.0,70.8,QB
34.0,"Montgomery , AL",4/21/1983,Alabama State,,10 Seasons,74.0,"Jackson, Tarvaris",tarvarisjackson/2495863,225.0,2006 - 2015,2006,Minnesota Vikings,4,81.0,47.0,58.0,20.2,475.0,5.9,118.8,2.0,2.5,4.0,4.9,50.0,7.0,1.0,8.0,37.0,62.5,QB
90.0,"Gates , TN",1/8/1927,Indiana,,7 Seasons,71.0,"Taliaferro, George",georgetaliaferro/2526998,196.0,1949 - 1955,1953,Baltimore Colts,11,55.0,15.0,27.3,5.0,211.0,3.8,19.2,2.0,3.6,5.0,9.1,,0.0,0.0,0.0,50.0,17.3,QB
90.0,"Gates , TN",1/8/1927,Indiana,,7 Seasons,71.0,"Taliaferro, George",georgetaliaferro/2526998,196.0,1949 - 1955,1952,Dallas Texans,12,63.0,16.0,25.4,5.2,298.0,4.7,24.8,2.0,3.2,6.0,9.5,,0.0,0.0,0.0,27.0,17.8,QB
90.0,"Gates , TN",1/8/1927,Indiana,,7 Seasons,71.0,"Taliaferro, George",georgetaliaferro/2526998,196.0,1949 - 1955,1951,New York Yanks,12,33.0,13.0,39.4,2.8,251.0,7.6,20.9,1.0,3.0,3.0,9.1,,0.0,0.0,0.0,12.0,38.8,QB
,"Franklin , PA",3/15/1931,Detroit Mercy,,4 Seasons,70.0,"Marchibroda, Ted",tedmarchibroda/2520121,178.0,1953 - 1957,1957,Chicago Cardinals,7,45.0,15.0,33.3,6.4,238.0,5.3,34.0,1.0,2.2,5.0,11.1,,0.0,0.0,0.0,26.0,19.7,QB
,"Franklin , PA",3/15/1931,Detroit Mercy,,4 Seasons,70.0,"Marchibroda, Ted",tedmarchibroda/2520121,178.0,1953 - 1957,1956,Pittsburgh Steelers,12,275.0,124.0,45.1,22.9,,5.8,132.1,12.0,4.4,19.0,6.9,,0.0,0.0,0.0,91.0,49.4,QB
,"Franklin , PA",3/15/1931,Detroit Mercy,,4 Seasons,70.0,"Marchibroda, Ted",tedmarchibroda/2520121,178.0,1953 - 1957,1955,Pittsburgh Steelers,7,43.0,24.0,55.8,6.1,280.0,6.5,40.0,2.0,4.7,3.0,7.0,,0.0,0.0,0.0,11.0,62.2,QB
,"Franklin , PA",3/15/1931,Detroit Mercy,,4 Seasons,70.0,"Marchibroda, Ted",tedmarchibroda/2520121,178.0,1953 - 1957,1953,Pittsburgh Steelers,4,22.0,9.0,40.9,5.5,66.0,3.0,16.5,1.0,4.5,2.0,9.1,,0.0,0.0,0.0,12.0,25.9,QB
35.0,"Jacksonville , TX",7/12/1981,Louisiana Tech,New Orleans Saints,14th season,76.0,"McCown, Luke",lukemccown/2506053,217.0,,2015,New Orleans Saints,8,39.0,32.0,82.1,4.9,335.0,8.6,41.9,0.0,0.0,1.0,2.6,25.0,4.0,0.0,1.0,0.0,91.8,QB
35.0,"Jacksonville , TX",7/12/1981,Louisiana Tech,New Orleans Saints,14th season,76.0,"McCown, Luke",lukemccown/2506053,217.0,,2011,Jacksonville Jaguars,4,56.0,30.0,53.6,14.0,296.0,5.3,74.0,0.0,0.0,4.0,7.1,26.0,5.0,0.0,4.0,38.0,39.0,QB
35.0,"Jacksonville , TX",7/12/1981,Louisiana Tech,New Orleans Saints,14th season,76.0,"McCown, Luke",lukemccown/2506053,217.0,,2010,Jacksonville Jaguars,1,19.0,11.0,57.9,19.0,120.0,6.3,120.0,0.0,0.0,0.0,0.0,25.0,1.0,0.0,0.0,0.0,76.6,QB
35.0,"Jacksonville , TX",7/12/1981,Louisiana Tech,New Orleans Saints,14th season,76.0,"McCown, Luke",lukemccown/2506053,217.0,,2007,Tampa Bay Buccaneers,5,139.0,94.0,67.6,27.8,,7.3,201.8,5.0,3.6,3.0,2.2,60.0,11.0,3.0,15.0,104.0,91.7,QB
35.0,"Jacksonville , TX",7/12/1981,Louisiana Tech,New Orleans Saints,14th season,76.0,"McCown, Luke",lukemccown/2506053,217.0,,2004,Cleveland Browns,5,98.0,48.0,49.0,19.6,608.0,6.2,121.6,4.0,4.1,7.0,7.1,,8.0,4.0,12.0,122.0,52.6,QB
38.0,"Austin , TX",1/15/1979,Purdue,New Orleans Saints,17th season,72.0,"Brees, Drew",drewbrees/2504775,209.0,,2016,New Orleans Saints,16,673.0,471.0,70.0,42.1,,7.7,325.5,37.0,5.5,15.0,2.2,,70.0,10.0,27.0,184.0,101.7,QB
38.0,"Austin , TX",1/15/1979,Purdue,New Orleans Saints,17th season,72.0,"Brees, Drew",drewbrees/2504775,209.0,,2015,New Orleans Saints,15,627.0,428.0,68.3,41.8,,7.8,324.7,32.0,5.1,11.0,1.8,,68.0,13.0,31.0,235.0,101.0,QB
38.0,"Austin , TX",1/15/1979,Purdue,New Orleans Saints,17th season,72.0,"Brees, Drew",drewbrees/2504775,209.0,,2014,New Orleans Saints,16,659.0,456.0,69.2,41.2,,7.5,309.5,33.0,5.0,17.0,2.6,,52.0,10.0,29.0,186.0,97.0,QB
38.0,"Austin , TX",1/15/1979,Purdue,New Orleans Saints,17th season,72.0,"Brees, Drew",drewbrees/2504775,209.0,,2013,New Orleans Saints,16,650.0,446.0,68.6,40.6,,7.9,322.6,39.0,6.0,12.0,1.8,,67.0,15.0,37.0,244.0,104.7,QB
38.0,"Austin , TX",1/15/1979,Purdue,New Orleans Saints,17th season,72.0,"Brees, Drew",drewbrees/2504775,209.0,,2012,New Orleans Saints,16,670.0,422.0,63.0,41.9,,7.7,323.6,43.0,6.4,19.0,2.8,,66.0,13.0,26.0,190.0,96.3,QB
38.0,"Austin , TX",1/15/1979,Purdue,New Orleans Saints,17th season,72.0,"Brees, Drew",drewbrees/2504775,209.0,,2011,New Orleans Saints,16,657.0,468.0,71.2,41.1,,8.3,342.2,46.0,7.0,14.0,2.1,,69.0,11.0,24.0,158.0,110.6,QB
38.0,"Austin , TX",1/15/1979,Purdue,New Orleans Saints,17th season,72.0,"Brees, Drew",drewbrees/2504775,209.0,,2010,New Orleans Saints,16,658.0,448.0,68.1,41.1,,7.0,288.8,33.0,5.0,22.0,3.3,,47.0,10.0,25.0,185.0,90.9,QB
38.0,"Austin , TX",1/15/1979,Purdue,New Orleans Saints,17th season,72.0,"Brees, Drew",drewbrees/2504775,209.0,,2009,New Orleans Saints,15,514.0,363.0,70.6,34.3,,8.5,292.5,34.0,6.6,11.0,2.1,,58.0,11.0,20.0,135.0,109.6,QB
38.0,"Austin , TX",1/15/1979,Purdue,New Orleans Saints,17th season,72.0,"Brees, Drew",drewbrees/2504775,209.0,,2008,New Orleans Saints,16,635.0,413.0,65.0,39.7,,8.0,316.8,34.0,5.4,17.0,2.7,,66.0,16.0,13.0,92.0,96.2,QB
38.0,"Austin , TX",1/15/1979,Purdue,New Orleans Saints,17th season,72.0,"Brees, Drew",drewbrees/2504775,209.0,,2007,New Orleans Saints,16,652.0,440.0,67.5,40.8,,6.8,276.4,28.0,4.3,18.0,2.8,58.0,47.0,8.0,16.0,109.0,89.4,QB
38.0,"Austin , TX",1/15/1979,Purdue,New Orleans Saints,17th season,72.0,"Brees, Drew",drewbrees/2504775,209.0,,2006,New Orleans Saints,16,554.0,356.0,64.3,34.6,,8.0,276.1,26.0,4.7,11.0,2.0,,61.0,18.0,18.0,105.0,96.2,QB
38.0,"Austin , TX",1/15/1979,Purdue,New Orleans Saints,17th season,72.0,"Brees, Drew",drewbrees/2504775,209.0,,2005,San Diego Chargers,16,500.0,323.0,64.6,31.2,,7.2,223.5,24.0,4.8,15.0,3.0,54.0,46.0,4.0,27.0,223.0,89.2,QB
38.0,"Austin , TX",1/15/1979,Purdue,New Orleans Saints,17th season,72.0,"Brees, Drew",drewbrees/2504775,209.0,,2004,San Diego Chargers,15,400.0,262.0,65.5,26.7,,7.9,210.6,27.0,6.8,7.0,1.8,,40.0,9.0,18.0,131.0,104.8,QB
38.0,"Austin , TX",1/15/1979,Purdue,New Orleans Saints,17th season,72.0,"Brees, Drew",drewbrees/2504775,209.0,,2003,San Diego Chargers,11,356.0,205.0,57.6,32.4,,5.9,191.6,11.0,3.1,15.0,4.2,,28.0,5.0,21.0,178.0,67.5,QB
38.0,"Austin , TX",1/15/1979,Purdue,New Orleans Saints,17th season,72.0,"Brees, Drew",drewbrees/2504775,209.0,,2002,San Diego Chargers,16,526.0,320.0,60.8,32.9,,6.2,205.2,17.0,3.2,16.0,3.0,,40.0,4.0,24.0,180.0,76.9,QB
38.0,"Austin , TX",1/15/1979,Purdue,New Orleans Saints,17th season,72.0,"Brees, Drew",drewbrees/2504775,209.0,,2001,San Diego Chargers,1,27.0,15.0,55.6,27.0,221.0,8.2,221.0,1.0,3.7,0.0,0.0,40.0,4.0,1.0,2.0,12.0,94.8,QB
35.0,"Decatur , AL",12/8/1981,North Carolina State,Los Angeles Chargers,14th season,77.0,"Rivers, Philip",philiprivers/2506121,228.0,,2016,San Diego Chargers,16,578.0,349.0,60.4,36.1,,7.6,274.1,33.0,5.7,21.0,3.6,59.0,57.0,16.0,36.0,188.0,87.9,QB
35.0,"Decatur , AL",12/8/1981,North Carolina State,Los Angeles Chargers,14th season,77.0,"Rivers, Philip",philiprivers/2506121,228.0,,2015,San Diego Chargers,16,661.0,437.0,66.1,41.3,,7.2,299.5,29.0,4.4,13.0,2.0,,53.0,8.0,40.0,264.0,93.8,QB
35.0,"Decatur , AL",12/8/1981,North Carolina State,Los Angeles Chargers,14th season,77.0,"Rivers, Philip",philiprivers/2506121,228.0,,2014,San Diego Chargers,16,570.0,379.0,66.5,35.6,,7.5,267.9,31.0,5.4,18.0,3.2,59.0,57.0,9.0,36.0,189.0,93.8,QB
35.0,"Decatur , AL",12/8/1981,North Carolina State,Los Angeles Chargers,14th season,77.0,"Rivers, Philip",philiprivers/2506121,228.0,,2013,San Diego Chargers,16,544.0,378.0,69.5,34.0,,8.2,279.9,32.0,5.9,11.0,2.0,,60.0,6.0,30.0,150.0,105.5,QB
35.0,"Decatur , AL",12/8/1981,North Carolina State,Los Angeles Chargers,14th season,77.0,"Rivers, Philip",philiprivers/2506121,228.0,,2012,San Diego Chargers,16,527.0,338.0,64.1,32.9,,6.8,225.4,26.0,4.9,15.0,2.8,,41.0,3.0,49.0,311.0,88.6,QB
35.0,"Decatur , AL",12/8/1981,North Carolina State,Los Angeles Chargers,14th season,77.0,"Rivers, Philip",philiprivers/2506121,228.0,,2011,San Diego Chargers,16,582.0,366.0,62.9,36.4,,7.9,289.0,27.0,4.6,20.0,3.4,58.0,69.0,8.0,30.0,198.0,88.7,QB
35.0,"Decatur , AL",12/8/1981,North Carolina State,Los Angeles Chargers,14th season,77.0,"Rivers, Philip",philiprivers/2506121,228.0,,2010,San Diego Chargers,16,541.0,357.0,66.0,33.8,,8.7,294.4,30.0,5.5,13.0,2.4,,65.0,14.0,38.0,227.0,101.8,QB
35.0,"Decatur , AL",12/8/1981,North Carolina State,Los Angeles Chargers,14th season,77.0,"Rivers, Philip",philiprivers/2506121,228.0,,2009,San Diego Chargers,16,486.0,317.0,65.2,30.4,,8.8,265.9,28.0,5.8,9.0,1.9,,64.0,12.0,25.0,167.0,104.4,QB
35.0,"Decatur , AL",12/8/1981,North Carolina State,Los Angeles Chargers,14th season,77.0,"Rivers, Philip",philiprivers/2506121,228.0,,2008,San Diego Chargers,16,478.0,312.0,65.3,29.9,,8.4,250.6,34.0,7.1,11.0,2.3,67.0,48.0,12.0,25.0,151.0,105.5,QB
35.0,"Decatur , AL",12/8/1981,North Carolina State,Los Angeles Chargers,14th season,77.0,"Rivers, Philip",philiprivers/2506121,228.0,,2007,San Diego Chargers,16,460.0,277.0,60.2,28.8,,6.9,197.0,21.0,4.6,15.0,3.3,,44.0,4.0,22.0,163.0,82.4,QB
35.0,"Decatur , AL",12/8/1981,North Carolina State,Los Angeles Chargers,14th season,77.0,"Rivers, Philip",philiprivers/2506121,228.0,,2006,San Diego Chargers,16,460.0,284.0,61.7,28.8,,7.4,211.8,22.0,4.8,9.0,2.0,,41.0,5.0,27.0,144.0,92.0,QB
35.0,"Decatur , AL",12/8/1981,North Carolina State,Los Angeles Chargers,14th season,77.0,"Rivers, Philip",philiprivers/2506121,228.0,,2005,San Diego Chargers,2,22.0,12.0,54.5,11.0,115.0,5.2,57.5,0.0,0.0,1.0,4.5,22.0,1.0,0.0,3.0,16.0,50.4,QB
56.0,"New Orleans , LA",5/6/1961,LSU,,2 Seasons,74.0,"Risher, Alan",alanrisher/2524210,190.0,1985 - 1987,1987,Green Bay Packers,3,74.0,44.0,59.5,24.7,564.0,7.6,188.0,3.0,4.1,3.0,4.1,,0.0,0.0,12.0,77.0,80.0,QB
,"Houston , TX",7/11/1915,Purdue,,5 Seasons,73.0,"Isbell, Cecil",cecilisbell/2517198,190.0,1938 - 1942,1942,Green Bay Packers,11,268.0,146.0,54.5,24.4,,7.5,183.7,24.0,9.0,14.0,5.2,,0.0,0.0,0.0,0.0,87.0,QB
,"Houston , TX",7/11/1915,Purdue,,5 Seasons,73.0,"Isbell, Cecil",cecilisbell/2517198,190.0,1938 - 1942,1941,Green Bay Packers,11,206.0,117.0,56.8,18.7,,7.2,134.5,15.0,7.3,11.0,5.3,,0.0,0.0,0.0,0.0,81.4,QB
,"Houston , TX",7/11/1915,Purdue,,5 Seasons,73.0,"Isbell, Cecil",cecilisbell/2517198,190.0,1938 - 1942,1940,Green Bay Packers,10,150.0,68.0,45.3,15.0,,6.9,103.7,8.0,5.3,12.0,8.0,,0.0,0.0,0.0,0.0,53.1,QB
,"Houston , TX",7/11/1915,Purdue,,5 Seasons,73.0,"Isbell, Cecil",cecilisbell/2517198,190.0,1938 - 1942,1939,Green Bay Packers,11,103.0,43.0,41.7,9.4,749.0,7.3,68.1,6.0,5.8,5.0,4.9,,0.0,0.0,0.0,0.0,66.4,QB
,"Houston , TX",7/11/1915,Purdue,,5 Seasons,73.0,"Isbell, Cecil",cecilisbell/2517198,190.0,1938 - 1942,1938,Green Bay Packers,11,91.0,37.0,40.7,8.3,659.0,7.2,59.9,8.0,8.8,10.0,11.0,,0.0,0.0,0.0,0.0,55.9,QB
70.0,"Lynbrook , NY",8/30/1946,Hofstra,,1 Season,74.0,"Gault, Don",dongault/2514710,190.0,1970 - 1970,1970,Cleveland Browns,2,19.0,2.0,10.5,9.5,67.0,3.5,33.5,0.0,0.0,3.0,15.8,,0.0,0.0,1.0,5.0,2.2,QB
,"Jamesport , NY",9/30/1911,Fordham,,7 Seasons,73.0,"Danowski, Ed",eddanowski/2512453,198.0,1934 - 1941,1941,New York Giants,6,24.0,12.0,50.0,4.0,179.0,7.5,29.8,2.0,8.3,3.0,12.5,,0.0,0.0,0.0,0.0,63.0,QB
,"Jamesport , NY",9/30/1911,Fordham,,7 Seasons,73.0,"Danowski, Ed",eddanowski/2512453,198.0,1934 - 1941,1939,New York Giants,11,101.0,42.0,41.6,9.2,437.0,4.3,39.7,3.0,3.0,6.0,5.9,,0.0,0.0,0.0,0.0,39.9,QB
,"Jamesport , NY",9/30/1911,Fordham,,7 Seasons,73.0,"Danowski, Ed",eddanowski/2512453,198.0,1934 - 1941,1938,New York Giants,11,129.0,70.0,54.3,11.7,848.0,6.6,77.1,7.0,5.4,8.0,6.2,,0.0,0.0,0.0,0.0,66.9,QB
,"Jamesport , NY",9/30/1911,Fordham,,7 Seasons,73.0,"Danowski, Ed",eddanowski/2512453,198.0,1934 - 1941,1937,New York Giants,11,134.0,66.0,49.3,12.2,814.0,6.1,74.0,8.0,6.0,5.0,3.7,,0.0,0.0,0.0,0.0,72.8,QB
,"Jamesport , NY",9/30/1911,Fordham,,7 Seasons,73.0,"Danowski, Ed",eddanowski/2512453,198.0,1934 - 1941,1936,New York Giants,12,104.0,47.0,45.2,8.7,515.0,5.0,42.9,5.0,4.8,10.0,9.6,,0.0,0.0,0.0,0.0,36.8,QB
,"Jamesport , NY",9/30/1911,Fordham,,7 Seasons,73.0,"Danowski, Ed",eddanowski/2512453,198.0,1934 - 1941,1935,New York Giants,12,113.0,57.0,50.4,9.4,794.0,7.0,66.2,10.0,8.8,9.0,8.0,,0.0,0.0,0.0,0.0,69.7,QB
,"Jamesport , NY",9/30/1911,Fordham,,7 Seasons,73.0,"Danowski, Ed",eddanowski/2512453,198.0,1934 - 1941,1934,New York Giants,8,32.0,15.0,46.9,4.0,230.0,7.2,28.8,2.0,6.3,3.0,9.4,,0.0,0.0,0.0,0.0,52.9,QB
,"Longview , WA",8/30/1959,San Diego State,,4 Seasons,75.0,"Kofler, Matt",mattkofler/2518686,192.0,1982 - 1985,1985,Indianapolis Colts,5,48.0,23.0,47.9,9.6,284.0,5.9,56.8,1.0,2.1,3.0,6.3,,0.0,0.0,8.0,58.0,47.6,QB
,"Longview , WA",8/30/1959,San Diego State,,4 Seasons,75.0,"Kofler, Matt",mattkofler/2518686,192.0,1982 - 1985,1984,Buffalo Bills,16,93.0,33.0,35.5,5.8,432.0,4.6,27.0,2.0,2.2,5.0,5.4,,0.0,0.0,15.0,111.0,35.8,QB
,"Longview , WA",8/30/1959,San Diego State,,4 Seasons,75.0,"Kofler, Matt",mattkofler/2518686,192.0,1982 - 1985,1983,Buffalo Bills,16,61.0,35.0,57.4,3.8,440.0,7.2,27.5,4.0,6.6,3.0,4.9,,0.0,0.0,10.0,85.0,81.3,QB
27.0,"Prosser , WA",7/12/1989,Boise State,Dallas Cowboys,6th season,72.0,"Moore, Kellen",kellenmoore/2532917,200.0,,2015,Dallas Cowboys,3,104.0,61.0,58.7,34.7,779.0,7.5,259.7,4.0,3.8,6.0,5.8,36.0,13.0,0.0,5.0,23.0,71.0,QB
,"Albany , NY",10/7/1917,Pittsburgh,,1 Season,71.0,"Cassiano, Dick",dickcassiano/2511260,175.0,1940 - 1940,1940,Brooklyn Dodgers,10,30.0,9.0,30.0,3.0,128.0,4.3,12.8,1.0,3.3,2.0,6.7,,0.0,0.0,0.0,0.0,28.2,QB
,"El Paso , TX",12/19/1920,Texas,,1 Season,71.0,"Callahan, Jim",jimcallahan/2510934,185.0,1946 - 1946,1946,Detroit Lions,9,67.0,22.0,32.8,7.4,359.0,5.4,39.9,2.0,3.0,7.0,10.4,,0.0,0.0,0.0,0.0,22.1,QB
56.0,"Las Vegas , NV",7/22/1960,Idaho State,,3 Seasons,73.0,"Machurek, Mike",mikemachurek/2519904,205.0,1982 - 1984,1984,Detroit Lions,4,43.0,14.0,32.6,10.8,193.0,4.5,48.2,0.0,0.0,6.0,14.0,48.0,0.0,0.0,1.0,12.0,8.3,QB
48.0,"Galveston , TX",7/31/1968,Houston,,4 Seasons,74.0,"Ware, Andre",andreware/2503535,205.0,1990 - 1993,1993,Detroit Lions,5,45.0,20.0,44.4,9.0,271.0,6.0,54.2,1.0,2.2,2.0,4.4,47.0,4.0,2.0,7.0,20.0,53.1,QB
48.0,"Galveston , TX",7/31/1968,Houston,,4 Seasons,74.0,"Ware, Andre",andreware/2503535,205.0,1990 - 1993,1992,Detroit Lions,4,86.0,50.0,58.1,21.5,677.0,7.9,169.2,3.0,3.5,4.0,4.7,59.0,8.0,4.0,16.0,104.0,75.6,QB
48.0,"Galveston , TX",7/31/1968,Houston,,4 Seasons,74.0,"Ware, Andre",andreware/2503535,205.0,1990 - 1993,1990,Detroit Lions,4,30.0,13.0,43.3,7.5,164.0,5.5,41.0,1.0,3.3,2.0,6.7,33.0,0.0,0.0,4.0,22.0,44.3,QB
,"Lorain , OH",11/29/1917,Southeastern Louisiana,,4 Seasons,70.0,"Reisz, Albie",albiereisz/2523953,174.0,1944 - 1947,1945,Cleveland Rams,10,21.0,8.0,38.1,2.1,146.0,7.0,14.6,2.0,9.5,3.0,14.3,,0.0,0.0,0.0,0.0,55.0,QB
,"Lorain , OH",11/29/1917,Southeastern Louisiana,,4 Seasons,70.0,"Reisz, Albie",albiereisz/2523953,174.0,1944 - 1947,1944,Cleveland Rams,10,113.0,49.0,43.4,11.3,777.0,6.9,77.7,8.0,7.1,10.0,8.8,,0.0,0.0,0.0,0.0,53.6,QB
95.0,"Vinton , IA",2/13/1922,Iowa,,3 Seasons,72.0,"Youel, Jim",jimyouel/2529527,175.0,1946 - 1948,1948,Boston Yanks,6,25.0,6.0,24.0,4.2,63.0,2.5,10.5,2.0,8.0,3.0,12.0,,0.0,0.0,0.0,37.0,26.7,QB
95.0,"Vinton , IA",2/13/1922,Iowa,,3 Seasons,72.0,"Youel, Jim",jimyouel/2529527,175.0,1946 - 1948,1947,Washington Redskins,6,62.0,21.0,33.9,10.3,398.0,6.4,66.3,3.0,4.8,3.0,4.8,,0.0,0.0,0.0,21.0,53.0,QB
95.0,"Vinton , IA",2/13/1922,Iowa,,3 Seasons,72.0,"Youel, Jim",jimyouel/2529527,175.0,1946 - 1948,1946,Washington Redskins,9,48.0,20.0,41.7,5.3,352.0,7.3,39.1,2.0,4.2,3.0,6.3,,0.0,0.0,0.0,0.0,55.2,QB
27.0,"Scranton , PA",12/2/1989,Penn State,Philadelphia Eagles,5th season,73.0,"McGloin, Matt",mattmcgloin/2542065,210.0,,2016,Oakland Raiders,3,15.0,8.0,53.3,5.0,50.0,3.3,16.7,0.0,0.0,0.0,0.0,19.0,0.0,0.0,0.0,0.0,60.4,QB
27.0,"Scranton , PA",12/2/1989,Penn State,Philadelphia Eagles,5th season,73.0,"McGloin, Matt",mattmcgloin/2542065,210.0,,2015,Oakland Raiders,2,32.0,23.0,71.9,16.0,142.0,4.4,71.0,2.0,6.3,1.0,3.1,14.0,0.0,0.0,2.0,20.0,88.3,QB
27.0,"Scranton , PA",12/2/1989,Penn State,Philadelphia Eagles,5th season,73.0,"McGloin, Matt",mattmcgloin/2542065,210.0,,2014,Oakland Raiders,1,19.0,12.0,63.2,19.0,129.0,6.8,129.0,1.0,5.3,2.0,10.5,29.0,2.0,0.0,1.0,8.0,61.0,QB
27.0,"Scranton , PA",12/2/1989,Penn State,Philadelphia Eagles,5th season,73.0,"McGloin, Matt",mattmcgloin/2542065,210.0,,2013,Oakland Raiders,7,211.0,118.0,55.9,30.1,,7.3,221.0,8.0,3.8,8.0,3.8,52.0,29.0,4.0,6.0,53.0,76.1,QB
,"Mansfield , LA",2/11/1935,LSU,,5 Seasons,72.0,"Reynolds, M.C.",m.c.reynolds/2524010,193.0,1958 - 1962,1961,Buffalo Bills,12,181.0,83.0,45.9,15.1,,5.5,83.7,2.0,1.1,13.0,7.2,,0.0,0.0,0.0,0.0,37.2,QB
,"Mansfield , LA",2/11/1935,LSU,,5 Seasons,72.0,"Reynolds, M.C.",m.c.reynolds/2524010,193.0,1958 - 1962,1960,Washington Redskins,8,30.0,13.0,43.3,3.8,154.0,5.1,19.2,0.0,0.0,3.0,10.0,,0.0,0.0,0.0,17.0,20.0,QB
,"Mansfield , LA",2/11/1935,LSU,,5 Seasons,72.0,"Reynolds, M.C.",m.c.reynolds/2524010,193.0,1958 - 1962,1959,Chicago Cardinals,7,39.0,19.0,48.7,5.6,329.0,8.4,47.0,4.0,10.3,1.0,2.6,,0.0,0.0,0.0,54.0,101.3,QB
,"Mansfield , LA",2/11/1935,LSU,,5 Seasons,72.0,"Reynolds, M.C.",m.c.reynolds/2524010,193.0,1958 - 1962,1958,Chicago Cardinals,11,195.0,105.0,53.8,17.7,,7.3,129.3,11.0,5.6,11.0,5.6,,0.0,0.0,0.0,68.0,72.6,QB
,"Milbank , SD",1/13/1909,Minnesota,,8 Seasons,72.0,"Manders, Jack",jackmanders/2520050,203.0,1933 - 1940,1933,Chicago Bears,13,15.0,6.0,40.0,1.2,57.0,3.8,4.4,0.0,0.0,3.0,20.0,,0.0,0.0,0.0,0.0,11.7,QB
23.0,"Sulphur , LA",7/29/1993,Mississippi State,Dallas Cowboys,2nd season,74.0,"Prescott, Dak",dakprescott/2555260,226.0,,2016,Dallas Cowboys,16,459.0,311.0,67.8,28.7,,8.0,229.2,23.0,5.0,4.0,0.9,,38.0,8.0,25.0,143.0,104.9,QB
44.0,"Tacoma , WA",9/21/1972,Central Washington,,16 Seasons,74.0,"Kitna, Jon",jonkitna/2501630,220.0,1997 - 2013,2010,Dallas Cowboys,10,318.0,209.0,65.7,31.8,,7.4,236.5,16.0,5.0,12.0,3.8,,32.0,6.0,21.0,100.0,88.9,QB
44.0,"Tacoma , WA",9/21/1972,Central Washington,,16 Seasons,74.0,"Kitna, Jon",jonkitna/2501630,220.0,1997 - 2013,2008,Detroit Lions,4,120.0,68.0,56.7,30.0,758.0,6.3,189.5,5.0,4.2,5.0,4.2,,9.0,1.0,15.0,89.0,72.2,QB
44.0,"Tacoma , WA",9/21/1972,Central Washington,,16 Seasons,74.0,"Kitna, Jon",jonkitna/2501630,220.0,1997 - 2013,2007,Detroit Lions,16,561.0,355.0,63.3,35.1,,7.3,254.2,18.0,3.2,20.0,3.6,,45.0,7.0,51.0,320.0,80.9,QB
44.0,"Tacoma , WA",9/21/1972,Central Washington,,16 Seasons,74.0,"Kitna, Jon",jonkitna/2501630,220.0,1997 - 2013,2006,Detroit Lions,16,596.0,372.0,62.4,37.2,,7.1,263.0,21.0,3.5,22.0,3.7,,59.0,3.0,63.0,388.0,79.9,QB
44.0,"Tacoma , WA",9/21/1972,Central Washington,,16 Seasons,74.0,"Kitna, Jon",jonkitna/2501630,220.0,1997 - 2013,2005,Cincinnati Bengals,3,29.0,17.0,58.6,9.7,99.0,3.4,33.0,0.0,0.0,2.0,6.9,16.0,0.0,0.0,2.0,10.0,36.4,QB
44.0,"Tacoma , WA",9/21/1972,Central Washington,,16 Seasons,74.0,"Kitna, Jon",jonkitna/2501630,220.0,1997 - 2013,2004,Cincinnati Bengals,4,104.0,61.0,58.7,26.0,623.0,6.0,155.8,5.0,4.8,4.0,3.8,30.0,8.0,0.0,6.0,41.0,75.9,QB
44.0,"Tacoma , WA",9/21/1972,Central Washington,,16 Seasons,74.0,"Kitna, Jon",jonkitna/2501630,220.0,1997 - 2013,2003,Cincinnati Bengals,16,520.0,324.0,62.3,32.5,,6.9,224.4,26.0,5.0,15.0,2.9,,37.0,11.0,37.0,249.0,87.4,QB
44.0,"Tacoma , WA",9/21/1972,Central Washington,,16 Seasons,74.0,"Kitna, Jon",jonkitna/2501630,220.0,1997 - 2013,2002,Cincinnati Bengals,14,473.0,294.0,62.2,33.8,,6.7,227.0,16.0,3.4,16.0,3.4,,29.0,4.0,24.0,159.0,79.1,QB
44.0,"Tacoma , WA",9/21/1972,Central Washington,,16 Seasons,74.0,"Kitna, Jon",jonkitna/2501630,220.0,1997 - 2013,2001,Cincinnati Bengals,16,581.0,313.0,53.9,36.3,,5.5,201.0,12.0,2.1,22.0,3.8,49.0,32.0,2.0,25.0,185.0,61.1,QB
44.0,"Tacoma , WA",9/21/1972,Central Washington,,16 Seasons,74.0,"Kitna, Jon",jonkitna/2501630,220.0,1997 - 2013,2000,Seattle Seahawks,15,418.0,259.0,62.0,27.9,,6.4,177.2,18.0,4.3,19.0,4.5,71.0,21.0,4.0,33.0,166.0,75.6,QB
44.0,"Tacoma , WA",9/21/1972,Central Washington,,16 Seasons,74.0,"Kitna, Jon",jonkitna/2501630,220.0,1997 - 2013,1999,Seattle Seahawks,15,495.0,270.0,54.5,33.0,,6.8,223.1,23.0,4.6,16.0,3.2,51.0,45.0,5.0,32.0,198.0,77.7,QB
44.0,"Tacoma , WA",9/21/1972,Central Washington,,16 Seasons,74.0,"Kitna, Jon",jonkitna/2501630,220.0,1997 - 2013,1998,Seattle Seahawks,6,172.0,98.0,57.0,28.7,,6.8,196.2,7.0,4.1,8.0,4.7,,8.0,4.0,11.0,72.0,72.3,QB
44.0,"Tacoma , WA",9/21/1972,Central Washington,,16 Seasons,74.0,"Kitna, Jon",jonkitna/2501630,220.0,1997 - 2013,1997,Seattle Seahawks,3,45.0,31.0,68.9,15.0,371.0,8.2,123.7,1.0,2.2,2.0,4.4,61.0,2.0,1.0,3.0,10.0,82.7,QB
,"Dallas , TX",6/22/1917,Texas Christian,,2 Seasons,67.0,"O'Brien, Davey",daveyo'brien/2522356,151.0,1939 - 1940,1940,Philadelphia Eagles,11,277.0,124.0,44.8,25.2,,4.7,117.3,5.0,1.8,17.0,6.1,,0.0,0.0,0.0,0.0,39.2,QB
,"Dallas , TX",6/22/1917,Texas Christian,,2 Seasons,67.0,"O'Brien, Davey",daveyo'brien/2522356,151.0,1939 - 1940,1939,Philadelphia Eagles,11,201.0,99.0,49.3,18.3,,6.6,120.4,6.0,3.0,17.0,8.5,,0.0,0.0,0.0,0.0,45.3,QB
53.0,"Gardner , MA",4/23/1964,Boston College,,1 Season,76.0,"Halloran, Shawn",shawnhalloran/2515667,217.0,1987 - 1987,1987,St. Louis Cardinals,3,42.0,18.0,42.9,14.0,263.0,6.3,87.7,0.0,0.0,1.0,2.4,49.0,0.0,0.0,5.0,34.0,54.0,QB
,"Caldwell , ID",10/3/1917,Washington,,3 Seasons,73.0,"McAdams, Dean",deanmcadams/2520456,193.0,1941 - 1943,1943,Brooklyn Dodgers,8,75.0,37.0,49.3,9.4,315.0,4.2,39.4,0.0,0.0,7.0,9.3,,0.0,0.0,0.0,0.0,21.8,QB
,"Caldwell , ID",10/3/1917,Washington,,3 Seasons,73.0,"McAdams, Dean",deanmcadams/2520456,193.0,1941 - 1943,1942,Brooklyn Dodgers,11,89.0,35.0,39.3,8.1,441.0,5.0,40.1,2.0,2.2,15.0,16.9,,0.0,0.0,0.0,0.0,23.4,QB
,"Caldwell , ID",10/3/1917,Washington,,3 Seasons,73.0,"McAdams, Dean",deanmcadams/2520456,193.0,1941 - 1943,1941,Brooklyn Dodgers,11,27.0,12.0,44.4,2.5,176.0,6.5,16.0,2.0,7.4,3.0,11.1,,0.0,0.0,0.0,0.0,51.4,QB
29.0,"Milwaukee , WI",11/3/1987,Nevada,San Francisco 49ers,7th season,76.0,"Kaepernick, Colin",colinkaepernick/2495186,230.0,,2016,San Francisco 49ers,12,331.0,196.0,59.2,27.6,,6.8,186.8,16.0,4.8,4.0,1.2,,25.0,5.0,36.0,207.0,90.7,QB
29.0,"Milwaukee , WI",11/3/1987,Nevada,San Francisco 49ers,7th season,76.0,"Kaepernick, Colin",colinkaepernick/2495186,230.0,,2015,San Francisco 49ers,9,244.0,144.0,59.0,27.1,,6.6,179.4,6.0,2.5,5.0,2.0,,19.0,7.0,28.0,166.0,78.5,QB
29.0,"Milwaukee , WI",11/3/1987,Nevada,San Francisco 49ers,7th season,76.0,"Kaepernick, Colin",colinkaepernick/2495186,230.0,,2014,San Francisco 49ers,16,478.0,289.0,60.5,29.9,,7.0,210.6,19.0,4.0,10.0,2.1,,48.0,5.0,52.0,344.0,86.4,QB
29.0,"Milwaukee , WI",11/3/1987,Nevada,San Francisco 49ers,7th season,76.0,"Kaepernick, Colin",colinkaepernick/2495186,230.0,,2013,San Francisco 49ers,16,416.0,243.0,58.4,26.0,,7.7,199.8,21.0,5.0,8.0,1.9,,46.0,10.0,39.0,231.0,91.6,QB
29.0,"Milwaukee , WI",11/3/1987,Nevada,San Francisco 49ers,7th season,76.0,"Kaepernick, Colin",colinkaepernick/2495186,230.0,,2012,San Francisco 49ers,13,218.0,136.0,62.4,16.8,,8.3,139.5,10.0,4.6,3.0,1.4,57.0,32.0,4.0,16.0,112.0,98.3,QB
46.0,"Portland , OR",12/11/1970,Idaho,,5 Seasons,75.0,"Nussmeier, Doug",dougnussmeier/2502319,211.0,1994 - 1998,1997,New Orleans Saints,3,32.0,18.0,56.3,10.7,183.0,5.7,61.0,0.0,0.0,3.0,9.4,24.0,2.0,0.0,6.0,32.0,33.7,QB
46.0,"Portland , OR",12/11/1970,Idaho,,5 Seasons,75.0,"Nussmeier, Doug",dougnussmeier/2502319,211.0,1994 - 1998,1996,New Orleans Saints,2,50.0,28.0,56.0,25.0,272.0,5.4,136.0,1.0,2.0,1.0,2.0,,2.0,2.0,3.0,17.0,69.8,QB
70.0,"Pittsburgh , PA",11/28/1946,William & Mary,,3 Seasons,75.0,"Darragh, Dan",dandarragh/2512467,196.0,1968 - 1970,1970,Buffalo Bills,3,29.0,11.0,37.9,9.7,71.0,2.4,23.7,0.0,0.0,2.0,6.9,,0.0,0.0,5.0,36.0,17.5,QB
70.0,"Pittsburgh , PA",11/28/1946,William & Mary,,3 Seasons,75.0,"Darragh, Dan",dandarragh/2512467,196.0,1968 - 1970,1969,Buffalo Bills,3,52.0,24.0,46.2,17.3,365.0,7.0,121.7,1.0,1.9,6.0,11.5,,0.0,0.0,11.0,103.0,36.6,QB
70.0,"Pittsburgh , PA",11/28/1946,William & Mary,,3 Seasons,75.0,"Darragh, Dan",dandarragh/2512467,196.0,1968 - 1970,1968,Buffalo Bills,11,215.0,92.0,42.8,19.5,917.0,4.3,83.4,3.0,1.4,14.0,6.5,,0.0,0.0,22.0,226.0,33.0,QB
,"Birmingham , AL",3/26/1928,Virginia Military Inst.,,8 Seasons,73.0,"Thomason, Bobby",bobbythomason/2527299,196.0,1949 - 1957,1957,Philadelphia Eagles,12,92.0,46.0,50.0,7.7,630.0,6.8,52.5,4.0,4.3,10.0,10.9,,0.0,0.0,0.0,46.0,47.2,QB
,"Birmingham , AL",3/26/1928,Virginia Military Inst.,,8 Seasons,73.0,"Thomason, Bobby",bobbythomason/2527299,196.0,1949 - 1957,1956,Philadelphia Eagles,12,164.0,82.0,50.0,13.7,,6.8,93.2,4.0,2.4,21.0,12.8,,0.0,0.0,0.0,166.0,40.7,QB
,"Birmingham , AL",3/26/1928,Virginia Military Inst.,,8 Seasons,73.0,"Thomason, Bobby",bobbythomason/2527299,196.0,1949 - 1957,1955,Philadelphia Eagles,10,171.0,88.0,51.5,17.1,,7.8,133.7,10.0,5.8,7.0,4.1,,0.0,0.0,0.0,32.0,80.0,QB
,"Birmingham , AL",3/26/1928,Virginia Military Inst.,,8 Seasons,73.0,"Thomason, Bobby",bobbythomason/2527299,196.0,1949 - 1957,1954,Philadelphia Eagles,10,170.0,83.0,48.8,17.0,,7.3,124.2,10.0,5.9,13.0,7.6,,0.0,0.0,0.0,192.0,61.0,QB
,"Birmingham , AL",3/26/1928,Virginia Military Inst.,,8 Seasons,73.0,"Thomason, Bobby",bobbythomason/2527299,196.0,1949 - 1957,1953,Philadelphia Eagles,12,304.0,162.0,53.3,25.3,,8.1,205.2,21.0,6.9,20.0,6.6,,0.0,0.0,0.0,129.0,75.8,QB
,"Birmingham , AL",3/26/1928,Virginia Military Inst.,,8 Seasons,73.0,"Thomason, Bobby",bobbythomason/2527299,196.0,1949 - 1957,1952,Philadelphia Eagles,12,212.0,95.0,44.8,17.7,,6.3,111.2,8.0,3.8,9.0,4.2,,0.0,0.0,0.0,172.0,60.5,QB
,"Birmingham , AL",3/26/1928,Virginia Military Inst.,,8 Seasons,73.0,"Thomason, Bobby",bobbythomason/2527299,196.0,1949 - 1957,1951,Green Bay Packers,11,221.0,125.0,56.6,20.1,,5.9,118.7,11.0,5.0,9.0,4.1,,0.0,0.0,0.0,146.0,73.5,QB
79.0,"Baton Rouge , LA",12/12/1937,LSU,,3 Seasons,75.0,"Rabb, Warren",warrenrabb/2523667,204.0,1960 - 1962,1962,Buffalo Bills,14,177.0,67.0,37.9,12.6,,6.8,85.4,10.0,5.6,14.0,7.9,,0.0,0.0,0.0,0.0,47.7,QB
79.0,"Baton Rouge , LA",12/12/1937,LSU,,3 Seasons,75.0,"Rabb, Warren",warrenrabb/2523667,204.0,1960 - 1962,1961,Buffalo Bills,9,74.0,34.0,45.9,8.2,586.0,7.9,65.1,5.0,6.8,2.0,2.7,,0.0,0.0,0.0,0.0,84.6,QB
74.0,"Cincinnati , OH",12/8/1942,Florida State,,6 Seasons,77.0,"Tensi, Steve",stevetensi/2527158,215.0,1965 - 1970,1970,Denver Broncos,7,80.0,38.0,47.5,11.4,539.0,6.7,77.0,3.0,3.8,8.0,10.0,,0.0,0.0,6.0,35.0,42.7,QB
74.0,"Cincinnati , OH",12/8/1942,Florida State,,6 Seasons,77.0,"Tensi, Steve",stevetensi/2527158,215.0,1965 - 1970,1969,Denver Broncos,13,286.0,131.0,45.8,22.0,,7.0,153.1,14.0,4.9,12.0,4.2,,0.0,0.0,29.0,208.0,68.1,QB
74.0,"Cincinnati , OH",12/8/1942,Florida State,,6 Seasons,77.0,"Tensi, Steve",stevetensi/2527158,215.0,1965 - 1970,1968,Denver Broncos,7,119.0,48.0,40.3,17.0,709.0,6.0,101.3,5.0,4.2,8.0,6.7,,0.0,0.0,5.0,42.0,46.5,QB
74.0,"Cincinnati , OH",12/8/1942,Florida State,,6 Seasons,77.0,"Tensi, Steve",stevetensi/2527158,215.0,1965 - 1970,1967,Denver Broncos,14,325.0,131.0,40.3,23.2,,5.9,136.8,16.0,4.9,17.0,5.2,,0.0,0.0,39.0,350.0,54.8,QB
74.0,"Cincinnati , OH",12/8/1942,Florida State,,6 Seasons,77.0,"Tensi, Steve",stevetensi/2527158,215.0,1965 - 1970,1966,San Diego Chargers,14,52.0,21.0,40.4,3.7,405.0,7.8,28.9,5.0,9.6,1.0,1.9,,0.0,0.0,0.0,0.0,92.2,QB
23.0,"Honolulu , HI",10/30/1993,Oregon,Tennessee Titans,3rd season,76.0,"Mariota, Marcus",marcusmariota/2552466,222.0,,2016,Tennessee Titans,15,451.0,276.0,61.2,30.1,,7.6,228.4,26.0,5.8,9.0,2.0,60.0,50.0,7.0,23.0,156.0,95.6,QB
23.0,"Honolulu , HI",10/30/1993,Oregon,Tennessee Titans,3rd season,76.0,"Mariota, Marcus",marcusmariota/2552466,222.0,,2015,Tennessee Titans,12,370.0,230.0,62.2,30.8,,7.6,234.8,19.0,5.1,10.0,2.7,,40.0,4.0,38.0,258.0,91.5,QB
,"Provo , UT",8/13/1916,Tennessee,,1 Season,71.0,"Warren, Buss",busswarren/2528253,175.0,1945 - 1945,1945,Pittsburgh Steelers,8,92.0,36.0,39.1,11.5,368.0,4.0,46.0,0.0,0.0,10.0,10.9,,0.0,0.0,0.0,0.0,11.8,QB
41.0,"Denver , CO",11/16/1975,Ohio State,,4 Seasons,74.0,"Germaine, Joe",joegermaine/2500795,220.0,1999 - 2002,1999,St. Louis Rams,3,16.0,9.0,56.3,5.3,136.0,8.5,45.3,1.0,6.3,2.0,12.5,,1.0,1.0,3.0,23.0,65.6,QB
66.0,"Lackawanna , NY",3/23/1951,Youngstown State,,16 Seasons,74.0,"Jaworski, Ron",ronjaworski/2517443,196.0,1974 - 1989,1989,Kansas City Chiefs,6,61.0,36.0,59.0,10.2,385.0,6.3,64.2,2.0,3.3,5.0,8.2,32.0,0.0,0.0,1.0,10.0,54.3,QB
66.0,"Lackawanna , NY",3/23/1951,Youngstown State,,16 Seasons,74.0,"Jaworski, Ron",ronjaworski/2517443,196.0,1974 - 1989,1986,Philadelphia Eagles,10,245.0,128.0,52.2,24.5,,5.7,140.5,8.0,3.3,6.0,2.4,56.0,0.0,0.0,22.0,156.0,70.2,QB
66.0,"Lackawanna , NY",3/23/1951,Youngstown State,,16 Seasons,74.0,"Jaworski, Ron",ronjaworski/2517443,196.0,1974 - 1989,1985,Philadelphia Eagles,16,484.0,255.0,52.7,30.2,,7.1,215.6,17.0,3.5,20.0,4.1,,0.0,0.0,34.0,289.0,70.2,QB
66.0,"Lackawanna , NY",3/23/1951,Youngstown State,,16 Seasons,74.0,"Jaworski, Ron",ronjaworski/2517443,196.0,1974 - 1989,1984,Philadelphia Eagles,13,427.0,234.0,54.8,32.8,,6.4,211.8,16.0,3.7,14.0,3.3,,0.0,0.0,34.0,270.0,73.5,QB
66.0,"Lackawanna , NY",3/23/1951,Youngstown State,,16 Seasons,74.0,"Jaworski, Ron",ronjaworski/2517443,196.0,1974 - 1989,1983,Philadelphia Eagles,16,446.0,235.0,52.7,27.9,,7.4,207.2,20.0,4.5,18.0,4.0,,0.0,0.0,53.0,385.0,75.1,QB
66.0,"Lackawanna , NY",3/23/1951,Youngstown State,,16 Seasons,74.0,"Jaworski, Ron",ronjaworski/2517443,196.0,1974 - 1989,1982,Philadelphia Eagles,9,286.0,167.0,58.4,31.8,,7.3,230.7,12.0,4.2,12.0,4.2,57.0,0.0,0.0,31.0,244.0,77.5,QB
66.0,"Lackawanna , NY",3/23/1951,Youngstown State,,16 Seasons,74.0,"Jaworski, Ron",ronjaworski/2517443,196.0,1974 - 1989,1981,Philadelphia Eagles,16,461.0,250.0,54.2,28.8,,6.7,193.4,23.0,5.0,20.0,4.3,,0.0,0.0,21.0,197.0,73.8,QB
66.0,"Lackawanna , NY",3/23/1951,Youngstown State,,16 Seasons,74.0,"Jaworski, Ron",ronjaworski/2517443,196.0,1974 - 1989,1980,Philadelphia Eagles,16,451.0,257.0,57.0,28.2,,7.8,220.6,27.0,6.0,12.0,2.7,,0.0,0.0,27.0,213.0,91.0,QB
66.0,"Lackawanna , NY",3/23/1951,Youngstown State,,16 Seasons,74.0,"Jaworski, Ron",ronjaworski/2517443,196.0,1974 - 1989,1979,Philadelphia Eagles,16,374.0,190.0,50.8,23.4,,7.1,166.8,18.0,4.8,12.0,3.2,,0.0,0.0,34.0,272.0,76.8,QB
66.0,"Lackawanna , NY",3/23/1951,Youngstown State,,16 Seasons,74.0,"Jaworski, Ron",ronjaworski/2517443,196.0,1974 - 1989,1978,Philadelphia Eagles,16,398.0,206.0,51.8,24.9,,6.2,155.4,16.0,4.0,16.0,4.0,,0.0,0.0,41.0,288.0,67.9,QB
66.0,"Lackawanna , NY",3/23/1951,Youngstown State,,16 Seasons,74.0,"Jaworski, Ron",ronjaworski/2517443,196.0,1974 - 1989,1977,Philadelphia Eagles,14,346.0,166.0,48.0,24.7,,6.3,155.9,18.0,5.2,21.0,6.1,,0.0,0.0,47.0,342.0,60.4,QB
66.0,"Lackawanna , NY",3/23/1951,Youngstown State,,16 Seasons,74.0,"Jaworski, Ron",ronjaworski/2517443,196.0,1974 - 1989,1976,Los Angeles Rams,5,52.0,20.0,38.5,10.4,273.0,5.3,54.6,1.0,1.9,5.0,9.6,42.0,0.0,0.0,5.0,51.0,22.8,QB
66.0,"Lackawanna , NY",3/23/1951,Youngstown State,,16 Seasons,74.0,"Jaworski, Ron",ronjaworski/2517443,196.0,1974 - 1989,1975,Los Angeles Rams,14,48.0,24.0,50.0,3.4,302.0,6.3,21.6,0.0,0.0,2.0,4.2,25.0,0.0,0.0,9.0,75.0,52.6,QB
66.0,"Lackawanna , NY",3/23/1951,Youngstown State,,16 Seasons,74.0,"Jaworski, Ron",ronjaworski/2517443,196.0,1974 - 1989,1974,Los Angeles Rams,5,24.0,10.0,41.7,4.8,144.0,6.0,28.8,0.0,0.0,1.0,4.2,,0.0,0.0,3.0,24.0,44.4,QB
57.0,"Burbank , CA",12/5/1959,Indiana,,7 Seasons,74.0,"Laufenberg, Babe",babelaufenberg/2519150,198.0,1983 - 1990,1990,Dallas Cowboys,4,67.0,24.0,35.8,16.8,279.0,4.2,69.8,1.0,1.5,6.0,9.0,,0.0,0.0,4.0,29.0,16.9,QB
57.0,"Burbank , CA",12/5/1959,Indiana,,7 Seasons,74.0,"Laufenberg, Babe",babelaufenberg/2519150,198.0,1983 - 1990,1988,San Diego Chargers,8,144.0,69.0,47.9,18.0,778.0,5.4,97.2,4.0,2.8,5.0,3.5,,0.0,0.0,18.0,155.0,59.3,QB
73.0,"Homestead , PA",4/19/1944,Waynesburg,,1 Season,70.0,"Theofiledes, Harry",harrytheofiledes/2527197,180.0,1968 - 1968,1968,Washington Redskins,5,20.0,11.0,55.0,4.0,211.0,10.5,42.2,2.0,10.0,1.0,5.0,,0.0,0.0,4.0,29.0,104.4,QB
70.0,"Nashua , NH",12/18/1946,Massachusetts,,15 Seasons,76.0,"Landry, Greg",greglandry/2519027,210.0,1968 - 1984,1984,Chicago Bears,1,20.0,11.0,55.0,20.0,199.0,10.0,199.0,1.0,5.0,3.0,15.0,,0.0,0.0,0.0,0.0,66.5,QB
70.0,"Nashua , NH",12/18/1946,Massachusetts,,15 Seasons,76.0,"Landry, Greg",greglandry/2519027,210.0,1968 - 1984,1981,Baltimore Colts,11,29.0,14.0,48.3,2.6,195.0,6.7,17.7,0.0,0.0,1.0,3.4,34.0,0.0,0.0,5.0,50.0,56.0,QB
70.0,"Nashua , NH",12/18/1946,Massachusetts,,15 Seasons,76.0,"Landry, Greg",greglandry/2519027,210.0,1968 - 1984,1980,Baltimore Colts,16,47.0,24.0,51.1,2.9,275.0,5.9,17.2,2.0,4.3,3.0,6.4,32.0,0.0,0.0,2.0,19.0,56.6,QB
70.0,"Nashua , NH",12/18/1946,Massachusetts,,15 Seasons,76.0,"Landry, Greg",greglandry/2519027,210.0,1968 - 1984,1979,Baltimore Colts,16,457.0,270.0,59.1,28.6,,6.4,183.2,15.0,3.3,15.0,3.3,,0.0,0.0,42.0,326.0,75.3,QB
70.0,"Nashua , NH",12/18/1946,Massachusetts,,15 Seasons,76.0,"Landry, Greg",greglandry/2519027,210.0,1968 - 1984,1978,Detroit Lions,5,77.0,48.0,62.3,15.4,452.0,5.9,90.4,1.0,1.3,1.0,1.3,20.0,0.0,0.0,21.0,205.0,77.4,QB
70.0,"Nashua , NH",12/18/1946,Massachusetts,,15 Seasons,76.0,"Landry, Greg",greglandry/2519027,210.0,1968 - 1984,1977,Detroit Lions,11,240.0,135.0,56.3,21.8,,5.7,123.5,6.0,2.5,7.0,2.9,39.0,0.0,0.0,34.0,302.0,68.7,QB
70.0,"Nashua , NH",12/18/1946,Massachusetts,,15 Seasons,76.0,"Landry, Greg",greglandry/2519027,210.0,1968 - 1984,1976,Detroit Lions,14,291.0,168.0,57.7,20.8,,7.5,156.5,17.0,5.8,8.0,2.7,,0.0,0.0,55.0,397.0,89.6,QB
70.0,"Nashua , NH",12/18/1946,Massachusetts,,15 Seasons,76.0,"Landry, Greg",greglandry/2519027,210.0,1968 - 1984,1975,Detroit Lions,6,56.0,31.0,55.4,9.3,403.0,7.2,67.2,1.0,1.8,0.0,0.0,36.0,0.0,0.0,17.0,129.0,84.2,QB
70.0,"Nashua , NH",12/18/1946,Massachusetts,,15 Seasons,76.0,"Landry, Greg",greglandry/2519027,210.0,1968 - 1984,1974,Detroit Lions,5,82.0,49.0,59.8,16.4,572.0,7.0,114.4,3.0,3.7,3.0,3.7,,0.0,0.0,11.0,83.0,77.9,QB
70.0,"Nashua , NH",12/18/1946,Massachusetts,,15 Seasons,76.0,"Landry, Greg",greglandry/2519027,210.0,1968 - 1984,1973,Detroit Lions,7,128.0,70.0,54.7,18.3,908.0,7.1,129.7,3.0,2.3,10.0,7.8,,0.0,0.0,13.0,98.0,52.5,QB
70.0,"Nashua , NH",12/18/1946,Massachusetts,,15 Seasons,76.0,"Landry, Greg",greglandry/2519027,210.0,1968 - 1984,1972,Detroit Lions,14,268.0,134.0,50.0,19.1,,7.7,147.6,18.0,6.7,17.0,6.3,,0.0,0.0,25.0,149.0,71.8,QB
70.0,"Nashua , NH",12/18/1946,Massachusetts,,15 Seasons,76.0,"Landry, Greg",greglandry/2519027,210.0,1968 - 1984,1971,Detroit Lions,14,261.0,136.0,52.1,18.6,,8.6,159.8,16.0,6.1,13.0,5.0,,0.0,0.0,29.0,232.0,80.9,QB
70.0,"Nashua , NH",12/18/1946,Massachusetts,,15 Seasons,76.0,"Landry, Greg",greglandry/2519027,210.0,1968 - 1984,1970,Detroit Lions,12,136.0,83.0,61.0,11.3,,7.9,89.3,9.0,6.6,5.0,3.7,,0.0,0.0,26.0,198.0,92.5,QB
70.0,"Nashua , NH",12/18/1946,Massachusetts,,15 Seasons,76.0,"Landry, Greg",greglandry/2519027,210.0,1968 - 1984,1969,Detroit Lions,10,160.0,80.0,50.0,16.0,853.0,5.3,85.3,4.0,2.5,10.0,6.3,,0.0,0.0,30.0,265.0,48.3,QB
70.0,"Nashua , NH",12/18/1946,Massachusetts,,15 Seasons,76.0,"Landry, Greg",greglandry/2519027,210.0,1968 - 1984,1968,Detroit Lions,4,48.0,23.0,47.9,12.0,338.0,7.0,84.5,2.0,4.2,7.0,14.6,,0.0,0.0,6.0,50.0,45.7,QB
62.0,"Provo , UT",10/25/1954,Brigham Young,,6 Seasons,76.0,"Nielsen, Gifford",giffordnielsen/2522154,205.0,1978 - 1983,1983,Houston Oilers,7,175.0,90.0,51.4,25.0,,6.4,160.7,5.0,2.9,8.0,4.6,48.0,0.0,0.0,22.0,163.0,62.2,QB
62.0,"Provo , UT",10/25/1954,Brigham Young,,6 Seasons,76.0,"Nielsen, Gifford",giffordnielsen/2522154,205.0,1978 - 1983,1982,Houston Oilers,9,161.0,87.0,54.0,17.9,,6.2,111.7,6.0,3.7,8.0,5.0,46.0,0.0,0.0,12.0,92.0,64.8,QB
62.0,"Provo , UT",10/25/1954,Brigham Young,,6 Seasons,76.0,"Nielsen, Gifford",giffordnielsen/2522154,205.0,1978 - 1983,1981,Houston Oilers,5,93.0,60.0,64.5,18.6,709.0,7.6,141.8,5.0,5.4,3.0,3.2,44.0,0.0,0.0,8.0,61.0,92.1,QB
62.0,"Provo , UT",10/25/1954,Brigham Young,,6 Seasons,76.0,"Nielsen, Gifford",giffordnielsen/2522154,205.0,1978 - 1983,1979,Houston Oilers,16,61.0,32.0,52.5,3.8,404.0,6.6,25.2,3.0,4.9,3.0,4.9,41.0,0.0,0.0,3.0,26.0,69.3,QB
,"Chicago , IL",9/26/1930,Illinois,,5 Seasons,71.0,"O'Connell, Tommy",tommyo'connell/2522365,187.0,1953 - 1961,1960,Buffalo Bills,14,145.0,65.0,44.8,10.4,,7.1,73.8,7.0,4.8,13.0,9.0,,0.0,0.0,0.0,0.0,47.9,QB
,"Chicago , IL",9/26/1930,Illinois,,5 Seasons,71.0,"O'Connell, Tommy",tommyo'connell/2522365,187.0,1953 - 1961,1957,Cleveland Browns,11,110.0,63.0,57.3,10.0,,11.2,111.7,9.0,8.2,8.0,7.3,,0.0,0.0,0.0,56.0,93.3,QB
,"Chicago , IL",9/26/1930,Illinois,,5 Seasons,71.0,"O'Connell, Tommy",tommyo'connell/2522365,187.0,1953 - 1961,1956,Cleveland Browns,7,96.0,42.0,43.8,13.7,551.0,5.7,78.7,4.0,4.2,8.0,8.3,,0.0,0.0,0.0,41.0,41.6,QB
,"Chicago , IL",9/26/1930,Illinois,,5 Seasons,71.0,"O'Connell, Tommy",tommyo'connell/2522365,187.0,1953 - 1961,1953,Chicago Bears,12,67.0,33.0,49.3,5.6,437.0,6.5,36.4,1.0,1.5,4.0,6.0,,0.0,0.0,0.0,14.0,50.4,QB
,"Milbank , SD",5/5/1913,Drake,,9 Seasons,72.0,"Manders, Pug",pugmanders/2520048,202.0,1939 - 1947,1944,Brooklyn Tigers,10,34.0,9.0,26.5,3.4,96.0,2.8,9.6,0.0,0.0,4.0,11.8,,0.0,0.0,0.0,0.0,0.0,QB
28.0,"Cincinnati , OH",11/29/1988,Wisconsin,Seattle Seahawks,6th season,71.0,"Wilson, Russell",russellwilson/2532975,215.0,,2016,Seattle Seahawks,16,546.0,353.0,64.7,34.1,,7.7,263.7,21.0,3.8,11.0,2.0,59.0,51.0,11.0,41.0,293.0,92.6,QB
28.0,"Cincinnati , OH",11/29/1988,Wisconsin,Seattle Seahawks,6th season,71.0,"Wilson, Russell",russellwilson/2532975,215.0,,2015,Seattle Seahawks,16,483.0,329.0,68.1,30.2,,8.3,251.5,34.0,7.0,8.0,1.7,,60.0,9.0,45.0,265.0,110.1,QB
28.0,"Cincinnati , OH",11/29/1988,Wisconsin,Seattle Seahawks,6th season,71.0,"Wilson, Russell",russellwilson/2532975,215.0,,2014,Seattle Seahawks,16,452.0,285.0,63.1,28.2,,7.7,217.2,20.0,4.4,7.0,1.5,,54.0,8.0,42.0,242.0,95.0,QB
28.0,"Cincinnati , OH",11/29/1988,Wisconsin,Seattle Seahawks,6th season,71.0,"Wilson, Russell",russellwilson/2532975,215.0,,2013,Seattle Seahawks,16,407.0,257.0,63.1,25.4,,8.2,209.8,26.0,6.4,9.0,2.2,,49.0,10.0,44.0,272.0,101.2,QB
28.0,"Cincinnati , OH",11/29/1988,Wisconsin,Seattle Seahawks,6th season,71.0,"Wilson, Russell",russellwilson/2532975,215.0,,2012,Seattle Seahawks,16,393.0,252.0,64.1,24.6,,7.9,194.9,26.0,6.6,10.0,2.5,67.0,42.0,11.0,33.0,203.0,100.0,QB
75.0,"Plainfield , NJ",5/24/1942,Penn State,,5 Seasons,75.0,"Liske, Pete",peteliske/2519570,200.0,1964 - 1972,1972,Philadelphia Eagles,14,138.0,71.0,51.4,9.9,973.0,7.1,69.5,3.0,2.2,7.0,5.1,,0.0,0.0,11.0,107.0,60.4,QB
75.0,"Plainfield , NJ",5/24/1942,Penn State,,5 Seasons,75.0,"Liske, Pete",peteliske/2519570,200.0,1964 - 1972,1971,Philadelphia Eagles,14,269.0,143.0,53.2,19.2,,7.3,139.8,11.0,4.1,15.0,5.6,,0.0,0.0,13.0,134.0,67.1,QB
75.0,"Plainfield , NJ",5/24/1942,Penn State,,5 Seasons,75.0,"Liske, Pete",peteliske/2519570,200.0,1964 - 1972,1970,Denver Broncos,11,238.0,112.0,47.1,21.6,,5.6,121.8,7.0,2.9,11.0,4.6,,0.0,0.0,28.0,228.0,55.3,QB
75.0,"Plainfield , NJ",5/24/1942,Penn State,,5 Seasons,75.0,"Liske, Pete",peteliske/2519570,200.0,1964 - 1972,1969,Denver Broncos,7,115.0,61.0,53.0,16.4,845.0,7.3,120.7,9.0,7.8,11.0,9.6,,0.0,0.0,15.0,103.0,63.4,QB
75.0,"Plainfield , NJ",5/24/1942,Penn State,,5 Seasons,75.0,"Liske, Pete",peteliske/2519570,200.0,1964 - 1972,1964,New York Jets,2,18.0,9.0,50.0,9.0,55.0,3.1,27.5,0.0,0.0,2.0,11.1,,0.0,0.0,0.0,0.0,16.9,QB
29.0,"Chicago , IL",7/25/1987,Northwestern,,5 Seasons,75.0,"Kafka, Mike",mikekafka/497117,230.0,2010 - 2015,2011,Philadelphia Eagles,4,16.0,11.0,68.8,4.0,107.0,6.7,26.8,0.0,0.0,2.0,12.5,43.0,1.0,1.0,1.0,6.0,47.7,QB
40.0,"Knoxville , TN",6/26/1976,Marshall,,11 Seasons,75.0,"Pennington, Chad",chadpennington/2504181,225.0,2000 - 2010,2009,Miami Dolphins,3,74.0,51.0,68.9,24.7,413.0,5.6,137.7,1.0,1.4,2.0,2.7,21.0,3.0,0.0,6.0,32.0,76.0,QB
40.0,"Knoxville , TN",6/26/1976,Marshall,,11 Seasons,75.0,"Pennington, Chad",chadpennington/2504181,225.0,2000 - 2010,2008,Miami Dolphins,16,476.0,321.0,67.4,29.8,,7.7,228.3,19.0,4.0,7.0,1.5,,38.0,8.0,24.0,121.0,97.4,QB
40.0,"Knoxville , TN",6/26/1976,Marshall,,11 Seasons,75.0,"Pennington, Chad",chadpennington/2504181,225.0,2000 - 2010,2007,New York Jets,9,260.0,179.0,68.8,28.9,,6.8,196.1,10.0,3.8,9.0,3.5,,19.0,3.0,26.0,178.0,86.1,QB
40.0,"Knoxville , TN",6/26/1976,Marshall,,11 Seasons,75.0,"Pennington, Chad",chadpennington/2504181,225.0,2000 - 2010,2006,New York Jets,16,485.0,313.0,64.5,30.3,,6.9,209.5,17.0,3.5,16.0,3.3,,38.0,9.0,30.0,172.0,82.6,QB
40.0,"Knoxville , TN",6/26/1976,Marshall,,11 Seasons,75.0,"Pennington, Chad",chadpennington/2504181,225.0,2000 - 2010,2005,New York Jets,3,83.0,49.0,59.0,27.7,530.0,6.4,176.7,2.0,2.4,3.0,3.6,37.0,7.0,0.0,9.0,52.0,70.9,QB
40.0,"Knoxville , TN",6/26/1976,Marshall,,11 Seasons,75.0,"Pennington, Chad",chadpennington/2504181,225.0,2000 - 2010,2004,New York Jets,13,370.0,242.0,65.4,28.5,,7.2,205.6,16.0,4.3,9.0,2.4,48.0,33.0,6.0,18.0,103.0,91.0,QB
40.0,"Knoxville , TN",6/26/1976,Marshall,,11 Seasons,75.0,"Pennington, Chad",chadpennington/2504181,225.0,2000 - 2010,2003,New York Jets,10,297.0,189.0,63.6,29.7,,7.2,213.9,13.0,4.4,12.0,4.0,,26.0,6.0,25.0,160.0,82.9,QB
40.0,"Knoxville , TN",6/26/1976,Marshall,,11 Seasons,75.0,"Pennington, Chad",chadpennington/2504181,225.0,2000 - 2010,2002,New York Jets,15,399.0,275.0,68.9,26.6,,7.8,208.0,22.0,5.5,6.0,1.5,47.0,40.0,3.0,22.0,135.0,104.2,QB
40.0,"Knoxville , TN",6/26/1976,Marshall,,11 Seasons,75.0,"Pennington, Chad",chadpennington/2504181,225.0,2000 - 2010,2001,New York Jets,2,20.0,10.0,50.0,10.0,92.0,4.6,46.0,1.0,5.0,0.0,0.0,24.0,1.0,0.0,1.0,8.0,79.6,QB
36.0,"Cudahy , WI",9/9/1980,Michigan,,3 Seasons,78.0,"Navarre, John",johnnavarre/2506020,243.0,2004 - 2006,2005,Arizona Cardinals,1,24.0,14.0,58.3,24.0,174.0,7.3,174.0,1.0,4.2,1.0,4.2,43.0,3.0,2.0,4.0,27.0,77.4,QB
36.0,"Cudahy , WI",9/9/1980,Michigan,,3 Seasons,78.0,"Navarre, John",johnnavarre/2506020,243.0,2004 - 2006,2004,Arizona Cardinals,1,40.0,18.0,45.0,40.0,168.0,4.2,168.0,1.0,2.5,4.0,10.0,,1.0,0.0,1.0,8.0,25.8,QB
,"Joliet , IL",9/18/1910,Northwestern,,4 Seasons,73.0,"Rentner, Pug",pugrentner/2523976,187.0,1934 - 1937,1936,Boston Redskins,12,39.0,15.0,38.5,3.2,198.0,5.1,16.5,0.0,0.0,6.0,15.4,,0.0,0.0,0.0,0.0,15.7,QB
,"Joliet , IL",9/18/1910,Northwestern,,4 Seasons,73.0,"Rentner, Pug",pugrentner/2523976,187.0,1934 - 1937,1935,Boston Redskins,11,50.0,9.0,18.0,4.5,148.0,3.0,13.5,1.0,2.0,15.0,30.0,,0.0,0.0,0.0,0.0,6.7,QB
,"Pittsburgh , PA",5/7/1933,Louisville,,18 Seasons,73.0,"Unitas, Johnny",johnnyunitas/2527792,194.0,1956 - 1973,1973,San Diego Chargers,5,76.0,34.0,44.7,15.2,471.0,6.2,94.2,3.0,3.9,7.0,9.2,,0.0,0.0,14.0,96.0,40.0,QB
,"Pittsburgh , PA",5/7/1933,Louisville,,18 Seasons,73.0,"Unitas, Johnny",johnnyunitas/2527792,194.0,1956 - 1973,1972,Baltimore Colts,8,157.0,88.0,56.1,19.6,,7.1,138.9,4.0,2.5,6.0,3.8,,0.0,0.0,14.0,114.0,70.8,QB
,"Pittsburgh , PA",5/7/1933,Louisville,,18 Seasons,73.0,"Unitas, Johnny",johnnyunitas/2527792,194.0,1956 - 1973,1971,Baltimore Colts,13,176.0,92.0,52.3,13.5,942.0,5.4,72.5,3.0,1.7,9.0,5.1,,0.0,0.0,15.0,129.0,52.3,QB
,"Pittsburgh , PA",5/7/1933,Louisville,,18 Seasons,73.0,"Unitas, Johnny",johnnyunitas/2527792,194.0,1956 - 1973,1970,Baltimore Colts,14,321.0,166.0,51.7,22.9,,6.9,158.1,14.0,4.4,18.0,5.6,,0.0,0.0,19.0,158.0,65.1,QB
,"Pittsburgh , PA",5/7/1933,Louisville,,18 Seasons,73.0,"Unitas, Johnny",johnnyunitas/2527792,194.0,1956 - 1973,1969,Baltimore Colts,13,327.0,178.0,54.4,25.2,,7.2,180.2,12.0,3.7,20.0,6.1,,0.0,0.0,12.0,93.0,64.0,QB
,"Pittsburgh , PA",5/7/1933,Louisville,,18 Seasons,73.0,"Unitas, Johnny",johnnyunitas/2527792,194.0,1956 - 1973,1968,Baltimore Colts,5,32.0,11.0,34.4,6.4,139.0,4.3,27.8,2.0,6.3,4.0,12.5,,0.0,0.0,2.0,15.0,30.1,QB
,"Pittsburgh , PA",5/7/1933,Louisville,,18 Seasons,73.0,"Unitas, Johnny",johnnyunitas/2527792,194.0,1956 - 1973,1967,Baltimore Colts,14,436.0,255.0,58.5,31.1,,7.9,244.9,20.0,4.6,16.0,3.7,,0.0,0.0,25.0,198.0,83.6,QB
,"Pittsburgh , PA",5/7/1933,Louisville,,18 Seasons,73.0,"Unitas, Johnny",johnnyunitas/2527792,194.0,1956 - 1973,1966,Baltimore Colts,14,348.0,195.0,56.0,24.9,,7.9,196.3,22.0,6.3,24.0,6.9,,0.0,0.0,21.0,146.0,74.0,QB
,"Pittsburgh , PA",5/7/1933,Louisville,,18 Seasons,73.0,"Unitas, Johnny",johnnyunitas/2527792,194.0,1956 - 1973,1965,Baltimore Colts,11,282.0,164.0,58.2,25.6,,9.0,230.0,23.0,8.2,12.0,4.3,,0.0,0.0,29.0,221.0,97.4,QB
,"Pittsburgh , PA",5/7/1933,Louisville,,18 Seasons,73.0,"Unitas, Johnny",johnnyunitas/2527792,194.0,1956 - 1973,1964,Baltimore Colts,14,305.0,158.0,51.8,21.8,,9.3,201.7,19.0,6.2,6.0,2.0,,0.0,0.0,37.0,254.0,96.4,QB
,"Pittsburgh , PA",5/7/1933,Louisville,,18 Seasons,73.0,"Unitas, Johnny",johnnyunitas/2527792,194.0,1956 - 1973,1963,Baltimore Colts,14,410.0,237.0,57.8,29.3,,8.5,248.6,20.0,4.9,12.0,2.9,,0.0,0.0,42.0,298.0,89.7,QB
,"Pittsburgh , PA",5/7/1933,Louisville,,18 Seasons,73.0,"Unitas, Johnny",johnnyunitas/2527792,194.0,1956 - 1973,1962,Baltimore Colts,14,389.0,222.0,57.1,27.8,,7.6,211.9,23.0,5.9,23.0,5.9,,0.0,0.0,0.0,255.0,76.5,QB
,"Pittsburgh , PA",5/7/1933,Louisville,,18 Seasons,73.0,"Unitas, Johnny",johnnyunitas/2527792,194.0,1956 - 1973,1961,Baltimore Colts,14,420.0,229.0,54.5,30.0,,7.1,213.6,16.0,3.8,24.0,5.7,,0.0,0.0,0.0,204.0,66.1,QB
,"Pittsburgh , PA",5/7/1933,Louisville,,18 Seasons,73.0,"Unitas, Johnny",johnnyunitas/2527792,194.0,1956 - 1973,1960,Baltimore Colts,12,378.0,190.0,50.3,31.5,,8.2,258.2,25.0,6.6,24.0,6.3,,0.0,0.0,0.0,190.0,73.7,QB
,"Pittsburgh , PA",5/7/1933,Louisville,,18 Seasons,73.0,"Unitas, Johnny",johnnyunitas/2527792,194.0,1956 - 1973,1959,Baltimore Colts,12,367.0,193.0,52.6,30.6,,7.9,241.6,32.0,8.7,14.0,3.8,,0.0,0.0,0.0,185.0,92.0,QB
,"Pittsburgh , PA",5/7/1933,Louisville,,18 Seasons,73.0,"Unitas, Johnny",johnnyunitas/2527792,194.0,1956 - 1973,1958,Baltimore Colts,10,263.0,136.0,51.7,26.3,,7.6,200.7,19.0,7.2,7.0,2.7,,0.0,0.0,0.0,120.0,90.0,QB
,"Pittsburgh , PA",5/7/1933,Louisville,,18 Seasons,73.0,"Unitas, Johnny",johnnyunitas/2527792,194.0,1956 - 1973,1957,Baltimore Colts,12,301.0,172.0,57.1,25.1,,8.5,212.5,24.0,8.0,17.0,5.6,,0.0,0.0,0.0,212.0,88.0,QB
,"Pittsburgh , PA",5/7/1933,Louisville,,18 Seasons,73.0,"Unitas, Johnny",johnnyunitas/2527792,194.0,1956 - 1973,1956,Baltimore Colts,12,198.0,110.0,55.6,16.5,,7.6,124.8,9.0,4.5,10.0,5.1,,0.0,0.0,0.0,202.0,74.0,QB
,"Des Moines , IA",11/12/1907,Drake,,5 Seasons,72.0,"Nesbitt, Dick",dicknesbitt/2522054,204.0,1930 - 1934,1933,Chicago Cardinals,5,15.0,1.0,6.7,3.0,11.0,0.7,2.2,0.0,0.0,4.0,26.7,,0.0,0.0,0.0,0.0,0.0,QB
26.0,"Fresno , CA",3/28/1991,Fresno State,Oakland Raiders,4th season,75.0,"Carr, Derek",derekcarr/2543499,215.0,,2016,Oakland Raiders,15,560.0,357.0,63.8,37.3,,7.0,262.5,28.0,5.0,6.0,1.1,,50.0,8.0,16.0,79.0,96.7,QB
26.0,"Fresno , CA",3/28/1991,Fresno State,Oakland Raiders,4th season,75.0,"Carr, Derek",derekcarr/2543499,215.0,,2015,Oakland Raiders,16,573.0,350.0,61.1,35.8,,7.0,249.2,32.0,5.6,13.0,2.3,,53.0,10.0,31.0,230.0,91.1,QB
26.0,"Fresno , CA",3/28/1991,Fresno State,Oakland Raiders,4th season,75.0,"Carr, Derek",derekcarr/2543499,215.0,,2014,Oakland Raiders,16,599.0,348.0,58.1,37.4,,5.5,204.4,21.0,3.5,12.0,2.0,,28.0,7.0,24.0,149.0,76.6,QB
,"Kansas City , KS",9/22/1922,Kansas,,1 Season,73.0,"Evans, Ray",rayevans/2513759,195.0,1948 - 1948,1948,Pittsburgh Steelers,9,137.0,64.0,46.7,15.2,924.0,6.7,102.7,5.0,3.6,17.0,12.4,,0.0,0.0,0.0,81.0,41.7,QB
,"Cleveland , OH",10/12/1907,Ashland,,3 Seasons,70.0,"Novotny, Ray",raynovotny/2522290,165.0,1930 - 1932,1932,Brooklyn Dodgers,10,15.0,5.0,33.3,1.5,50.0,3.3,5.0,0.0,0.0,1.0,6.7,,0.0,0.0,0.0,0.0,16.0,QB
,"Baton Rouge , LA",8/12/1951,Mississippi,,4 Seasons,73.0,"Weese, Norris",norrisweese/2528452,195.0,1976 - 1979,1979,Denver Broncos,16,97.0,53.0,54.6,6.1,731.0,7.5,45.7,1.0,1.0,3.0,3.1,50.0,0.0,0.0,13.0,86.0,69.6,QB
,"Baton Rouge , LA",8/12/1951,Mississippi,,4 Seasons,73.0,"Weese, Norris",norrisweese/2528452,195.0,1976 - 1979,1978,Denver Broncos,13,87.0,55.0,63.2,6.7,723.0,8.3,55.6,4.0,4.6,5.0,5.7,31.0,0.0,0.0,12.0,94.0,80.8,QB
,"Baton Rouge , LA",8/12/1951,Mississippi,,4 Seasons,73.0,"Weese, Norris",norrisweese/2528452,195.0,1976 - 1979,1977,Denver Broncos,14,20.0,11.0,55.0,1.4,119.0,6.0,8.5,1.0,5.0,0.0,0.0,31.0,0.0,0.0,2.0,15.0,89.4,QB
,"Baton Rouge , LA",8/12/1951,Mississippi,,4 Seasons,73.0,"Weese, Norris",norrisweese/2528452,195.0,1976 - 1979,1976,Denver Broncos,14,47.0,24.0,51.1,3.4,314.0,6.7,22.4,1.0,2.1,6.0,12.8,43.0,0.0,0.0,9.0,45.0,40.0,QB
37.0,"Washington , DC",1/14/1980,Marshall,,10 Seasons,77.0,"Leftwich, Byron",byronleftwich/2505673,250.0,2003 - 2012,2012,Pittsburgh Steelers,2,53.0,25.0,47.2,26.5,272.0,5.1,136.0,0.0,0.0,1.0,1.9,37.0,5.0,0.0,3.0,24.0,54.9,QB
37.0,"Washington , DC",1/14/1980,Marshall,,10 Seasons,77.0,"Leftwich, Byron",byronleftwich/2505673,250.0,2003 - 2012,2009,Tampa Bay Buccaneers,3,107.0,58.0,54.2,35.7,594.0,5.6,198.0,4.0,3.7,3.0,2.8,47.0,7.0,2.0,2.0,0.0,71.2,QB
37.0,"Washington , DC",1/14/1980,Marshall,,10 Seasons,77.0,"Leftwich, Byron",byronleftwich/2505673,250.0,2003 - 2012,2008,Pittsburgh Steelers,5,36.0,21.0,58.3,7.2,303.0,8.4,60.6,2.0,5.6,0.0,0.0,50.0,4.0,1.0,3.0,22.0,104.3,QB
37.0,"Washington , DC",1/14/1980,Marshall,,10 Seasons,77.0,"Leftwich, Byron",byronleftwich/2505673,250.0,2003 - 2012,2007,Atlanta Falcons,3,58.0,32.0,55.2,19.3,279.0,4.8,93.0,1.0,1.7,2.0,3.4,23.0,2.0,0.0,6.0,34.0,59.5,QB
37.0,"Washington , DC",1/14/1980,Marshall,,10 Seasons,77.0,"Leftwich, Byron",byronleftwich/2505673,250.0,2003 - 2012,2006,Jacksonville Jaguars,6,183.0,108.0,59.0,30.5,,6.3,193.2,7.0,3.8,5.0,2.7,,13.0,3.0,9.0,48.0,79.0,QB
37.0,"Washington , DC",1/14/1980,Marshall,,10 Seasons,77.0,"Leftwich, Byron",byronleftwich/2505673,250.0,2003 - 2012,2005,Jacksonville Jaguars,11,302.0,175.0,57.9,27.5,,7.0,193.0,15.0,5.0,5.0,1.7,,31.0,5.0,23.0,110.0,89.3,QB
37.0,"Washington , DC",1/14/1980,Marshall,,10 Seasons,77.0,"Leftwich, Byron",byronleftwich/2505673,250.0,2003 - 2012,2004,Jacksonville Jaguars,14,441.0,267.0,60.5,31.5,,6.7,210.1,15.0,3.4,10.0,2.3,65.0,33.0,7.0,25.0,114.0,82.2,QB
37.0,"Washington , DC",1/14/1980,Marshall,,10 Seasons,77.0,"Leftwich, Byron",byronleftwich/2505673,250.0,2003 - 2012,2003,Jacksonville Jaguars,15,418.0,239.0,57.2,27.9,,6.7,187.9,14.0,3.3,16.0,3.8,,33.0,7.0,19.0,90.0,73.0,QB
33.0,"Seattle , WA",5/7/1984,Utah,Kansas City Chiefs,13th season,76.0,"Smith, Alex",alexsmith/2506340,217.0,,2016,Kansas City Chiefs,15,489.0,328.0,67.1,32.6,,7.2,233.5,15.0,3.1,8.0,1.6,,39.0,8.0,28.0,140.0,91.2,QB
33.0,"Seattle , WA",5/7/1984,Utah,Kansas City Chiefs,13th season,76.0,"Smith, Alex",alexsmith/2506340,217.0,,2015,Kansas City Chiefs,16,470.0,307.0,65.3,29.4,,7.4,217.9,20.0,4.3,7.0,1.5,,42.0,10.0,45.0,235.0,95.4,QB
33.0,"Seattle , WA",5/7/1984,Utah,Kansas City Chiefs,13th season,76.0,"Smith, Alex",alexsmith/2506340,217.0,,2014,Kansas City Chiefs,15,464.0,303.0,65.3,30.9,,7.0,217.7,18.0,3.9,6.0,1.3,,40.0,3.0,45.0,229.0,93.4,QB
33.0,"Seattle , WA",5/7/1984,Utah,Kansas City Chiefs,13th season,76.0,"Smith, Alex",alexsmith/2506340,217.0,,2013,Kansas City Chiefs,15,508.0,308.0,60.6,33.9,,6.5,220.9,23.0,4.5,7.0,1.4,,42.0,6.0,39.0,210.0,89.1,QB
33.0,"Seattle , WA",5/7/1984,Utah,Kansas City Chiefs,13th season,76.0,"Smith, Alex",alexsmith/2506340,217.0,,2012,San Francisco 49ers,10,218.0,153.0,70.2,21.8,,8.0,173.7,13.0,6.0,5.0,2.3,55.0,22.0,4.0,24.0,137.0,104.1,QB
33.0,"Seattle , WA",5/7/1984,Utah,Kansas City Chiefs,13th season,76.0,"Smith, Alex",alexsmith/2506340,217.0,,2011,San Francisco 49ers,16,445.0,273.0,61.3,27.8,,7.1,196.5,17.0,3.8,5.0,1.1,,41.0,6.0,44.0,263.0,90.7,QB
33.0,"Seattle , WA",5/7/1984,Utah,Kansas City Chiefs,13th season,76.0,"Smith, Alex",alexsmith/2506340,217.0,,2010,San Francisco 49ers,11,342.0,204.0,59.6,31.1,,6.9,215.5,14.0,4.1,10.0,2.9,,30.0,7.0,25.0,140.0,82.1,QB
33.0,"Seattle , WA",5/7/1984,Utah,Kansas City Chiefs,13th season,76.0,"Smith, Alex",alexsmith/2506340,217.0,,2009,San Francisco 49ers,11,372.0,225.0,60.5,33.8,,6.3,213.6,18.0,4.8,12.0,3.2,,33.0,5.0,22.0,134.0,81.5,QB
33.0,"Seattle , WA",5/7/1984,Utah,Kansas City Chiefs,13th season,76.0,"Smith, Alex",alexsmith/2506340,217.0,,2007,San Francisco 49ers,7,193.0,94.0,48.7,27.6,914.0,4.7,130.6,2.0,1.0,4.0,2.1,45.0,11.0,1.0,17.0,121.0,57.2,QB
33.0,"Seattle , WA",5/7/1984,Utah,Kansas City Chiefs,13th season,76.0,"Smith, Alex",alexsmith/2506340,217.0,,2006,San Francisco 49ers,16,442.0,257.0,58.1,27.6,,6.5,180.6,16.0,3.6,16.0,3.6,75.0,34.0,8.0,35.0,202.0,74.8,QB
33.0,"Seattle , WA",5/7/1984,Utah,Kansas City Chiefs,13th season,76.0,"Smith, Alex",alexsmith/2506340,217.0,,2005,San Francisco 49ers,9,165.0,84.0,50.9,18.3,875.0,5.3,97.2,1.0,0.6,11.0,6.7,47.0,13.0,2.0,29.0,185.0,40.8,QB
,"Mount Pleasant , IA",4/11/1949,Miami (Fla.),,3 Seasons,73.0,"Lawrence, Larry",larrylawrence/2519183,208.0,1974 - 1976,1975,Oakland Raiders,1,15.0,5.0,33.3,15.0,50.0,3.3,50.0,0.0,0.0,1.0,6.7,17.0,0.0,0.0,2.0,15.0,16.0,QB
,"Birmingham , AL",4/14/1926,Alabama,,8 Seasons,72.0,"Gilmer, Harry",harrygilmer/2514904,169.0,1948 - 1956,1956,Detroit Lions,11,46.0,27.0,58.7,4.2,303.0,6.6,27.5,4.0,8.7,3.0,6.5,,0.0,0.0,0.0,11.0,80.3,QB
,"Birmingham , AL",4/14/1926,Alabama,,8 Seasons,72.0,"Gilmer, Harry",harrygilmer/2514904,169.0,1948 - 1956,1955,Detroit Lions,8,122.0,58.0,47.5,15.2,633.0,5.2,79.1,2.0,1.6,4.0,3.3,,0.0,0.0,0.0,60.0,55.1,QB
,"Birmingham , AL",4/14/1926,Alabama,,8 Seasons,72.0,"Gilmer, Harry",harrygilmer/2514904,169.0,1948 - 1956,1952,Washington Redskins,12,58.0,31.0,53.4,4.8,555.0,9.6,46.2,4.0,6.9,4.0,6.9,,0.0,0.0,0.0,124.0,80.7,QB
,"Birmingham , AL",4/14/1926,Alabama,,8 Seasons,72.0,"Gilmer, Harry",harrygilmer/2514904,169.0,1948 - 1956,1951,Washington Redskins,10,68.0,31.0,45.6,6.8,391.0,5.8,39.1,1.0,1.5,6.0,8.8,,0.0,0.0,0.0,59.0,32.2,QB
,"Birmingham , AL",4/14/1926,Alabama,,8 Seasons,72.0,"Gilmer, Harry",harrygilmer/2514904,169.0,1948 - 1956,1950,Washington Redskins,10,141.0,63.0,44.7,14.1,948.0,6.7,94.8,8.0,5.7,12.0,8.5,,0.0,0.0,0.0,53.0,50.8,QB
,"Birmingham , AL",4/14/1926,Alabama,,8 Seasons,72.0,"Gilmer, Harry",harrygilmer/2514904,169.0,1948 - 1956,1949,Washington Redskins,12,132.0,49.0,37.1,11.0,869.0,6.6,72.4,4.0,3.0,15.0,11.4,,0.0,0.0,0.0,165.0,31.0,QB
35.0,"Laurel , MS",12/31/1981,Auburn,,10 Seasons,77.0,"Campbell, Jason",jasoncampbell/2506364,235.0,2005 - 2014,2014,Cincinnati Bengals,4,19.0,11.0,57.9,4.8,74.0,3.9,18.5,0.0,0.0,0.0,0.0,38.0,1.0,0.0,1.0,0.0,66.6,QB
35.0,"Laurel , MS",12/31/1981,Auburn,,10 Seasons,77.0,"Campbell, Jason",jasoncampbell/2506364,235.0,2005 - 2014,2013,Cleveland Browns,9,317.0,180.0,56.8,35.2,,6.4,223.9,11.0,3.5,8.0,2.5,,25.0,7.0,16.0,97.0,76.9,QB
35.0,"Laurel , MS",12/31/1981,Auburn,,10 Seasons,77.0,"Campbell, Jason",jasoncampbell/2506364,235.0,2005 - 2014,2012,Chicago Bears,6,51.0,32.0,62.7,8.5,265.0,5.2,44.2,2.0,3.9,2.0,3.9,45.0,1.0,1.0,6.0,49.0,72.8,QB
35.0,"Laurel , MS",12/31/1981,Auburn,,10 Seasons,77.0,"Campbell, Jason",jasoncampbell/2506364,235.0,2005 - 2014,2011,Oakland Raiders,6,165.0,100.0,60.6,27.5,,7.1,195.0,6.0,3.6,4.0,2.4,58.0,17.0,3.0,5.0,19.0,84.2,QB
35.0,"Laurel , MS",12/31/1981,Auburn,,10 Seasons,77.0,"Campbell, Jason",jasoncampbell/2506364,235.0,2005 - 2014,2010,Oakland Raiders,13,329.0,194.0,59.0,25.3,,7.3,183.6,13.0,4.0,8.0,2.4,,29.0,8.0,33.0,208.0,84.5,QB
35.0,"Laurel , MS",12/31/1981,Auburn,,10 Seasons,77.0,"Campbell, Jason",jasoncampbell/2506364,235.0,2005 - 2014,2009,Washington Redskins,16,507.0,327.0,64.5,31.7,,7.1,226.1,20.0,3.9,15.0,3.0,84.0,40.0,8.0,43.0,285.0,86.4,QB
35.0,"Laurel , MS",12/31/1981,Auburn,,10 Seasons,77.0,"Campbell, Jason",jasoncampbell/2506364,235.0,2005 - 2014,2008,Washington Redskins,16,506.0,315.0,62.3,31.6,,6.4,202.8,13.0,2.6,6.0,1.2,,34.0,3.0,38.0,266.0,84.3,QB
35.0,"Laurel , MS",12/31/1981,Auburn,,10 Seasons,77.0,"Campbell, Jason",jasoncampbell/2506364,235.0,2005 - 2014,2007,Washington Redskins,13,417.0,250.0,60.0,32.1,,6.5,207.7,12.0,2.9,11.0,2.6,54.0,30.0,4.0,21.0,110.0,77.6,QB
35.0,"Laurel , MS",12/31/1981,Auburn,,10 Seasons,77.0,"Campbell, Jason",jasoncampbell/2506364,235.0,2005 - 2014,2006,Washington Redskins,7,207.0,110.0,53.1,29.6,,6.3,185.3,10.0,4.8,6.0,2.9,,13.0,3.0,7.0,55.0,76.5,QB
,"Whipple , WV",8/30/1915,Tennessee,,4 Seasons,70.0,"Cafego, George",georgecafego/2510890,169.0,1940 - 1945,1945,Boston Yanks,7,26.0,13.0,50.0,3.7,149.0,5.7,21.3,0.0,0.0,4.0,15.4,,0.0,0.0,0.0,0.0,28.0,QB
,"Whipple , WV",8/30/1915,Tennessee,,4 Seasons,70.0,"Cafego, George",georgecafego/2510890,169.0,1940 - 1945,1944,Boston Yanks,9,73.0,35.0,47.9,8.1,454.0,6.2,50.4,3.0,4.1,7.0,9.6,,0.0,0.0,0.0,0.0,42.1,QB
,"Whipple , WV",8/30/1915,Tennessee,,4 Seasons,70.0,"Cafego, George",georgecafego/2510890,169.0,1940 - 1945,1943,Brooklyn Dodgers,5,36.0,17.0,47.2,7.2,209.0,5.8,41.8,0.0,0.0,3.0,8.3,,0.0,0.0,0.0,0.0,30.9,QB
,"Whipple , WV",8/30/1915,Tennessee,,4 Seasons,70.0,"Cafego, George",georgecafego/2510890,169.0,1940 - 1945,1940,Brooklyn Dodgers,10,17.0,7.0,41.2,1.7,105.0,6.2,10.5,1.0,5.9,2.0,11.8,,0.0,0.0,0.0,0.0,42.2,QB
,"Parkersburg , WV",9/18/1912,West Virginia Wesleyan,,5 Seasons,72.0,"Barnum, Len",lenbarnum/2509058,200.0,1938 - 1942,1941,Philadelphia Eagles,11,55.0,19.0,34.5,5.0,260.0,4.7,23.6,0.0,0.0,10.0,18.2,,0.0,0.0,0.0,0.0,11.0,QB
,"Parkersburg , WV",9/18/1912,West Virginia Wesleyan,,5 Seasons,72.0,"Barnum, Len",lenbarnum/2509058,200.0,1938 - 1942,1940,New York Giants,10,23.0,9.0,39.1,2.3,150.0,6.5,15.0,3.0,13.0,2.0,8.7,,0.0,0.0,0.0,0.0,65.2,QB
,"Parkersburg , WV",9/18/1912,West Virginia Wesleyan,,5 Seasons,72.0,"Barnum, Len",lenbarnum/2509058,200.0,1938 - 1942,1939,New York Giants,11,27.0,8.0,29.6,2.5,141.0,5.2,12.8,3.0,11.1,1.0,3.7,,0.0,0.0,0.0,0.0,70.4,QB
50.0,"West Covina , CA",11/21/1966,UCLA,,12 Seasons,76.0,"Aikman, Troy",troyaikman/2499369,220.0,1989 - 2000,2000,Dallas Cowboys,11,262.0,156.0,59.5,23.8,,6.2,148.4,7.0,2.7,14.0,5.3,48.0,15.0,1.0,13.0,91.0,64.3,QB
50.0,"West Covina , CA",11/21/1966,UCLA,,12 Seasons,76.0,"Aikman, Troy",troyaikman/2499369,220.0,1989 - 2000,1999,Dallas Cowboys,14,442.0,263.0,59.5,31.6,,6.7,211.7,17.0,3.8,12.0,2.7,,36.0,7.0,19.0,130.0,81.1,QB
50.0,"West Covina , CA",11/21/1966,UCLA,,12 Seasons,76.0,"Aikman, Troy",troyaikman/2499369,220.0,1989 - 2000,1998,Dallas Cowboys,11,315.0,187.0,59.4,28.6,,7.4,211.8,12.0,3.8,5.0,1.6,,28.0,8.0,9.0,58.0,88.5,QB
50.0,"West Covina , CA",11/21/1966,UCLA,,12 Seasons,76.0,"Aikman, Troy",troyaikman/2499369,220.0,1989 - 2000,1997,Dallas Cowboys,16,518.0,292.0,56.4,32.4,,6.3,205.2,19.0,3.7,12.0,2.3,,34.0,7.0,33.0,269.0,78.0,QB
50.0,"West Covina , CA",11/21/1966,UCLA,,12 Seasons,76.0,"Aikman, Troy",troyaikman/2499369,220.0,1989 - 2000,1996,Dallas Cowboys,15,465.0,296.0,63.7,31.0,,6.7,208.4,12.0,2.6,13.0,2.8,61.0,31.0,5.0,18.0,120.0,80.1,QB
50.0,"West Covina , CA",11/21/1966,UCLA,,12 Seasons,76.0,"Aikman, Troy",troyaikman/2499369,220.0,1989 - 2000,1995,Dallas Cowboys,16,432.0,280.0,64.8,27.0,,7.6,206.5,16.0,3.7,7.0,1.6,50.0,39.0,8.0,14.0,89.0,93.6,QB
50.0,"West Covina , CA",11/21/1966,UCLA,,12 Seasons,76.0,"Aikman, Troy",troyaikman/2499369,220.0,1989 - 2000,1994,Dallas Cowboys,14,361.0,233.0,64.5,25.8,,7.4,191.1,13.0,3.6,12.0,3.3,90.0,27.0,6.0,14.0,59.0,84.9,QB
50.0,"West Covina , CA",11/21/1966,UCLA,,12 Seasons,76.0,"Aikman, Troy",troyaikman/2499369,220.0,1989 - 2000,1993,Dallas Cowboys,14,392.0,271.0,69.1,28.0,,7.9,221.4,15.0,3.8,6.0,1.5,,29.0,7.0,26.0,153.0,99.0,QB
50.0,"West Covina , CA",11/21/1966,UCLA,,12 Seasons,76.0,"Aikman, Troy",troyaikman/2499369,220.0,1989 - 2000,1992,Dallas Cowboys,16,473.0,302.0,63.8,29.6,,7.3,215.3,23.0,4.9,14.0,3.0,,38.0,8.0,23.0,112.0,89.5,QB
50.0,"West Covina , CA",11/21/1966,UCLA,,12 Seasons,76.0,"Aikman, Troy",troyaikman/2499369,220.0,1989 - 2000,1991,Dallas Cowboys,12,363.0,237.0,65.3,30.2,,7.6,229.5,11.0,3.0,10.0,2.8,61.0,36.0,3.0,32.0,224.0,86.7,QB
50.0,"West Covina , CA",11/21/1966,UCLA,,12 Seasons,76.0,"Aikman, Troy",troyaikman/2499369,220.0,1989 - 2000,1990,Dallas Cowboys,15,399.0,226.0,56.6,26.6,,6.5,171.9,11.0,2.8,18.0,4.5,,0.0,0.0,39.0,288.0,66.6,QB
50.0,"West Covina , CA",11/21/1966,UCLA,,12 Seasons,76.0,"Aikman, Troy",troyaikman/2499369,220.0,1989 - 2000,1989,Dallas Cowboys,11,293.0,155.0,52.9,26.6,,6.0,159.0,9.0,3.1,18.0,6.1,,0.0,0.0,19.0,155.0,55.7,QB
63.0,"Torrance , CA",4/24/1954,Nebraska,,9 Seasons,75.0,"Ferragamo, Vince",vinceferragamo/2513967,212.0,1977 - 1986,1986,Green Bay Packers,3,40.0,23.0,57.5,13.3,283.0,7.1,94.3,1.0,2.5,3.0,7.5,50.0,0.0,0.0,3.0,15.0,56.6,QB
63.0,"Torrance , CA",4/24/1954,Nebraska,,9 Seasons,75.0,"Ferragamo, Vince",vinceferragamo/2513967,212.0,1977 - 1986,1985,Buffalo Bills,10,287.0,149.0,51.9,28.7,,5.8,167.7,5.0,1.7,17.0,5.9,48.0,0.0,0.0,19.0,135.0,50.8,QB
63.0,"Torrance , CA",4/24/1954,Nebraska,,9 Seasons,75.0,"Ferragamo, Vince",vinceferragamo/2513967,212.0,1977 - 1986,1984,Los Angeles Rams,3,66.0,29.0,43.9,22.0,317.0,4.8,105.7,2.0,3.0,8.0,12.1,68.0,0.0,0.0,7.0,42.0,29.2,QB
63.0,"Torrance , CA",4/24/1954,Nebraska,,9 Seasons,75.0,"Ferragamo, Vince",vinceferragamo/2513967,212.0,1977 - 1986,1983,Los Angeles Rams,16,464.0,274.0,59.1,29.0,,7.1,204.8,22.0,4.7,23.0,5.0,,0.0,0.0,21.0,178.0,75.9,QB
63.0,"Torrance , CA",4/24/1954,Nebraska,,9 Seasons,75.0,"Ferragamo, Vince",vinceferragamo/2513967,212.0,1977 - 1986,1982,Los Angeles Rams,7,209.0,118.0,56.5,29.9,,7.7,229.9,9.0,4.3,9.0,4.3,,0.0,0.0,7.0,65.0,77.6,QB
63.0,"Torrance , CA",4/24/1954,Nebraska,,9 Seasons,75.0,"Ferragamo, Vince",vinceferragamo/2513967,212.0,1977 - 1986,1980,Los Angeles Rams,16,404.0,240.0,59.4,25.2,,7.9,199.9,30.0,7.4,19.0,4.7,,0.0,0.0,23.0,191.0,89.7,QB
63.0,"Torrance , CA",4/24/1954,Nebraska,,9 Seasons,75.0,"Ferragamo, Vince",vinceferragamo/2513967,212.0,1977 - 1986,1979,Los Angeles Rams,8,110.0,53.0,48.2,13.8,778.0,7.1,97.2,5.0,4.5,10.0,9.1,,0.0,0.0,11.0,115.0,49.0,QB
63.0,"Torrance , CA",4/24/1954,Nebraska,,9 Seasons,75.0,"Ferragamo, Vince",vinceferragamo/2513967,212.0,1977 - 1986,1978,Los Angeles Rams,9,20.0,7.0,35.0,2.2,114.0,5.7,12.7,0.0,0.0,2.0,10.0,28.0,0.0,0.0,2.0,19.0,15.4,QB
63.0,"Torrance , CA",4/24/1954,Nebraska,,9 Seasons,75.0,"Ferragamo, Vince",vinceferragamo/2513967,212.0,1977 - 1986,1977,Los Angeles Rams,3,15.0,9.0,60.0,5.0,83.0,5.5,27.7,2.0,13.3,0.0,0.0,,0.0,0.0,1.0,10.0,114.7,QB
,"Green Bay , WI",11/6/1939,Wisconsin,,5 Seasons,73.0,"Vander Kelen, Ron",ronvanderkelen/2527847,185.0,1963 - 1967,1967,Minnesota Vikings,11,115.0,45.0,39.1,10.5,522.0,4.5,47.5,3.0,2.6,7.0,6.1,,0.0,0.0,6.0,35.0,36.9,QB
,"Green Bay , WI",11/6/1939,Wisconsin,,5 Seasons,73.0,"Vander Kelen, Ron",ronvanderkelen/2527847,185.0,1963 - 1967,1966,Minnesota Vikings,3,20.0,10.0,50.0,6.7,147.0,7.4,49.0,0.0,0.0,1.0,5.0,,0.0,0.0,1.0,9.0,53.5,QB
,"Green Bay , WI",11/6/1939,Wisconsin,,5 Seasons,73.0,"Vander Kelen, Ron",ronvanderkelen/2527847,185.0,1963 - 1967,1965,Minnesota Vikings,4,40.0,18.0,45.0,10.0,252.0,6.3,63.0,2.0,5.0,0.0,0.0,,0.0,0.0,7.0,65.0,82.5,QB
,"Green Bay , WI",11/6/1939,Wisconsin,,5 Seasons,73.0,"Vander Kelen, Ron",ronvanderkelen/2527847,185.0,1963 - 1967,1964,Minnesota Vikings,5,19.0,7.0,36.8,3.8,78.0,4.1,15.6,0.0,0.0,1.0,5.3,,0.0,0.0,2.0,45.0,28.0,QB
,"Green Bay , WI",11/6/1939,Wisconsin,,5 Seasons,73.0,"Vander Kelen, Ron",ronvanderkelen/2527847,185.0,1963 - 1967,1963,Minnesota Vikings,6,58.0,27.0,46.6,9.7,376.0,6.5,62.7,1.0,1.7,2.0,3.4,,0.0,0.0,9.0,70.0,59.3,QB
52.0,"Washington , DC",3/28/1965,Duke,,2 Seasons,75.0,"Dilweg, Anthony",anthonydilweg/2512941,215.0,1989 - 1990,1990,Green Bay Packers,9,192.0,101.0,52.6,21.3,,6.6,140.8,8.0,4.2,7.0,3.6,59.0,0.0,0.0,22.0,150.0,72.1,QB
34.0,"Altoona , IA",11/14/1982,Purdue,,10 Seasons,76.0,"Orton, Kyle",kyleorton/2506444,228.0,2005 - 2014,2014,Buffalo Bills,12,447.0,287.0,64.2,37.2,,6.8,251.5,18.0,4.0,10.0,2.2,84.0,39.0,7.0,33.0,198.0,87.8,QB
34.0,"Altoona , IA",11/14/1982,Purdue,,10 Seasons,76.0,"Orton, Kyle",kyleorton/2506444,228.0,2005 - 2014,2013,Dallas Cowboys,3,51.0,33.0,64.7,17.0,398.0,7.8,132.7,2.0,3.9,2.0,3.9,39.0,4.0,0.0,0.0,0.0,85.3,QB
34.0,"Altoona , IA",11/14/1982,Purdue,,10 Seasons,76.0,"Orton, Kyle",kyleorton/2506444,228.0,2005 - 2014,2011,Kansas City Chiefs,4,97.0,59.0,60.8,24.2,779.0,8.0,194.8,1.0,1.0,2.0,2.1,49.0,8.0,2.0,1.0,5.0,81.1,QB
34.0,"Altoona , IA",11/14/1982,Purdue,,10 Seasons,76.0,"Orton, Kyle",kyleorton/2506444,228.0,2005 - 2014,2011,Denver Broncos,5,155.0,91.0,58.7,31.0,979.0,6.3,195.8,8.0,5.2,7.0,4.5,,11.0,2.0,9.0,49.0,75.7,QB
34.0,"Altoona , IA",11/14/1982,Purdue,,10 Seasons,76.0,"Orton, Kyle",kyleorton/2506444,228.0,2005 - 2014,2010,Denver Broncos,13,498.0,293.0,58.8,38.3,,7.3,281.0,20.0,4.0,9.0,1.8,71.0,52.0,11.0,34.0,243.0,87.5,QB
34.0,"Altoona , IA",11/14/1982,Purdue,,10 Seasons,76.0,"Orton, Kyle",kyleorton/2506444,228.0,2005 - 2014,2009,Denver Broncos,16,541.0,336.0,62.1,33.8,,7.0,237.6,21.0,3.9,12.0,2.2,,43.0,9.0,29.0,159.0,86.8,QB
34.0,"Altoona , IA",11/14/1982,Purdue,,10 Seasons,76.0,"Orton, Kyle",kyleorton/2506444,228.0,2005 - 2014,2008,Chicago Bears,15,465.0,272.0,58.5,31.0,,6.4,198.1,18.0,3.9,12.0,2.6,,34.0,3.0,27.0,160.0,79.6,QB
34.0,"Altoona , IA",11/14/1982,Purdue,,10 Seasons,76.0,"Orton, Kyle",kyleorton/2506444,228.0,2005 - 2014,2007,Chicago Bears,3,80.0,43.0,53.8,26.7,478.0,6.0,159.3,3.0,3.8,2.0,2.5,,3.0,1.0,2.0,12.0,73.9,QB
34.0,"Altoona , IA",11/14/1982,Purdue,,10 Seasons,76.0,"Orton, Kyle",kyleorton/2506444,228.0,2005 - 2014,2005,Chicago Bears,15,368.0,190.0,51.6,24.5,,5.1,124.6,9.0,2.4,13.0,3.5,54.0,23.0,3.0,30.0,190.0,59.7,QB
93.0,"Hood River , OR",2/16/1924,Oregon State,,2 Seasons,71.0,"Samuel, Don",donsamuel/2524834,190.0,1949 - 1950,1949,Pittsburgh Steelers,5,21.0,7.0,33.3,4.2,67.0,3.2,13.4,0.0,0.0,1.0,4.8,,0.0,0.0,0.0,0.0,23.3,QB
,"Brice , TX",7/24/1917,Texas Tech,,3 Seasons,72.0,"Sachse, Frank",franksachse/2524781,197.0,1943 - 1945,1945,Boston Yanks,8,21.0,9.0,42.9,2.6,203.0,9.7,25.4,2.0,9.5,0.0,0.0,,0.0,0.0,0.0,0.0,109.8,QB
,"Brice , TX",7/24/1917,Texas Tech,,3 Seasons,72.0,"Sachse, Frank",franksachse/2524781,197.0,1943 - 1945,1944,Brooklyn Tigers,6,45.0,18.0,40.0,7.5,226.0,5.0,37.7,0.0,0.0,5.0,11.1,,0.0,0.0,0.0,0.0,16.8,QB
69.0,"Monroe , LA",7/20/1947,Grambling State,,13 Seasons,76.0,"Harris, James",jamesharris/2515950,210.0,1969 - 1981,1978,San Diego Chargers,9,88.0,42.0,47.7,9.8,518.0,5.9,57.6,2.0,2.3,9.0,10.2,,0.0,0.0,8.0,43.0,34.4,QB
69.0,"Monroe , LA",7/20/1947,Grambling State,,13 Seasons,76.0,"Harris, James",jamesharris/2515950,210.0,1969 - 1981,1977,San Diego Chargers,9,211.0,109.0,51.7,23.4,,5.9,137.8,5.0,2.4,11.0,5.2,78.0,0.0,0.0,12.0,106.0,55.8,QB
69.0,"Monroe , LA",7/20/1947,Grambling State,,13 Seasons,76.0,"Harris, James",jamesharris/2515950,210.0,1969 - 1981,1976,Los Angeles Rams,7,158.0,91.0,57.6,22.6,,9.2,208.6,8.0,5.1,6.0,3.8,,0.0,0.0,14.0,151.0,89.6,QB
69.0,"Monroe , LA",7/20/1947,Grambling State,,13 Seasons,76.0,"Harris, James",jamesharris/2515950,210.0,1969 - 1981,1975,Los Angeles Rams,13,285.0,157.0,55.1,21.9,,7.5,165.2,14.0,4.9,15.0,5.3,,0.0,0.0,21.0,180.0,73.8,QB
69.0,"Monroe , LA",7/20/1947,Grambling State,,13 Seasons,76.0,"Harris, James",jamesharris/2515950,210.0,1969 - 1981,1974,Los Angeles Rams,11,198.0,106.0,53.5,18.0,,7.8,140.4,11.0,5.6,6.0,3.0,,0.0,0.0,12.0,101.0,85.1,QB
69.0,"Monroe , LA",7/20/1947,Grambling State,,13 Seasons,76.0,"Harris, James",jamesharris/2515950,210.0,1969 - 1981,1971,Buffalo Bills,7,103.0,51.0,49.5,14.7,512.0,5.0,73.1,1.0,1.0,6.0,5.8,,0.0,0.0,16.0,145.0,43.0,QB
69.0,"Monroe , LA",7/20/1947,Grambling State,,13 Seasons,76.0,"Harris, James",jamesharris/2515950,210.0,1969 - 1981,1970,Buffalo Bills,7,50.0,24.0,48.0,7.1,338.0,6.8,48.3,3.0,6.0,4.0,8.0,,0.0,0.0,7.0,63.0,56.9,QB
69.0,"Monroe , LA",7/20/1947,Grambling State,,13 Seasons,76.0,"Harris, James",jamesharris/2515950,210.0,1969 - 1981,1969,Buffalo Bills,4,36.0,15.0,41.7,9.0,270.0,7.5,67.5,1.0,2.8,1.0,2.8,,0.0,0.0,9.0,70.0,65.7,QB
,"Hillsboro , TX",8/28/1918,Baylor,,2 Seasons,70.0,"Patterson, Billy",billypatterson/2522855,167.0,1939 - 1940,1940,Pittsburgh Pirates,11,117.0,34.0,29.1,10.6,529.0,4.5,48.1,3.0,2.6,15.0,12.8,,0.0,0.0,0.0,0.0,14.9,QB
,"Hillsboro , TX",8/28/1918,Baylor,,2 Seasons,70.0,"Patterson, Billy",billypatterson/2522855,167.0,1939 - 1940,1939,Chicago Bears,8,38.0,14.0,36.8,4.8,227.0,6.0,28.4,3.0,7.9,4.0,10.5,,0.0,0.0,0.0,0.0,44.4,QB
,"Union District, Marshall Co. , WV",11/6/1907,Pittsburgh,,3 Seasons,73.0,"Matesic, Ed",edmatesic/2520319,198.0,1934 - 1936,1936,Pittsburgh Pirates,12,138.0,64.0,46.4,11.5,850.0,6.2,70.8,4.0,2.9,16.0,11.6,,0.0,0.0,0.0,0.0,36.5,QB
,"Union District, Marshall Co. , WV",11/6/1907,Pittsburgh,,3 Seasons,73.0,"Matesic, Ed",edmatesic/2520319,198.0,1934 - 1936,1935,Philadelphia Eagles,11,64.0,15.0,23.4,5.8,284.0,4.4,25.8,2.0,3.1,13.0,20.3,,0.0,0.0,0.0,0.0,16.4,QB
,"Union District, Marshall Co. , WV",11/6/1907,Pittsburgh,,3 Seasons,73.0,"Matesic, Ed",edmatesic/2520319,198.0,1934 - 1936,1934,Philadelphia Eagles,11,60.0,20.0,33.3,5.5,278.0,4.6,25.3,2.0,3.3,5.0,8.3,,0.0,0.0,0.0,0.0,25.6,QB
29.0,"Tampa , FL",2/7/1988,Georgia,Detroit Lions,9th season,75.0,"Stafford, Matthew",matthewstafford/79860,226.0,,2016,Detroit Lions,16,594.0,388.0,65.3,37.1,,7.3,270.4,24.0,4.0,10.0,1.7,,52.0,10.0,37.0,216.0,93.3,QB
29.0,"Tampa , FL",2/7/1988,Georgia,Detroit Lions,9th season,75.0,"Stafford, Matthew",matthewstafford/79860,226.0,,2015,Detroit Lions,16,592.0,398.0,67.2,37.0,,7.2,266.4,32.0,5.4,13.0,2.2,57.0,49.0,8.0,44.0,251.0,97.0,QB
29.0,"Tampa , FL",2/7/1988,Georgia,Detroit Lions,9th season,75.0,"Stafford, Matthew",matthewstafford/79860,226.0,,2014,Detroit Lions,16,602.0,363.0,60.3,37.6,,7.1,266.1,22.0,3.7,12.0,2.0,,53.0,11.0,45.0,254.0,85.7,QB
29.0,"Tampa , FL",2/7/1988,Georgia,Detroit Lions,9th season,75.0,"Stafford, Matthew",matthewstafford/79860,226.0,,2013,Detroit Lions,16,634.0,371.0,58.5,39.6,,7.3,290.6,29.0,4.6,19.0,3.0,87.0,62.0,10.0,23.0,168.0,84.2,QB
29.0,"Tampa , FL",2/7/1988,Georgia,Detroit Lions,9th season,75.0,"Stafford, Matthew",matthewstafford/79860,226.0,,2012,Detroit Lions,16,727.0,435.0,59.8,45.4,,6.8,310.4,20.0,2.8,17.0,2.3,57.0,63.0,9.0,29.0,212.0,79.8,QB
29.0,"Tampa , FL",2/7/1988,Georgia,Detroit Lions,9th season,75.0,"Stafford, Matthew",matthewstafford/79860,226.0,,2011,Detroit Lions,16,663.0,421.0,63.5,41.4,,7.6,314.9,41.0,6.2,16.0,2.4,,64.0,16.0,36.0,257.0,97.2,QB
29.0,"Tampa , FL",2/7/1988,Georgia,Detroit Lions,9th season,75.0,"Stafford, Matthew",matthewstafford/79860,226.0,,2010,Detroit Lions,3,96.0,57.0,59.4,32.0,535.0,5.6,178.3,6.0,6.3,1.0,1.0,36.0,4.0,0.0,4.0,36.0,91.3,QB
29.0,"Tampa , FL",2/7/1988,Georgia,Detroit Lions,9th season,75.0,"Stafford, Matthew",matthewstafford/79860,226.0,,2009,Detroit Lions,10,377.0,201.0,53.3,37.7,,6.0,226.7,13.0,3.4,20.0,5.3,,26.0,6.0,24.0,169.0,61.0,QB
,"Santa Ana , TX",12/19/1926,Texas,,15 Seasons,73.0,"Layne, Bobby",bobbylayne/2519200,201.0,1948 - 1962,1962,Pittsburgh Steelers,13,233.0,116.0,49.8,17.9,,7.2,129.7,9.0,3.9,17.0,7.3,,0.0,0.0,0.0,193.0,56.2,QB
,"Santa Ana , TX",12/19/1926,Texas,,15 Seasons,73.0,"Layne, Bobby",bobbylayne/2519200,201.0,1948 - 1962,1961,Pittsburgh Steelers,8,149.0,75.0,50.3,18.6,,8.1,150.6,11.0,7.4,16.0,10.7,,0.0,0.0,0.0,89.0,62.8,QB
,"Santa Ana , TX",12/19/1926,Texas,,15 Seasons,73.0,"Layne, Bobby",bobbylayne/2519200,201.0,1948 - 1962,1960,Pittsburgh Steelers,12,209.0,103.0,49.3,17.4,,8.7,151.2,13.0,6.2,17.0,8.1,,0.0,0.0,0.0,52.0,66.2,QB
,"Santa Ana , TX",12/19/1926,Texas,,15 Seasons,73.0,"Layne, Bobby",bobbylayne/2519200,201.0,1948 - 1962,1959,Pittsburgh Steelers,12,297.0,142.0,47.8,24.8,,6.7,165.5,20.0,6.7,21.0,7.1,,0.0,0.0,0.0,219.0,62.8,QB
,"Santa Ana , TX",12/19/1926,Texas,,15 Seasons,73.0,"Layne, Bobby",bobbylayne/2519200,201.0,1948 - 1962,1958,Pittsburgh Steelers,10,268.0,133.0,49.6,26.8,,8.7,233.9,13.0,4.9,10.0,3.7,,0.0,0.0,0.0,96.0,80.4,QB
,"Santa Ana , TX",12/19/1926,Texas,,15 Seasons,73.0,"Layne, Bobby",bobbylayne/2519200,201.0,1948 - 1962,1958,Detroit Lions,2,26.0,12.0,46.2,13.0,171.0,6.6,85.5,1.0,3.8,2.0,7.7,,0.0,0.0,0.0,22.0,48.7,QB
,"Santa Ana , TX",12/19/1926,Texas,,15 Seasons,73.0,"Layne, Bobby",bobbylayne/2519200,201.0,1948 - 1962,1957,Detroit Lions,11,179.0,87.0,48.6,16.3,,6.5,106.3,6.0,3.4,12.0,6.7,,0.0,0.0,0.0,110.0,53.0,QB
,"Santa Ana , TX",12/19/1926,Texas,,15 Seasons,73.0,"Layne, Bobby",bobbylayne/2519200,201.0,1948 - 1962,1956,Detroit Lions,12,244.0,129.0,52.9,20.3,,7.8,159.1,9.0,3.7,17.0,7.0,,0.0,0.0,0.0,44.0,62.0,QB
,"Santa Ana , TX",12/19/1926,Texas,,15 Seasons,73.0,"Layne, Bobby",bobbylayne/2519200,201.0,1948 - 1962,1955,Detroit Lions,12,270.0,143.0,53.0,22.5,,6.8,152.5,11.0,4.1,17.0,6.3,,0.0,0.0,0.0,72.0,61.8,QB
,"Santa Ana , TX",12/19/1926,Texas,,15 Seasons,73.0,"Layne, Bobby",bobbylayne/2519200,201.0,1948 - 1962,1954,Detroit Lions,12,246.0,135.0,54.9,20.5,,7.4,151.5,14.0,5.7,12.0,4.9,,0.0,0.0,0.0,86.0,77.3,QB
,"Santa Ana , TX",12/19/1926,Texas,,15 Seasons,73.0,"Layne, Bobby",bobbylayne/2519200,201.0,1948 - 1962,1953,Detroit Lions,12,273.0,125.0,45.8,22.8,,7.6,174.0,16.0,5.9,21.0,7.7,,0.0,0.0,0.0,127.0,59.6,QB
,"Santa Ana , TX",12/19/1926,Texas,,15 Seasons,73.0,"Layne, Bobby",bobbylayne/2519200,201.0,1948 - 1962,1952,Detroit Lions,12,287.0,139.0,48.4,23.9,,7.0,166.6,19.0,6.6,20.0,7.0,,0.0,0.0,0.0,212.0,64.5,QB
,"Santa Ana , TX",12/19/1926,Texas,,15 Seasons,73.0,"Layne, Bobby",bobbylayne/2519200,201.0,1948 - 1962,1951,Detroit Lions,12,332.0,152.0,45.8,27.7,,7.2,200.2,26.0,7.8,23.0,6.9,,0.0,0.0,0.0,153.0,67.6,QB
,"Santa Ana , TX",12/19/1926,Texas,,15 Seasons,73.0,"Layne, Bobby",bobbylayne/2519200,201.0,1948 - 1962,1950,Detroit Lions,12,336.0,152.0,45.2,28.0,,6.9,193.6,16.0,4.8,18.0,5.4,,0.0,0.0,0.0,354.0,62.1,QB
,"Santa Ana , TX",12/19/1926,Texas,,15 Seasons,73.0,"Layne, Bobby",bobbylayne/2519200,201.0,1948 - 1962,1949,New York Bulldogs,12,299.0,155.0,51.8,24.9,,6.0,149.7,9.0,3.0,18.0,6.0,,0.0,0.0,0.0,324.0,55.3,QB
,"Santa Ana , TX",12/19/1926,Texas,,15 Seasons,73.0,"Layne, Bobby",bobbylayne/2519200,201.0,1948 - 1962,1948,Chicago Bears,11,52.0,16.0,30.8,4.7,232.0,4.5,21.1,3.0,5.8,2.0,3.8,,0.0,0.0,0.0,31.0,49.5,QB
77.0,"Gallup , NM",9/28/1939,San Jose State,,1 Season,69.0,"Gallegos, Chon",chongallegos/2514575,175.0,1962 - 1962,1962,Oakland Raiders,6,35.0,18.0,51.4,5.8,298.0,8.5,49.7,2.0,5.7,3.0,8.6,,0.0,0.0,0.0,0.0,63.8,QB
51.0,"Corpus Christi , TX",7/10/1965,Texas-El Paso,,1 Season,73.0,"Garza, Sammy",sammygarza/2514687,184.0,1987 - 1987,1987,St. Louis Cardinals,2,20.0,11.0,55.0,10.0,183.0,9.2,91.5,1.0,5.0,2.0,10.0,,0.0,0.0,1.0,13.0,63.1,QB
,"Navesink , NJ",11/10/1907,Temple,,8 Seasons,73.0,"Hanson, Swede",swedehanson/2515784,192.0,1931 - 1938,1936,Philadelphia Eagles,12,15.0,0.0,0.0,1.2,0.0,0.0,0.0,0.0,0.0,4.0,26.7,,0.0,0.0,0.0,0.0,0.0,QB
,"Navesink , NJ",11/10/1907,Temple,,8 Seasons,73.0,"Hanson, Swede",swedehanson/2515784,192.0,1931 - 1938,1933,Philadelphia Eagles,9,28.0,7.0,25.0,3.1,50.0,1.8,5.6,0.0,0.0,4.0,14.3,,0.0,0.0,0.0,0.0,0.0,QB
49.0,"Indianapolis , IN",12/8/1967,Illinois,,14 Seasons,76.0,"George, Jeff",jeffgeorge/2500788,214.0,1990 - 2006,2001,Washington Redskins,2,42.0,23.0,54.8,21.0,168.0,4.0,84.0,0.0,0.0,3.0,7.1,17.0,0.0,0.0,6.0,38.0,34.6,QB
49.0,"Indianapolis , IN",12/8/1967,Illinois,,14 Seasons,76.0,"George, Jeff",jeffgeorge/2500788,214.0,1990 - 2006,2000,Washington Redskins,6,194.0,113.0,58.2,32.3,,7.2,231.5,7.0,3.6,6.0,3.1,50.0,20.0,3.0,12.0,94.0,79.6,QB
49.0,"Indianapolis , IN",12/8/1967,Illinois,,14 Seasons,76.0,"George, Jeff",jeffgeorge/2500788,214.0,1990 - 2006,1999,Minnesota Vikings,12,329.0,191.0,58.1,27.4,,8.6,234.7,23.0,7.0,12.0,3.6,,44.0,9.0,28.0,228.0,94.2,QB
49.0,"Indianapolis , IN",12/8/1967,Illinois,,14 Seasons,76.0,"George, Jeff",jeffgeorge/2500788,214.0,1990 - 2006,1998,Oakland Raiders,8,169.0,93.0,55.0,21.1,,7.0,148.2,4.0,2.4,5.0,3.0,,19.0,3.0,22.0,162.0,72.7,QB
49.0,"Indianapolis , IN",12/8/1967,Illinois,,14 Seasons,76.0,"George, Jeff",jeffgeorge/2500788,214.0,1990 - 2006,1997,Oakland Raiders,16,521.0,290.0,55.7,32.6,,7.5,244.8,29.0,5.6,9.0,1.7,76.0,59.0,10.0,58.0,430.0,91.2,QB
49.0,"Indianapolis , IN",12/8/1967,Illinois,,14 Seasons,76.0,"George, Jeff",jeffgeorge/2500788,214.0,1990 - 2006,1996,Atlanta Falcons,3,99.0,56.0,56.6,33.0,698.0,7.1,232.7,3.0,3.0,3.0,3.0,67.0,9.0,3.0,11.0,84.0,76.1,QB
49.0,"Indianapolis , IN",12/8/1967,Illinois,,14 Seasons,76.0,"George, Jeff",jeffgeorge/2500788,214.0,1990 - 2006,1995,Atlanta Falcons,16,557.0,336.0,60.3,34.8,,7.4,258.9,24.0,4.3,11.0,2.0,,58.0,11.0,43.0,270.0,89.5,QB
49.0,"Indianapolis , IN",12/8/1967,Illinois,,14 Seasons,76.0,"George, Jeff",jeffgeorge/2500788,214.0,1990 - 2006,1994,Atlanta Falcons,16,524.0,322.0,61.5,32.8,,7.1,233.4,23.0,4.4,18.0,3.4,,42.0,7.0,32.0,206.0,83.3,QB
49.0,"Indianapolis , IN",12/8/1967,Illinois,,14 Seasons,76.0,"George, Jeff",jeffgeorge/2500788,214.0,1990 - 2006,1993,Indianapolis Colts,13,407.0,234.0,57.5,31.3,,6.2,194.3,8.0,2.0,6.0,1.5,,27.0,2.0,26.0,190.0,76.3,QB
49.0,"Indianapolis , IN",12/8/1967,Illinois,,14 Seasons,76.0,"George, Jeff",jeffgeorge/2500788,214.0,1990 - 2006,1992,Indianapolis Colts,10,306.0,167.0,54.6,30.6,,6.4,196.3,7.0,2.3,15.0,4.9,,25.0,2.0,27.0,188.0,61.5,QB
49.0,"Indianapolis , IN",12/8/1967,Illinois,,14 Seasons,76.0,"George, Jeff",jeffgeorge/2500788,214.0,1990 - 2006,1991,Indianapolis Colts,16,485.0,292.0,60.2,30.3,,6.0,181.9,10.0,2.1,12.0,2.5,,31.0,2.0,56.0,481.0,73.8,QB
49.0,"Indianapolis , IN",12/8/1967,Illinois,,14 Seasons,76.0,"George, Jeff",jeffgeorge/2500788,214.0,1990 - 2006,1990,Indianapolis Colts,13,334.0,181.0,54.2,25.7,,6.4,165.5,16.0,4.8,13.0,3.9,75.0,0.0,0.0,37.0,320.0,73.8,QB
69.0,"Butler , PA",1/19/1948,Notre Dame,,8 Seasons,73.0,"Hanratty, Terry",terryhanratty/2515763,210.0,1969 - 1976,1974,Pittsburgh Steelers,3,26.0,3.0,11.5,8.7,95.0,3.7,31.7,1.0,3.8,5.0,19.2,,0.0,0.0,1.0,13.0,15.5,QB
69.0,"Butler , PA",1/19/1948,Notre Dame,,8 Seasons,73.0,"Hanratty, Terry",terryhanratty/2515763,210.0,1969 - 1976,1973,Pittsburgh Steelers,9,69.0,31.0,44.9,7.7,643.0,9.3,71.4,8.0,11.6,5.0,7.2,,0.0,0.0,3.0,27.0,86.8,QB
69.0,"Butler , PA",1/19/1948,Notre Dame,,8 Seasons,73.0,"Hanratty, Terry",terryhanratty/2515763,210.0,1969 - 1976,1971,Pittsburgh Steelers,6,29.0,7.0,24.1,4.8,159.0,5.5,26.5,2.0,6.9,3.0,10.3,,0.0,0.0,3.0,32.0,33.3,QB
69.0,"Butler , PA",1/19/1948,Notre Dame,,8 Seasons,73.0,"Hanratty, Terry",terryhanratty/2515763,210.0,1969 - 1976,1970,Pittsburgh Steelers,13,163.0,64.0,39.3,12.5,842.0,5.2,64.8,5.0,3.1,8.0,4.9,,0.0,0.0,3.0,33.0,46.1,QB
69.0,"Butler , PA",1/19/1948,Notre Dame,,8 Seasons,73.0,"Hanratty, Terry",terryhanratty/2515763,210.0,1969 - 1976,1969,Pittsburgh Steelers,8,126.0,52.0,41.3,15.8,716.0,5.7,89.5,8.0,6.3,13.0,10.3,,0.0,0.0,20.0,168.0,41.7,QB
,"Provo , UT",8/11/1918,UCLA,,6 Seasons,70.0,"Mathews, Ned",nedmathews/2520325,187.0,1941 - 1947,1942,Detroit Lions,9,22.0,6.0,27.3,2.4,53.0,2.4,5.9,1.0,4.5,2.0,9.1,,0.0,0.0,0.0,0.0,16.9,QB
58.0,"Los Angeles , CA",9/5/1958,Utah State,,12 Seasons,75.0,"Gagliano, Bob",bobgagliano/2500736,205.0,1981 - 1995,1992,San Diego Chargers,5,42.0,19.0,45.2,8.4,258.0,6.1,51.6,0.0,0.0,3.0,7.1,55.0,3.0,1.0,5.0,50.0,35.6,QB
58.0,"Los Angeles , CA",9/5/1958,Utah State,,12 Seasons,75.0,"Gagliano, Bob",bobgagliano/2500736,205.0,1981 - 1995,1991,San Diego Chargers,2,23.0,9.0,39.1,11.5,76.0,3.3,38.0,0.0,0.0,1.0,4.3,17.0,0.0,0.0,3.0,22.0,30.3,QB
58.0,"Los Angeles , CA",9/5/1958,Utah State,,12 Seasons,75.0,"Gagliano, Bob",bobgagliano/2500736,205.0,1981 - 1995,1990,Detroit Lions,9,159.0,87.0,54.7,17.7,,7.5,132.2,10.0,6.3,10.0,6.3,,0.0,0.0,13.0,83.0,73.6,QB
58.0,"Los Angeles , CA",9/5/1958,Utah State,,12 Seasons,75.0,"Gagliano, Bob",bobgagliano/2500736,205.0,1981 - 1995,1989,Detroit Lions,11,232.0,117.0,50.4,21.1,,7.2,151.9,6.0,2.6,12.0,5.2,,0.0,0.0,25.0,153.0,61.2,QB
58.0,"Los Angeles , CA",9/5/1958,Utah State,,12 Seasons,75.0,"Gagliano, Bob",bobgagliano/2500736,205.0,1981 - 1995,1987,San Francisco 49ers,3,29.0,16.0,55.2,9.7,229.0,7.9,76.3,1.0,3.4,1.0,3.4,50.0,0.0,0.0,4.0,22.0,78.1,QB
33.0,"Oklahoma City , OK",10/14/1983,Oklahoma State,Houston Texans,6th season,76.0,"Weeden, Brandon",brandonweeden/2532970,230.0,,2015,Houston Texans,2,42.0,26.0,61.9,21.0,305.0,7.3,152.5,3.0,7.1,0.0,0.0,44.0,3.0,1.0,2.0,15.0,107.7,QB
33.0,"Oklahoma City , OK",10/14/1983,Oklahoma State,Houston Texans,6th season,76.0,"Weeden, Brandon",brandonweeden/2532970,230.0,,2015,Dallas Cowboys,4,98.0,71.0,72.4,24.5,738.0,7.5,184.5,2.0,2.0,2.0,2.0,67.0,7.0,2.0,8.0,62.0,92.1,QB
33.0,"Oklahoma City , OK",10/14/1983,Oklahoma State,Houston Texans,6th season,76.0,"Weeden, Brandon",brandonweeden/2532970,230.0,,2014,Dallas Cowboys,5,41.0,24.0,58.5,8.2,303.0,7.4,60.6,3.0,7.3,2.0,4.9,,5.0,2.0,1.0,9.0,85.7,QB
33.0,"Oklahoma City , OK",10/14/1983,Oklahoma State,Houston Texans,6th season,76.0,"Weeden, Brandon",brandonweeden/2532970,230.0,,2013,Cleveland Browns,8,267.0,141.0,52.8,33.4,,6.5,216.4,9.0,3.4,9.0,3.4,,21.0,6.0,27.0,180.0,70.3,QB
33.0,"Oklahoma City , OK",10/14/1983,Oklahoma State,Houston Texans,6th season,76.0,"Weeden, Brandon",brandonweeden/2532970,230.0,,2012,Cleveland Browns,15,517.0,297.0,57.4,34.5,,6.5,225.7,14.0,2.7,17.0,3.3,,48.0,6.0,28.0,186.0,72.6,QB
,"Hamtramck , MI",9/26/1923,Detroit Mercy,,1 Season,73.0,"Malinowski, Gene",genemalinowski/2520020,210.0,1948 - 1948,1948,Boston Yanks,12,54.0,15.0,27.8,4.5,218.0,4.0,18.2,3.0,5.6,7.0,13.0,,0.0,0.0,0.0,60.0,22.8,QB
30.0,"Irving , TX",10/7/1986,Missouri,New Orleans Saints,9th season,72.0,"Daniel, Chase",chasedaniel/81284,225.0,,2014,Kansas City Chiefs,3,28.0,16.0,57.1,9.3,157.0,5.6,52.3,0.0,0.0,0.0,0.0,30.0,3.0,0.0,4.0,17.0,73.1,QB
30.0,"Irving , TX",10/7/1986,Missouri,New Orleans Saints,9th season,72.0,"Daniel, Chase",chasedaniel/81284,225.0,,2013,Kansas City Chiefs,5,38.0,25.0,65.8,7.6,248.0,6.5,49.6,1.0,2.6,1.0,2.6,48.0,3.0,1.0,2.0,11.0,81.9,QB
55.0,"Red Bluff , CA",12/20/1961,California,,8 Seasons,75.0,"Gilbert, Gale",galegilbert/2500803,209.0,1985 - 1995,1995,San Diego Chargers,16,61.0,36.0,59.0,3.8,325.0,5.3,20.3,0.0,0.0,4.0,6.6,41.0,3.0,1.0,9.0,43.0,46.1,QB
55.0,"Red Bluff , CA",12/20/1961,California,,8 Seasons,75.0,"Gilbert, Gale",galegilbert/2500803,209.0,1985 - 1995,1994,San Diego Chargers,15,67.0,41.0,61.2,4.5,410.0,6.1,27.3,3.0,4.5,1.0,1.5,26.0,2.0,0.0,4.0,28.0,87.3,QB
55.0,"Red Bluff , CA",12/20/1961,California,,8 Seasons,75.0,"Gilbert, Gale",galegilbert/2500803,209.0,1985 - 1995,1990,Buffalo Bills,1,15.0,8.0,53.3,15.0,106.0,7.1,106.0,2.0,13.3,2.0,13.3,23.0,0.0,0.0,1.0,9.0,76.0,QB
55.0,"Red Bluff , CA",12/20/1961,California,,8 Seasons,75.0,"Gilbert, Gale",galegilbert/2500803,209.0,1985 - 1995,1986,Seattle Seahawks,16,76.0,42.0,55.3,4.8,485.0,6.4,30.3,3.0,3.9,3.0,3.9,,0.0,0.0,4.0,34.0,71.4,QB
55.0,"Red Bluff , CA",12/20/1961,California,,8 Seasons,75.0,"Gilbert, Gale",galegilbert/2500803,209.0,1985 - 1995,1985,Seattle Seahawks,9,40.0,19.0,47.5,4.4,218.0,5.5,24.2,1.0,2.5,2.0,5.0,,0.0,0.0,1.0,9.0,51.9,QB
25.0,"Clayton , GA",9/19/1991,South Carolina,Chicago Bears,3rd season,73.0,"Shaw, Connor",connorshaw/2550252,210.0,,2014,Cleveland Browns,1,28.0,14.0,50.0,28.0,177.0,6.3,177.0,0.0,0.0,1.0,3.6,49.0,2.0,1.0,4.0,27.0,55.2,QB
52.0,"Newport News , VA",11/8/1964,Virginia,,6 Seasons,75.0,"Secules, Scott",scottsecules/2502888,220.0,1988 - 1993,1993,New England Patriots,12,134.0,75.0,56.0,11.2,918.0,6.9,76.5,2.0,1.5,9.0,6.7,82.0,10.0,2.0,7.0,28.0,54.3,QB
52.0,"Newport News , VA",11/8/1964,Virginia,,6 Seasons,75.0,"Secules, Scott",scottsecules/2502888,220.0,1988 - 1993,1989,Miami Dolphins,15,50.0,22.0,44.0,3.3,286.0,5.7,19.1,1.0,2.0,3.0,6.0,,0.0,0.0,0.0,0.0,44.3,QB
57.0,"Washington Court House , OH",4/25/1960,Ohio State,,3 Seasons,75.0,"Schlichter, Art",artschlichter/2525042,210.0,1982 - 1985,1985,Indianapolis Colts,1,25.0,12.0,48.0,25.0,107.0,4.3,107.0,0.0,0.0,2.0,8.0,16.0,0.0,0.0,2.0,6.0,26.6,QB
57.0,"Washington Court House , OH",4/25/1960,Ohio State,,3 Seasons,75.0,"Schlichter, Art",artschlichter/2525042,210.0,1982 - 1985,1984,Indianapolis Colts,9,140.0,62.0,44.3,15.6,702.0,5.0,78.0,3.0,2.1,7.0,5.0,54.0,0.0,0.0,23.0,170.0,46.2,QB
57.0,"Washington Court House , OH",4/25/1960,Ohio State,,3 Seasons,75.0,"Schlichter, Art",artschlichter/2525042,210.0,1982 - 1985,1982,Baltimore Colts,3,37.0,17.0,45.9,12.3,197.0,5.3,65.7,0.0,0.0,2.0,5.4,24.0,0.0,0.0,3.0,35.0,40.0,QB
49.0,"Pittsburgh , PA",12/13/1967,Maryland,,9 Seasons,77.0,"Zolak, Scott",scottzolak/2503861,235.0,1991 - 1999,1998,New England Patriots,6,75.0,32.0,42.7,12.5,371.0,4.9,61.8,3.0,4.0,3.0,4.0,,5.0,2.0,4.0,49.0,54.9,QB
49.0,"Pittsburgh , PA",12/13/1967,Maryland,,9 Seasons,77.0,"Zolak, Scott",scottzolak/2503861,235.0,1991 - 1999,1995,New England Patriots,16,49.0,28.0,57.1,3.1,282.0,5.8,17.6,1.0,2.0,0.0,0.0,72.0,2.0,1.0,4.0,28.0,80.5,QB
49.0,"Pittsburgh , PA",12/13/1967,Maryland,,9 Seasons,77.0,"Zolak, Scott",scottzolak/2503861,235.0,1991 - 1999,1992,New England Patriots,6,100.0,52.0,52.0,16.7,561.0,5.6,93.5,2.0,2.0,4.0,4.0,,7.0,1.0,17.0,137.0,58.8,QB
76.0,"Pine River , MN",5/5/1941,Oregon State,,3 Seasons,75.0,"Baker, Terry",terrybaker/2508896,200.0,1963 - 1965,1963,Los Angeles Rams,4,19.0,11.0,57.9,4.8,140.0,7.4,35.0,0.0,0.0,4.0,21.1,,0.0,0.0,6.0,60.0,41.4,QB
90.0,"Marshall , TX",10/24/1926,LSU,,17 Seasons,72.0,"Tittle, Y.A.",y.a.tittle/2527468,192.0,1948 - 1964,1964,New York Giants,14,281.0,147.0,52.3,20.1,,6.4,128.4,10.0,3.6,22.0,7.8,,0.0,0.0,30.0,243.0,51.6,QB
90.0,"Marshall , TX",10/24/1926,LSU,,17 Seasons,72.0,"Tittle, Y.A.",y.a.tittle/2527468,192.0,1948 - 1964,1963,New York Giants,13,367.0,221.0,60.2,28.2,,8.6,241.9,36.0,9.8,14.0,3.8,,0.0,0.0,24.0,205.0,104.8,QB
90.0,"Marshall , TX",10/24/1926,LSU,,17 Seasons,72.0,"Tittle, Y.A.",y.a.tittle/2527468,192.0,1948 - 1964,1962,New York Giants,14,375.0,200.0,53.3,26.8,,8.6,230.3,33.0,8.8,20.0,5.3,,0.0,0.0,0.0,92.0,89.5,QB
90.0,"Marshall , TX",10/24/1926,LSU,,17 Seasons,72.0,"Tittle, Y.A.",y.a.tittle/2527468,192.0,1948 - 1964,1961,New York Giants,13,285.0,163.0,57.2,21.9,,8.0,174.8,17.0,6.0,12.0,4.2,,0.0,0.0,0.0,161.0,85.3,QB
90.0,"Marshall , TX",10/24/1926,LSU,,17 Seasons,72.0,"Tittle, Y.A.",y.a.tittle/2527468,192.0,1948 - 1964,1960,San Francisco 49ers,9,127.0,69.0,54.3,14.1,694.0,5.5,77.1,4.0,3.1,3.0,2.4,,0.0,0.0,0.0,98.0,70.8,QB
90.0,"Marshall , TX",10/24/1926,LSU,,17 Seasons,72.0,"Tittle, Y.A.",y.a.tittle/2527468,192.0,1948 - 1964,1959,San Francisco 49ers,11,199.0,102.0,51.3,18.1,,6.7,121.0,10.0,5.0,15.0,7.5,,0.0,0.0,0.0,136.0,58.0,QB
90.0,"Marshall , TX",10/24/1926,LSU,,17 Seasons,72.0,"Tittle, Y.A.",y.a.tittle/2527468,192.0,1948 - 1964,1958,San Francisco 49ers,11,208.0,120.0,57.7,18.9,,7.1,133.4,9.0,4.3,15.0,7.2,,0.0,0.0,0.0,149.0,63.9,QB
90.0,"Marshall , TX",10/24/1926,LSU,,17 Seasons,72.0,"Tittle, Y.A.",y.a.tittle/2527468,192.0,1948 - 1964,1957,San Francisco 49ers,12,279.0,176.0,63.1,23.2,,7.7,179.8,13.0,4.7,15.0,5.4,,0.0,0.0,0.0,362.0,80.0,QB
90.0,"Marshall , TX",10/24/1926,LSU,,17 Seasons,72.0,"Tittle, Y.A.",y.a.tittle/2527468,192.0,1948 - 1964,1956,San Francisco 49ers,10,218.0,124.0,56.9,21.8,,7.5,164.1,7.0,3.2,12.0,5.5,,0.0,0.0,0.0,249.0,68.6,QB
90.0,"Marshall , TX",10/24/1926,LSU,,17 Seasons,72.0,"Tittle, Y.A.",y.a.tittle/2527468,192.0,1948 - 1964,1955,San Francisco 49ers,12,287.0,147.0,51.2,23.9,,7.6,182.1,17.0,5.9,28.0,9.8,,0.0,0.0,0.0,287.0,56.6,QB
90.0,"Marshall , TX",10/24/1926,LSU,,17 Seasons,72.0,"Tittle, Y.A.",y.a.tittle/2527468,192.0,1948 - 1964,1954,San Francisco 49ers,12,295.0,170.0,57.6,24.6,,7.5,183.8,9.0,3.1,9.0,3.1,,0.0,0.0,0.0,185.0,78.7,QB
90.0,"Marshall , TX",10/24/1926,LSU,,17 Seasons,72.0,"Tittle, Y.A.",y.a.tittle/2527468,192.0,1948 - 1964,1953,San Francisco 49ers,11,259.0,149.0,57.5,23.5,,8.2,192.8,20.0,7.7,16.0,6.2,,0.0,0.0,0.0,221.0,84.1,QB
90.0,"Marshall , TX",10/24/1926,LSU,,17 Seasons,72.0,"Tittle, Y.A.",y.a.tittle/2527468,192.0,1948 - 1964,1952,San Francisco 49ers,12,208.0,106.0,51.0,17.3,,6.8,117.2,11.0,5.3,12.0,5.8,,0.0,0.0,0.0,206.0,66.3,QB
90.0,"Marshall , TX",10/24/1926,LSU,,17 Seasons,72.0,"Tittle, Y.A.",y.a.tittle/2527468,192.0,1948 - 1964,1951,San Francisco 49ers,12,114.0,63.0,55.3,9.5,808.0,7.1,67.3,8.0,7.0,9.0,7.9,,0.0,0.0,0.0,137.0,68.2,QB
90.0,"Marshall , TX",10/24/1926,LSU,,17 Seasons,72.0,"Tittle, Y.A.",y.a.tittle/2527468,192.0,1948 - 1964,1950,Baltimore Colts,12,315.0,161.0,51.1,26.2,,6.0,157.0,8.0,2.5,19.0,6.0,,0.0,0.0,0.0,269.0,52.9,QB
83.0,"Decorah , IA",5/19/1934,Iowa,,8 Seasons,74.0,"Reichow, Jerry",jerryreichow/2523923,217.0,1956 - 1964,1959,Detroit Lions,9,27.0,9.0,33.3,3.0,168.0,6.2,18.7,0.0,0.0,2.0,7.4,,0.0,0.0,0.0,7.0,24.9,QB
,"Carlsbad , NM",5/20/1930,Denver,,2 Seasons,71.0,"Etcheverry, Sam",sametcheverry/2513719,190.0,1961 - 1962,1962,St. Louis Cardinals,14,106.0,58.0,54.7,7.6,707.0,6.7,50.5,2.0,1.9,10.0,9.4,,0.0,0.0,0.0,104.0,42.5,QB
,"Carlsbad , NM",5/20/1930,Denver,,2 Seasons,71.0,"Etcheverry, Sam",sametcheverry/2513719,190.0,1961 - 1962,1961,St. Louis Cardinals,14,196.0,96.0,49.0,14.0,,6.5,91.1,14.0,7.1,11.0,5.6,,0.0,0.0,0.0,300.0,70.4,QB
51.0,"Mesa , AZ",3/16/1966,USC,,16 Seasons,72.0,"Peete, Rodney",rodneypeete/2502436,230.0,1989 - 2004,2002,Carolina Panthers,14,381.0,223.0,58.5,27.2,,6.9,187.9,15.0,3.9,14.0,3.7,69.0,45.0,6.0,31.0,192.0,77.4,QB
51.0,"Mesa , AZ",3/16/1966,USC,,16 Seasons,72.0,"Peete, Rodney",rodneypeete/2502436,230.0,1989 - 2004,1999,Washington Redskins,3,17.0,8.0,47.1,5.7,107.0,6.3,35.7,2.0,11.8,1.0,5.9,,2.0,0.0,2.0,9.0,82.2,QB
51.0,"Mesa , AZ",3/16/1966,USC,,16 Seasons,72.0,"Peete, Rodney",rodneypeete/2502436,230.0,1989 - 2004,1998,Philadelphia Eagles,5,129.0,71.0,55.0,25.8,758.0,5.9,151.6,2.0,1.6,4.0,3.1,25.0,5.0,0.0,16.0,103.0,64.7,QB
51.0,"Mesa , AZ",3/16/1966,USC,,16 Seasons,72.0,"Peete, Rodney",rodneypeete/2502436,230.0,1989 - 2004,1997,Philadelphia Eagles,5,118.0,68.0,57.6,23.6,869.0,7.4,173.8,4.0,3.4,4.0,3.4,38.0,8.0,0.0,17.0,85.0,78.0,QB
51.0,"Mesa , AZ",3/16/1966,USC,,16 Seasons,72.0,"Peete, Rodney",rodneypeete/2502436,230.0,1989 - 2004,1996,Philadelphia Eagles,5,134.0,80.0,59.7,26.8,992.0,7.4,198.4,3.0,2.2,5.0,3.7,62.0,10.0,4.0,11.0,53.0,74.6,QB
51.0,"Mesa , AZ",3/16/1966,USC,,16 Seasons,72.0,"Peete, Rodney",rodneypeete/2502436,230.0,1989 - 2004,1995,Philadelphia Eagles,15,375.0,215.0,57.3,25.0,,6.2,155.1,8.0,2.1,14.0,3.7,,22.0,0.0,33.0,166.0,67.3,QB
51.0,"Mesa , AZ",3/16/1966,USC,,16 Seasons,72.0,"Peete, Rodney",rodneypeete/2502436,230.0,1989 - 2004,1994,Dallas Cowboys,7,56.0,33.0,58.9,8.0,470.0,8.4,67.1,4.0,7.1,1.0,1.8,,7.0,3.0,4.0,21.0,102.5,QB
51.0,"Mesa , AZ",3/16/1966,USC,,16 Seasons,72.0,"Peete, Rodney",rodneypeete/2502436,230.0,1989 - 2004,1993,Detroit Lions,10,252.0,157.0,62.3,25.2,,6.6,167.0,6.0,2.4,14.0,5.6,,11.0,4.0,34.0,174.0,66.4,QB
51.0,"Mesa , AZ",3/16/1966,USC,,16 Seasons,72.0,"Peete, Rodney",rodneypeete/2502436,230.0,1989 - 2004,1992,Detroit Lions,10,213.0,123.0,57.7,21.3,,8.0,170.2,9.0,4.2,9.0,4.2,,21.0,6.0,28.0,170.0,80.0,QB
51.0,"Mesa , AZ",3/16/1966,USC,,16 Seasons,72.0,"Peete, Rodney",rodneypeete/2502436,230.0,1989 - 2004,1991,Detroit Lions,8,194.0,116.0,59.8,24.2,,6.9,167.4,5.0,2.6,9.0,4.6,,12.0,1.0,11.0,42.0,69.9,QB
51.0,"Mesa , AZ",3/16/1966,USC,,16 Seasons,72.0,"Peete, Rodney",rodneypeete/2502436,230.0,1989 - 2004,1990,Detroit Lions,11,271.0,142.0,52.4,24.6,,7.3,179.5,13.0,4.8,8.0,3.0,,0.0,0.0,27.0,173.0,79.8,QB
51.0,"Mesa , AZ",3/16/1966,USC,,16 Seasons,72.0,"Peete, Rodney",rodneypeete/2502436,230.0,1989 - 2004,1989,Detroit Lions,8,195.0,103.0,52.8,24.4,,7.6,184.9,5.0,2.6,9.0,4.6,69.0,0.0,0.0,27.0,164.0,67.0,QB
63.0,"Birmingham , AL",11/19/1953,Alabama,,11 Seasons,74.0,"Todd, Richard",richardtodd/2527483,207.0,1976 - 1986,1985,New Orleans Saints,2,32.0,16.0,50.0,16.0,191.0,6.0,95.5,3.0,9.4,4.0,12.5,,0.0,0.0,1.0,10.0,60.3,QB
63.0,"Birmingham , AL",11/19/1953,Alabama,,11 Seasons,74.0,"Todd, Richard",richardtodd/2527483,207.0,1976 - 1986,1984,New Orleans Saints,15,312.0,161.0,51.6,20.8,,7.0,145.2,11.0,3.5,19.0,6.1,74.0,0.0,0.0,33.0,267.0,60.6,QB
63.0,"Birmingham , AL",11/19/1953,Alabama,,11 Seasons,74.0,"Todd, Richard",richardtodd/2527483,207.0,1976 - 1986,1983,New York Jets,16,518.0,308.0,59.5,32.4,,6.7,217.4,18.0,3.5,26.0,5.0,,0.0,0.0,42.0,314.0,70.3,QB
63.0,"Birmingham , AL",11/19/1953,Alabama,,11 Seasons,74.0,"Todd, Richard",richardtodd/2527483,207.0,1976 - 1986,1982,New York Jets,9,261.0,153.0,58.6,29.0,,7.5,217.9,14.0,5.4,8.0,3.1,,0.0,0.0,23.0,206.0,87.3,QB
63.0,"Birmingham , AL",11/19/1953,Alabama,,11 Seasons,74.0,"Todd, Richard",richardtodd/2527483,207.0,1976 - 1986,1981,New York Jets,16,497.0,279.0,56.1,31.1,,6.5,201.9,25.0,5.0,13.0,2.6,49.0,0.0,0.0,30.0,224.0,81.8,QB
63.0,"Birmingham , AL",11/19/1953,Alabama,,11 Seasons,74.0,"Todd, Richard",richardtodd/2527483,207.0,1976 - 1986,1980,New York Jets,16,479.0,264.0,55.1,29.9,,6.9,208.1,17.0,3.5,30.0,6.3,55.0,0.0,0.0,42.0,326.0,62.7,QB
63.0,"Birmingham , AL",11/19/1953,Alabama,,11 Seasons,74.0,"Todd, Richard",richardtodd/2527483,207.0,1976 - 1986,1979,New York Jets,15,334.0,171.0,51.2,22.3,,8.0,177.3,16.0,4.8,22.0,6.6,,0.0,0.0,25.0,222.0,66.5,QB
63.0,"Birmingham , AL",11/19/1953,Alabama,,11 Seasons,74.0,"Todd, Richard",richardtodd/2527483,207.0,1976 - 1986,1978,New York Jets,5,107.0,60.0,56.1,21.4,849.0,7.9,169.8,6.0,5.6,10.0,9.3,49.0,0.0,0.0,15.0,122.0,61.6,QB
63.0,"Birmingham , AL",11/19/1953,Alabama,,11 Seasons,74.0,"Todd, Richard",richardtodd/2527483,207.0,1976 - 1986,1977,New York Jets,12,265.0,133.0,50.2,22.1,,7.0,155.2,11.0,4.2,17.0,6.4,,0.0,0.0,24.0,203.0,60.3,QB
63.0,"Birmingham , AL",11/19/1953,Alabama,,11 Seasons,74.0,"Todd, Richard",richardtodd/2527483,207.0,1976 - 1986,1976,New York Jets,13,162.0,65.0,40.1,12.5,870.0,5.4,66.9,3.0,1.9,12.0,7.4,,0.0,0.0,29.0,233.0,33.2,QB
45.0,"Santa Cruz , CA",3/13/1972,Fresno State,,14 Seasons,76.0,"Dilfer, Trent",trentdilfer/2500392,247.0,1994 - 2007,2007,San Francisco 49ers,7,219.0,113.0,51.6,31.3,,5.3,166.6,7.0,3.2,12.0,5.5,,15.0,3.0,27.0,182.0,55.1,QB
45.0,"Santa Cruz , CA",3/13/1972,Fresno State,,14 Seasons,76.0,"Dilfer, Trent",trentdilfer/2500392,247.0,1994 - 2007,2005,Cleveland Browns,11,333.0,199.0,59.8,30.3,,7.0,211.0,11.0,3.3,12.0,3.6,,26.0,7.0,23.0,139.0,76.9,QB
45.0,"Santa Cruz , CA",3/13/1972,Fresno State,,14 Seasons,76.0,"Dilfer, Trent",trentdilfer/2500392,247.0,1994 - 2007,2004,Seattle Seahawks,5,58.0,25.0,43.1,11.6,333.0,5.7,66.6,1.0,1.7,3.0,5.2,56.0,4.0,2.0,4.0,21.0,46.1,QB
45.0,"Santa Cruz , CA",3/13/1972,Fresno State,,14 Seasons,76.0,"Dilfer, Trent",trentdilfer/2500392,247.0,1994 - 2007,2002,Seattle Seahawks,6,168.0,94.0,56.0,28.0,,7.0,197.0,4.0,2.4,6.0,3.6,83.0,9.0,4.0,7.0,36.0,71.1,QB
45.0,"Santa Cruz , CA",3/13/1972,Fresno State,,14 Seasons,76.0,"Dilfer, Trent",trentdilfer/2500392,247.0,1994 - 2007,2001,Seattle Seahawks,6,122.0,73.0,59.8,20.3,,8.3,169.0,7.0,5.7,4.0,3.3,54.0,17.0,7.0,10.0,72.0,92.0,QB
45.0,"Santa Cruz , CA",3/13/1972,Fresno State,,14 Seasons,76.0,"Dilfer, Trent",trentdilfer/2500392,247.0,1994 - 2007,2000,Baltimore Ravens,11,226.0,134.0,59.3,20.5,,6.6,136.5,12.0,5.3,11.0,4.9,,18.0,6.0,23.0,135.0,76.6,QB
45.0,"Santa Cruz , CA",3/13/1972,Fresno State,,14 Seasons,76.0,"Dilfer, Trent",trentdilfer/2500392,247.0,1994 - 2007,1999,Tampa Bay Buccaneers,10,244.0,146.0,59.8,24.4,,6.6,161.9,11.0,4.5,11.0,4.5,,15.0,4.0,26.0,189.0,75.8,QB
45.0,"Santa Cruz , CA",3/13/1972,Fresno State,,14 Seasons,76.0,"Dilfer, Trent",trentdilfer/2500392,247.0,1994 - 2007,1998,Tampa Bay Buccaneers,16,429.0,225.0,52.4,26.8,,6.4,170.6,21.0,4.9,15.0,3.5,,29.0,10.0,27.0,172.0,74.0,QB
45.0,"Santa Cruz , CA",3/13/1972,Fresno State,,14 Seasons,76.0,"Dilfer, Trent",trentdilfer/2500392,247.0,1994 - 2007,1997,Tampa Bay Buccaneers,16,386.0,217.0,56.2,24.1,,6.6,159.7,21.0,5.4,11.0,2.8,,31.0,6.0,32.0,196.0,82.8,QB
45.0,"Santa Cruz , CA",3/13/1972,Fresno State,,14 Seasons,76.0,"Dilfer, Trent",trentdilfer/2500392,247.0,1994 - 2007,1996,Tampa Bay Buccaneers,16,482.0,267.0,55.4,30.1,,5.9,178.7,12.0,2.5,19.0,3.9,45.0,32.0,2.0,28.0,207.0,64.8,QB
45.0,"Santa Cruz , CA",3/13/1972,Fresno State,,14 Seasons,76.0,"Dilfer, Trent",trentdilfer/2500392,247.0,1994 - 2007,1995,Tampa Bay Buccaneers,16,415.0,224.0,54.0,25.9,,6.7,173.4,4.0,1.0,18.0,4.3,,38.0,4.0,47.0,331.0,60.1,QB
45.0,"Santa Cruz , CA",3/13/1972,Fresno State,,14 Seasons,76.0,"Dilfer, Trent",trentdilfer/2500392,247.0,1994 - 2007,1994,Tampa Bay Buccaneers,5,82.0,38.0,46.3,16.4,433.0,5.3,86.6,1.0,1.2,6.0,7.3,42.0,5.0,1.0,8.0,42.0,36.3,QB
37.0,"Parsons , KS",1/9/1980,Maryland,Minnesota Vikings,16th season,75.0,"Hill, Shaun",shaunhill/2504833,230.0,,2016,Minnesota Vikings,3,35.0,19.0,54.3,11.7,242.0,6.9,80.7,0.0,0.0,0.0,0.0,33.0,3.0,0.0,1.0,7.0,76.1,QB
37.0,"Parsons , KS",1/9/1980,Maryland,Minnesota Vikings,16th season,75.0,"Hill, Shaun",shaunhill/2504833,230.0,,2014,St. Louis Rams,9,229.0,145.0,63.3,25.4,,7.2,184.1,8.0,3.5,7.0,3.1,,22.0,3.0,18.0,116.0,83.9,QB
37.0,"Parsons , KS",1/9/1980,Maryland,Minnesota Vikings,16th season,75.0,"Hill, Shaun",shaunhill/2504833,230.0,,2010,Detroit Lions,11,416.0,257.0,61.8,37.8,,6.5,244.2,16.0,3.8,12.0,2.9,,32.0,3.0,17.0,113.0,81.3,QB
37.0,"Parsons , KS",1/9/1980,Maryland,Minnesota Vikings,16th season,75.0,"Hill, Shaun",shaunhill/2504833,230.0,,2009,San Francisco 49ers,6,155.0,87.0,56.1,25.8,943.0,6.1,157.2,5.0,3.2,2.0,1.3,61.0,9.0,2.0,18.0,107.0,79.6,QB
37.0,"Parsons , KS",1/9/1980,Maryland,Minnesota Vikings,16th season,75.0,"Hill, Shaun",shaunhill/2504833,230.0,,2008,San Francisco 49ers,9,288.0,181.0,62.8,32.0,,7.1,227.3,13.0,4.5,8.0,2.8,,27.0,3.0,23.0,148.0,87.5,QB
37.0,"Parsons , KS",1/9/1980,Maryland,Minnesota Vikings,16th season,75.0,"Hill, Shaun",shaunhill/2504833,230.0,,2007,San Francisco 49ers,3,79.0,54.0,68.4,26.3,501.0,6.3,167.0,5.0,6.3,1.0,1.3,26.0,3.0,0.0,6.0,31.0,101.3,QB
,"Tunica , MS",12/10/1916,Mississippi,,5 Seasons,72.0,"Hall, Parker",parkerhall/2515642,198.0,1939 - 1946,1942,Cleveland Rams,10,140.0,62.0,44.3,14.0,815.0,5.8,81.5,7.0,5.0,19.0,13.6,,0.0,0.0,0.0,0.0,40.3,QB
,"Tunica , MS",12/10/1916,Mississippi,,5 Seasons,72.0,"Hall, Parker",parkerhall/2515642,198.0,1939 - 1946,1941,Cleveland Rams,10,190.0,84.0,44.2,19.0,863.0,4.5,86.3,7.0,3.7,19.0,10.0,,0.0,0.0,0.0,0.0,30.5,QB
,"Tunica , MS",12/10/1916,Mississippi,,5 Seasons,72.0,"Hall, Parker",parkerhall/2515642,198.0,1939 - 1946,1940,Cleveland Rams,11,183.0,77.0,42.1,16.6,,6.1,100.7,7.0,3.8,16.0,8.7,,0.0,0.0,0.0,0.0,38.7,QB
,"Tunica , MS",12/10/1916,Mississippi,,5 Seasons,72.0,"Hall, Parker",parkerhall/2515642,198.0,1939 - 1946,1939,Cleveland Rams,11,208.0,106.0,51.0,18.9,,5.9,111.5,9.0,4.3,13.0,6.3,,0.0,0.0,0.0,0.0,57.5,QB
28.0,"Ringgold , GA",6/2/1989,Southern Mississippi,Seattle Seahawks,6th season,74.0,"Davis, Austin",austindavis/2533349,221.0,,2015,Cleveland Browns,3,94.0,56.0,59.6,31.3,547.0,5.8,182.3,1.0,1.1,3.0,3.2,,5.0,2.0,11.0,96.0,66.2,QB
28.0,"Ringgold , GA",6/2/1989,Southern Mississippi,Seattle Seahawks,6th season,74.0,"Davis, Austin",austindavis/2533349,221.0,,2014,St. Louis Rams,10,284.0,180.0,63.4,28.4,,7.0,200.1,12.0,4.2,9.0,3.2,,21.0,4.0,29.0,179.0,85.1,QB
71.0,"Los Angeles , CA",10/4/1945,Cal State-Northridge,,2 Seasons,73.0,"Lemmerman, Bruce",brucelemmerman/2519337,206.0,1968 - 1969,1969,Atlanta Falcons,7,62.0,25.0,40.3,8.9,330.0,5.3,47.1,1.0,1.6,4.0,6.5,,0.0,0.0,14.0,106.0,36.4,QB
71.0,"Los Angeles , CA",10/4/1945,Cal State-Northridge,,2 Seasons,73.0,"Lemmerman, Bruce",brucelemmerman/2519337,206.0,1968 - 1969,1968,Atlanta Falcons,4,15.0,3.0,20.0,3.8,40.0,2.7,10.0,0.0,0.0,1.0,6.7,,0.0,0.0,0.0,0.0,11.8,QB
,"Lynn , MA",10/3/1924,Notre Dame,,3 Seasons,70.0,"Dancewicz, Boley",boleydancewicz/2512424,187.0,1946 - 1948,1948,Boston Yanks,3,35.0,17.0,48.6,11.7,186.0,5.3,62.0,0.0,0.0,5.0,14.3,,0.0,0.0,0.0,38.0,25.1,QB
,"Lynn , MA",10/3/1924,Notre Dame,,3 Seasons,70.0,"Dancewicz, Boley",boleydancewicz/2512424,187.0,1946 - 1948,1947,Boston Yanks,12,169.0,66.0,39.1,14.1,,7.1,100.2,11.0,6.5,18.0,10.7,,0.0,0.0,0.0,214.0,46.4,QB
,"Lynn , MA",10/3/1924,Notre Dame,,3 Seasons,70.0,"Dancewicz, Boley",boleydancewicz/2512424,187.0,1946 - 1948,1946,Boston Yanks,8,34.0,13.0,38.2,4.2,162.0,4.8,20.2,1.0,2.9,6.0,17.6,,0.0,0.0,0.0,0.0,24.0,QB
24.0,"Tyler , TX",12/6/1992,Texas A&M,,2 Seasons,72.0,"Manziel, Johnny",johnnymanziel/2543462,210.0,2014 - 2015,2015,Cleveland Browns,9,223.0,129.0,57.8,24.8,,6.7,166.7,7.0,3.1,5.0,2.2,61.0,19.0,4.0,19.0,141.0,79.4,QB
24.0,"Tyler , TX",12/6/1992,Texas A&M,,2 Seasons,72.0,"Manziel, Johnny",johnnymanziel/2543462,210.0,2014 - 2015,2014,Cleveland Browns,5,35.0,18.0,51.4,7.0,175.0,5.0,35.0,0.0,0.0,2.0,5.7,32.0,3.0,0.0,3.0,26.0,42.0,QB
61.0,Tutuwila American Samoa,5/19/1956,Washington State,,6 Seasons,75.0,"Thompson, Jack",jackthompson/2527335,217.0,1979 - 1984,1984,Tampa Bay Buccaneers,5,52.0,25.0,48.1,10.4,337.0,6.5,67.4,2.0,3.8,5.0,9.6,,0.0,0.0,10.0,54.0,42.4,QB
61.0,Tutuwila American Samoa,5/19/1956,Washington State,,6 Seasons,75.0,"Thompson, Jack",jackthompson/2527335,217.0,1979 - 1984,1983,Tampa Bay Buccaneers,14,423.0,249.0,58.9,30.2,,6.9,207.6,18.0,4.3,21.0,5.0,80.0,0.0,0.0,39.0,289.0,73.3,QB
61.0,Tutuwila American Samoa,5/19/1956,Washington State,,6 Seasons,75.0,"Thompson, Jack",jackthompson/2527335,217.0,1979 - 1984,1981,Cincinnati Bengals,8,49.0,21.0,42.9,6.1,267.0,5.4,33.4,1.0,2.0,2.0,4.1,21.0,0.0,0.0,7.0,61.0,50.3,QB
61.0,Tutuwila American Samoa,5/19/1956,Washington State,,6 Seasons,75.0,"Thompson, Jack",jackthompson/2527335,217.0,1979 - 1984,1980,Cincinnati Bengals,14,234.0,115.0,49.1,16.7,,5.7,94.6,11.0,4.7,12.0,5.1,,0.0,0.0,13.0,113.0,60.9,QB
61.0,Tutuwila American Samoa,5/19/1956,Washington State,,6 Seasons,75.0,"Thompson, Jack",jackthompson/2527335,217.0,1979 - 1984,1979,Cincinnati Bengals,9,87.0,39.0,44.8,9.7,481.0,5.5,53.4,1.0,1.1,5.0,5.7,50.0,0.0,0.0,16.0,178.0,42.4,QB
42.0,"Turlock , CA",2/27/1975,Middle Tennessee State,,7 Seasons,78.0,"Quinn, Jonathan",jonathanquinn/2502570,240.0,1998 - 2004,2004,Chicago Bears,5,98.0,51.0,52.0,19.6,413.0,4.2,82.6,1.0,1.0,3.0,3.1,32.0,4.0,0.0,15.0,109.0,53.7,QB
42.0,"Turlock , CA",2/27/1975,Middle Tennessee State,,7 Seasons,78.0,"Quinn, Jonathan",jonathanquinn/2502570,240.0,1998 - 2004,2001,Jacksonville Jaguars,6,61.0,32.0,52.5,10.2,361.0,5.9,60.2,1.0,1.6,1.0,1.6,45.0,6.0,1.0,6.0,43.0,69.1,QB
42.0,"Turlock , CA",2/27/1975,Middle Tennessee State,,7 Seasons,78.0,"Quinn, Jonathan",jonathanquinn/2502570,240.0,1998 - 2004,1998,Jacksonville Jaguars,4,64.0,34.0,53.1,16.0,387.0,6.0,96.8,2.0,3.1,3.0,4.7,64.0,3.0,2.0,9.0,49.0,62.4,QB
27.0,"Hampton , VA",8/3/1989,Virginia Tech,Buffalo Bills,7th season,73.0,"Taylor, Tyrod",tyrodtaylor/2495240,215.0,,2016,Buffalo Bills,15,436.0,269.0,61.7,29.1,,6.9,201.5,17.0,3.9,6.0,1.4,,33.0,7.0,42.0,192.0,89.7,QB
27.0,"Hampton , VA",8/3/1989,Virginia Tech,Buffalo Bills,7th season,73.0,"Taylor, Tyrod",tyrodtaylor/2495240,215.0,,2015,Buffalo Bills,14,380.0,242.0,63.7,27.1,,8.0,216.8,20.0,5.3,6.0,1.6,63.0,45.0,11.0,36.0,212.0,99.4,QB
27.0,"Hampton , VA",8/3/1989,Virginia Tech,Buffalo Bills,7th season,73.0,"Taylor, Tyrod",tyrodtaylor/2495240,215.0,,2012,Baltimore Ravens,7,29.0,17.0,58.6,4.1,179.0,6.2,25.6,0.0,0.0,1.0,3.4,25.0,2.0,0.0,3.0,30.0,62.3,QB
88.0,"Milwaukee , WI",6/1/1929,Michigan,,2 Seasons,73.0,"Ortmann, Chuck",chuckortmann/2522554,190.0,1951 - 1952,1952,Dallas Texans,3,15.0,5.0,33.3,5.0,73.0,4.9,24.3,0.0,0.0,1.0,6.7,,0.0,0.0,0.0,26.0,22.4,QB
88.0,"Milwaukee , WI",6/1/1929,Michigan,,2 Seasons,73.0,"Ortmann, Chuck",chuckortmann/2522554,190.0,1951 - 1952,1951,Pittsburgh Steelers,12,139.0,56.0,40.3,11.6,671.0,4.8,55.9,3.0,2.2,13.0,9.4,,0.0,0.0,0.0,199.0,24.0,QB
24.0,"Raleigh , NC",12/30/1992,North Dakota State,Philadelphia Eagles,2nd season,77.0,"Wentz, Carson",carsonwentz/2555259,237.0,,2016,Philadelphia Eagles,16,607.0,379.0,62.4,37.9,,6.2,236.4,16.0,2.6,14.0,2.3,,39.0,6.0,33.0,213.0,79.3,QB
27.0,"Jeannette , PA",6/20/1989,Ohio State,Washington Redskins,5th season,76.0,"Pryor, Terrelle",terrellepryor/2531332,223.0,,2013,Oakland Raiders,11,272.0,156.0,57.4,24.7,,6.6,163.5,7.0,2.6,11.0,4.0,,16.0,4.0,31.0,203.0,69.1,QB
27.0,"Jeannette , PA",6/20/1989,Ohio State,Washington Redskins,5th season,76.0,"Pryor, Terrelle",terrellepryor/2531332,223.0,,2012,Oakland Raiders,3,30.0,14.0,46.7,10.0,155.0,5.2,51.7,2.0,6.7,1.0,3.3,38.0,2.0,0.0,0.0,0.0,70.8,QB
39.0,"San Mateo , CA",8/3/1977,Michigan,New England Patriots,18th season,76.0,"Brady, Tom",tombrady/2504211,225.0,,2016,New England Patriots,12,432.0,291.0,67.4,36.0,,8.2,296.2,28.0,6.5,2.0,0.5,,45.0,8.0,15.0,87.0,112.2,QB
39.0,"San Mateo , CA",8/3/1977,Michigan,New England Patriots,18th season,76.0,"Brady, Tom",tombrady/2504211,225.0,,2015,New England Patriots,16,624.0,402.0,64.4,39.0,,7.6,298.1,36.0,5.8,7.0,1.1,,58.0,12.0,38.0,225.0,102.2,QB
39.0,"San Mateo , CA",8/3/1977,Michigan,New England Patriots,18th season,76.0,"Brady, Tom",tombrady/2504211,225.0,,2014,New England Patriots,16,582.0,373.0,64.1,36.4,,7.1,256.8,33.0,5.7,9.0,1.5,,44.0,8.0,21.0,134.0,97.4,QB
39.0,"San Mateo , CA",8/3/1977,Michigan,New England Patriots,18th season,76.0,"Brady, Tom",tombrady/2504211,225.0,,2013,New England Patriots,16,628.0,380.0,60.5,39.2,,6.9,271.4,25.0,4.0,11.0,1.8,,49.0,8.0,40.0,256.0,87.3,QB
39.0,"San Mateo , CA",8/3/1977,Michigan,New England Patriots,18th season,76.0,"Brady, Tom",tombrady/2504211,225.0,,2012,New England Patriots,16,637.0,401.0,63.0,39.8,,7.6,301.7,34.0,5.3,8.0,1.3,,57.0,8.0,27.0,182.0,98.7,QB
39.0,"San Mateo , CA",8/3/1977,Michigan,New England Patriots,18th season,76.0,"Brady, Tom",tombrady/2504211,225.0,,2011,New England Patriots,16,611.0,401.0,65.6,38.2,,8.6,327.2,39.0,6.4,12.0,2.0,,71.0,14.0,32.0,173.0,105.6,QB
39.0,"San Mateo , CA",8/3/1977,Michigan,New England Patriots,18th season,76.0,"Brady, Tom",tombrady/2504211,225.0,,2010,New England Patriots,16,492.0,324.0,65.9,30.8,,7.9,243.8,36.0,7.3,4.0,0.8,,53.0,9.0,25.0,175.0,111.0,QB
39.0,"San Mateo , CA",8/3/1977,Michigan,New England Patriots,18th season,76.0,"Brady, Tom",tombrady/2504211,225.0,,2009,New England Patriots,16,565.0,371.0,65.7,35.3,,7.8,274.9,28.0,5.0,13.0,2.3,,43.0,12.0,16.0,86.0,96.2,QB
39.0,"San Mateo , CA",8/3/1977,Michigan,New England Patriots,18th season,76.0,"Brady, Tom",tombrady/2504211,225.0,,2007,New England Patriots,16,578.0,398.0,68.9,36.1,,8.3,300.4,50.0,8.7,8.0,1.4,,56.0,15.0,21.0,128.0,117.2,QB
39.0,"San Mateo , CA",8/3/1977,Michigan,New England Patriots,18th season,76.0,"Brady, Tom",tombrady/2504211,225.0,,2006,New England Patriots,16,516.0,319.0,61.8,32.2,,6.8,220.6,24.0,4.7,12.0,2.3,,46.0,8.0,26.0,175.0,87.9,QB
39.0,"San Mateo , CA",8/3/1977,Michigan,New England Patriots,18th season,76.0,"Brady, Tom",tombrady/2504211,225.0,,2005,New England Patriots,16,530.0,334.0,63.0,33.1,,7.8,256.9,26.0,4.9,14.0,2.6,71.0,59.0,9.0,26.0,188.0,92.3,QB
39.0,"San Mateo , CA",8/3/1977,Michigan,New England Patriots,18th season,76.0,"Brady, Tom",tombrady/2504211,225.0,,2004,New England Patriots,16,474.0,288.0,60.8,29.6,,7.8,230.8,28.0,5.9,14.0,3.0,50.0,52.0,10.0,26.0,162.0,92.6,QB
39.0,"San Mateo , CA",8/3/1977,Michigan,New England Patriots,18th season,76.0,"Brady, Tom",tombrady/2504211,225.0,,2003,New England Patriots,16,527.0,317.0,60.2,32.9,,6.9,226.2,23.0,4.4,12.0,2.3,,44.0,8.0,32.0,219.0,85.9,QB
39.0,"San Mateo , CA",8/3/1977,Michigan,New England Patriots,18th season,76.0,"Brady, Tom",tombrady/2504211,225.0,,2002,New England Patriots,16,601.0,373.0,62.1,37.6,,6.3,235.2,28.0,4.7,14.0,2.3,,37.0,3.0,31.0,190.0,85.7,QB
39.0,"San Mateo , CA",8/3/1977,Michigan,New England Patriots,18th season,76.0,"Brady, Tom",tombrady/2504211,225.0,,2001,New England Patriots,15,413.0,264.0,63.9,27.5,,6.9,189.5,18.0,4.4,12.0,2.9,,32.0,6.0,41.0,216.0,86.5,QB
62.0,"West Allis , WI",8/6/1954,Northern Illinois,,6 Seasons,76.0,"Golsteyn, Jerry",jerrygolsteyn/2515026,207.0,1977 - 1984,1983,Tampa Bay Buccaneers,5,97.0,47.0,48.5,19.4,535.0,5.5,107.0,0.0,0.0,2.0,2.1,52.0,0.0,0.0,7.0,52.0,56.9,QB
62.0,"West Allis , WI",8/6/1954,Northern Illinois,,6 Seasons,76.0,"Golsteyn, Jerry",jerrygolsteyn/2515026,207.0,1977 - 1984,1978,New York Giants,7,40.0,12.0,30.0,5.7,110.0,2.8,15.7,0.0,0.0,1.0,2.5,20.0,0.0,0.0,8.0,62.0,29.2,QB
62.0,"West Allis , WI",8/6/1954,Northern Illinois,,6 Seasons,76.0,"Golsteyn, Jerry",jerrygolsteyn/2515026,207.0,1977 - 1984,1977,New York Giants,6,70.0,31.0,44.3,11.7,416.0,5.9,69.3,2.0,2.9,8.0,11.4,47.0,0.0,0.0,14.0,113.0,33.7,QB
54.0,"Manchester , MD",10/23/1962,Boston College,,12 Seasons,70.0,"Flutie, Doug",dougflutie/2500660,180.0,1986 - 2005,2004,San Diego Chargers,2,38.0,20.0,52.6,19.0,276.0,7.3,138.0,1.0,2.6,0.0,0.0,29.0,4.0,0.0,1.0,7.0,85.0,QB
54.0,"Manchester , MD",10/23/1962,Boston College,,12 Seasons,70.0,"Flutie, Doug",dougflutie/2500660,180.0,1986 - 2005,2003,San Diego Chargers,7,167.0,91.0,54.5,23.9,,6.6,156.7,9.0,5.4,4.0,2.4,,16.0,1.0,8.0,27.0,82.8,QB
54.0,"Manchester , MD",10/23/1962,Boston College,,12 Seasons,70.0,"Flutie, Doug",dougflutie/2500660,180.0,1986 - 2005,2001,San Diego Chargers,16,521.0,294.0,56.4,32.6,,6.6,216.5,15.0,2.9,18.0,3.5,78.0,43.0,4.0,25.0,168.0,72.0,QB
54.0,"Manchester , MD",10/23/1962,Boston College,,12 Seasons,70.0,"Flutie, Doug",dougflutie/2500660,180.0,1986 - 2005,2000,Buffalo Bills,11,231.0,132.0,57.1,21.0,,7.4,154.5,8.0,3.5,3.0,1.3,52.0,29.0,4.0,10.0,68.0,86.5,QB
54.0,"Manchester , MD",10/23/1962,Boston College,,12 Seasons,70.0,"Flutie, Doug",dougflutie/2500660,180.0,1986 - 2005,1999,Buffalo Bills,15,478.0,264.0,55.2,31.9,,6.6,211.4,19.0,4.0,16.0,3.3,,40.0,7.0,26.0,176.0,75.1,QB
54.0,"Manchester , MD",10/23/1962,Boston College,,12 Seasons,70.0,"Flutie, Doug",dougflutie/2500660,180.0,1986 - 2005,1998,Buffalo Bills,13,354.0,202.0,57.1,27.2,,7.7,208.5,20.0,5.6,11.0,3.1,,36.0,8.0,12.0,78.0,87.4,QB
54.0,"Manchester , MD",10/23/1962,Boston College,,12 Seasons,70.0,"Flutie, Doug",dougflutie/2500660,180.0,1986 - 2005,1989,New England Patriots,5,91.0,36.0,39.6,18.2,493.0,5.4,98.6,2.0,2.2,4.0,4.4,36.0,0.0,0.0,6.0,52.0,46.6,QB
54.0,"Manchester , MD",10/23/1962,Boston College,,12 Seasons,70.0,"Flutie, Doug",dougflutie/2500660,180.0,1986 - 2005,1988,New England Patriots,11,179.0,92.0,51.4,16.3,,6.4,104.5,8.0,4.5,10.0,5.6,,0.0,0.0,11.0,65.0,63.3,QB
54.0,"Manchester , MD",10/23/1962,Boston College,,12 Seasons,70.0,"Flutie, Doug",dougflutie/2500660,180.0,1986 - 2005,1987,New England Patriots,1,25.0,15.0,60.0,25.0,199.0,8.0,199.0,1.0,4.0,0.0,0.0,30.0,0.0,0.0,1.0,3.0,98.6,QB
54.0,"Manchester , MD",10/23/1962,Boston College,,12 Seasons,70.0,"Flutie, Doug",dougflutie/2500660,180.0,1986 - 2005,1986,Chicago Bears,4,46.0,23.0,50.0,11.5,361.0,7.8,90.2,3.0,6.5,2.0,4.3,,0.0,0.0,6.0,30.0,80.1,QB
65.0,"San Francisco , CA",6/10/1951,Oregon,,15 Seasons,75.0,"Fouts, Dan",danfouts/2514293,204.0,1973 - 1987,1987,San Diego Chargers,11,364.0,206.0,56.6,33.1,,6.9,228.8,10.0,2.7,15.0,4.1,46.0,0.0,0.0,24.0,176.0,70.0,QB
65.0,"San Francisco , CA",6/10/1951,Oregon,,15 Seasons,75.0,"Fouts, Dan",danfouts/2514293,204.0,1973 - 1987,1986,San Diego Chargers,12,430.0,252.0,58.6,35.8,,7.0,252.6,16.0,3.7,22.0,5.1,,0.0,0.0,21.0,173.0,71.4,QB
65.0,"San Francisco , CA",6/10/1951,Oregon,,15 Seasons,75.0,"Fouts, Dan",danfouts/2514293,204.0,1973 - 1987,1985,San Diego Chargers,14,430.0,254.0,59.1,30.7,,8.5,259.9,27.0,6.3,20.0,4.7,,0.0,0.0,18.0,135.0,88.1,QB
65.0,"San Francisco , CA",6/10/1951,Oregon,,15 Seasons,75.0,"Fouts, Dan",danfouts/2514293,204.0,1973 - 1987,1984,San Diego Chargers,13,507.0,317.0,62.5,39.0,,7.4,287.7,19.0,3.7,17.0,3.4,,0.0,0.0,29.0,228.0,83.4,QB
65.0,"San Francisco , CA",6/10/1951,Oregon,,15 Seasons,75.0,"Fouts, Dan",danfouts/2514293,204.0,1973 - 1987,1983,San Diego Chargers,10,340.0,215.0,63.2,34.0,,8.8,297.5,20.0,5.9,15.0,4.4,,0.0,0.0,14.0,107.0,92.5,QB
65.0,"San Francisco , CA",6/10/1951,Oregon,,15 Seasons,75.0,"Fouts, Dan",danfouts/2514293,204.0,1973 - 1987,1982,San Diego Chargers,9,330.0,204.0,61.8,36.7,,8.7,320.3,17.0,5.2,11.0,3.3,,0.0,0.0,12.0,94.0,93.3,QB
65.0,"San Francisco , CA",6/10/1951,Oregon,,15 Seasons,75.0,"Fouts, Dan",danfouts/2514293,204.0,1973 - 1987,1981,San Diego Chargers,16,609.0,360.0,59.1,38.1,,7.9,300.1,33.0,5.4,17.0,2.8,,0.0,0.0,19.0,134.0,90.6,QB
65.0,"San Francisco , CA",6/10/1951,Oregon,,15 Seasons,75.0,"Fouts, Dan",danfouts/2514293,204.0,1973 - 1987,1980,San Diego Chargers,16,589.0,348.0,59.1,36.8,,8.0,294.7,30.0,5.1,24.0,4.1,65.0,0.0,0.0,32.0,210.0,84.7,QB
65.0,"San Francisco , CA",6/10/1951,Oregon,,15 Seasons,75.0,"Fouts, Dan",danfouts/2514293,204.0,1973 - 1987,1979,San Diego Chargers,16,530.0,332.0,62.6,33.1,,7.7,255.1,24.0,4.5,24.0,4.5,,0.0,0.0,28.0,195.0,82.6,QB
65.0,"San Francisco , CA",6/10/1951,Oregon,,15 Seasons,75.0,"Fouts, Dan",danfouts/2514293,204.0,1973 - 1987,1978,San Diego Chargers,15,381.0,224.0,58.8,25.4,,7.9,199.9,24.0,6.3,20.0,5.2,,0.0,0.0,22.0,130.0,83.0,QB
65.0,"San Francisco , CA",6/10/1951,Oregon,,15 Seasons,75.0,"Fouts, Dan",danfouts/2514293,204.0,1973 - 1987,1977,San Diego Chargers,4,109.0,69.0,63.3,27.2,869.0,8.0,217.2,4.0,3.7,6.0,5.5,,0.0,0.0,10.0,77.0,77.4,QB
65.0,"San Francisco , CA",6/10/1951,Oregon,,15 Seasons,75.0,"Fouts, Dan",danfouts/2514293,204.0,1973 - 1987,1976,San Diego Chargers,14,359.0,208.0,57.9,25.6,,7.1,181.1,14.0,3.9,15.0,4.2,,0.0,0.0,39.0,220.0,75.4,QB
65.0,"San Francisco , CA",6/10/1951,Oregon,,15 Seasons,75.0,"Fouts, Dan",danfouts/2514293,204.0,1973 - 1987,1975,San Diego Chargers,10,195.0,106.0,54.4,19.5,,7.2,139.6,2.0,1.0,10.0,5.1,57.0,0.0,0.0,25.0,197.0,59.3,QB
65.0,"San Francisco , CA",6/10/1951,Oregon,,15 Seasons,75.0,"Fouts, Dan",danfouts/2514293,204.0,1973 - 1987,1974,San Diego Chargers,11,237.0,115.0,48.5,21.5,,7.3,157.5,8.0,3.4,13.0,5.5,,0.0,0.0,12.0,99.0,61.4,QB
65.0,"San Francisco , CA",6/10/1951,Oregon,,15 Seasons,75.0,"Fouts, Dan",danfouts/2514293,204.0,1973 - 1987,1973,San Diego Chargers,10,194.0,87.0,44.8,19.4,,5.8,112.6,6.0,3.1,13.0,6.7,,0.0,0.0,14.0,129.0,46.0,QB
54.0,"Huntington Beach , CA",8/16/1962,Kansas,,2 Seasons,73.0,"Seurer, Frank",frankseurer/2525343,195.0,1986 - 1987,1987,Kansas City Chiefs,8,55.0,26.0,47.3,6.9,340.0,6.2,42.5,0.0,0.0,4.0,7.3,33.0,0.0,0.0,10.0,82.0,36.9,QB
67.0,"Omaha , NE",4/12/1950,Nebraska,,3 Seasons,74.0,"Tagge, Jerry",jerrytagge/2526982,220.0,1972 - 1974,1974,Green Bay Packers,7,146.0,70.0,47.9,20.9,709.0,4.9,101.3,1.0,0.7,10.0,6.8,,0.0,0.0,5.0,35.0,36.0,QB
67.0,"Omaha , NE",4/12/1950,Nebraska,,3 Seasons,74.0,"Tagge, Jerry",jerrytagge/2526982,220.0,1972 - 1974,1973,Green Bay Packers,7,106.0,56.0,52.8,15.1,720.0,6.8,102.9,2.0,1.9,7.0,6.6,,0.0,0.0,9.0,54.0,53.2,QB
67.0,"Omaha , NE",4/12/1950,Nebraska,,3 Seasons,74.0,"Tagge, Jerry",jerrytagge/2526982,220.0,1972 - 1974,1972,Green Bay Packers,4,29.0,10.0,34.5,7.2,154.0,5.3,38.5,0.0,0.0,0.0,0.0,,0.0,0.0,3.0,27.0,52.9,QB
75.0,"Dallas , TX",3/6/1942,Tulsa,,7 Seasons,72.0,"Rhome, Jerry",jerryrhome/2524041,190.0,1965 - 1971,1971,Los Angeles Rams,14,18.0,5.0,27.8,1.3,66.0,3.7,4.7,1.0,5.6,1.0,5.6,,0.0,0.0,1.0,10.0,37.7,QB
75.0,"Dallas , TX",3/6/1942,Tulsa,,7 Seasons,72.0,"Rhome, Jerry",jerryrhome/2524041,190.0,1965 - 1971,1970,Houston Oilers,13,168.0,88.0,52.4,12.9,,6.1,79.3,5.0,3.0,8.0,4.8,,0.0,0.0,10.0,85.0,61.4,QB
75.0,"Dallas , TX",3/6/1942,Tulsa,,7 Seasons,72.0,"Rhome, Jerry",jerryrhome/2524041,190.0,1965 - 1971,1969,Cleveland Browns,11,19.0,7.0,36.8,1.7,35.0,1.8,3.2,0.0,0.0,2.0,10.5,,0.0,0.0,3.0,26.0,5.7,QB
75.0,"Dallas , TX",3/6/1942,Tulsa,,7 Seasons,72.0,"Rhome, Jerry",jerryrhome/2524041,190.0,1965 - 1971,1967,Dallas Cowboys,14,18.0,9.0,50.0,1.3,86.0,4.8,6.1,0.0,0.0,1.0,5.6,,0.0,0.0,4.0,26.0,40.5,QB
75.0,"Dallas , TX",3/6/1942,Tulsa,,7 Seasons,72.0,"Rhome, Jerry",jerryrhome/2524041,190.0,1965 - 1971,1966,Dallas Cowboys,7,36.0,21.0,58.3,5.1,253.0,7.0,36.1,0.0,0.0,1.0,2.8,,0.0,0.0,4.0,39.0,68.4,QB
75.0,"Dallas , TX",3/6/1942,Tulsa,,7 Seasons,72.0,"Rhome, Jerry",jerryrhome/2524041,190.0,1965 - 1971,1965,Dallas Cowboys,11,21.0,9.0,42.9,1.9,157.0,7.5,14.3,1.0,4.8,1.0,4.8,,0.0,0.0,7.0,44.0,65.0,QB
55.0,"Pittsburgh , PA",9/15/1961,Pittsburgh,,17 Seasons,76.0,"Marino, Dan",danmarino/2501869,228.0,1983 - 1999,1999,Miami Dolphins,11,369.0,204.0,55.3,33.5,,6.6,222.5,12.0,3.3,17.0,4.6,62.0,37.0,5.0,9.0,66.0,67.4,QB
55.0,"Pittsburgh , PA",9/15/1961,Pittsburgh,,17 Seasons,76.0,"Marino, Dan",danmarino/2501869,228.0,1983 - 1999,1998,Miami Dolphins,16,537.0,310.0,57.7,33.6,,6.5,218.6,23.0,4.3,15.0,2.8,,45.0,6.0,23.0,178.0,80.0,QB
55.0,"Pittsburgh , PA",9/15/1961,Pittsburgh,,17 Seasons,76.0,"Marino, Dan",danmarino/2501869,228.0,1983 - 1999,1997,Miami Dolphins,16,548.0,319.0,58.2,34.2,,6.9,236.2,16.0,2.9,11.0,2.0,55.0,49.0,4.0,20.0,132.0,80.7,QB
55.0,"Pittsburgh , PA",9/15/1961,Pittsburgh,,17 Seasons,76.0,"Marino, Dan",danmarino/2501869,228.0,1983 - 1999,1996,Miami Dolphins,13,373.0,221.0,59.2,28.7,,7.5,215.0,17.0,4.6,9.0,2.4,,39.0,10.0,18.0,131.0,87.8,QB
55.0,"Pittsburgh , PA",9/15/1961,Pittsburgh,,17 Seasons,76.0,"Marino, Dan",danmarino/2501869,228.0,1983 - 1999,1995,Miami Dolphins,14,482.0,309.0,64.1,34.4,,7.6,262.0,24.0,5.0,15.0,3.1,,40.0,7.0,22.0,153.0,90.8,QB
55.0,"Pittsburgh , PA",9/15/1961,Pittsburgh,,17 Seasons,76.0,"Marino, Dan",danmarino/2501869,228.0,1983 - 1999,1994,Miami Dolphins,16,615.0,385.0,62.6,38.4,,7.2,278.3,30.0,4.9,17.0,2.8,,55.0,7.0,18.0,113.0,89.2,QB
55.0,"Pittsburgh , PA",9/15/1961,Pittsburgh,,17 Seasons,76.0,"Marino, Dan",danmarino/2501869,228.0,1983 - 1999,1993,Miami Dolphins,5,150.0,91.0,60.7,30.0,,8.1,243.6,8.0,5.3,3.0,2.0,,18.0,4.0,7.0,42.0,95.9,QB
55.0,"Pittsburgh , PA",9/15/1961,Pittsburgh,,17 Seasons,76.0,"Marino, Dan",danmarino/2501869,228.0,1983 - 1999,1992,Miami Dolphins,16,554.0,330.0,59.6,34.6,,7.4,257.2,24.0,4.3,16.0,2.9,,45.0,12.0,28.0,173.0,85.1,QB
55.0,"Pittsburgh , PA",9/15/1961,Pittsburgh,,17 Seasons,76.0,"Marino, Dan",danmarino/2501869,228.0,1983 - 1999,1991,Miami Dolphins,16,549.0,318.0,57.9,34.3,,7.2,248.1,25.0,4.6,13.0,2.4,54.0,44.0,6.0,27.0,182.0,85.8,QB
55.0,"Pittsburgh , PA",9/15/1961,Pittsburgh,,17 Seasons,76.0,"Marino, Dan",danmarino/2501869,228.0,1983 - 1999,1990,Miami Dolphins,16,531.0,306.0,57.6,33.2,,6.7,222.7,21.0,4.0,11.0,2.1,,0.0,0.0,15.0,90.0,82.6,QB
55.0,"Pittsburgh , PA",9/15/1961,Pittsburgh,,17 Seasons,76.0,"Marino, Dan",danmarino/2501869,228.0,1983 - 1999,1989,Miami Dolphins,16,550.0,308.0,56.0,34.4,,7.3,249.8,24.0,4.4,22.0,4.0,,0.0,0.0,10.0,86.0,76.9,QB
55.0,"Pittsburgh , PA",9/15/1961,Pittsburgh,,17 Seasons,76.0,"Marino, Dan",danmarino/2501869,228.0,1983 - 1999,1988,Miami Dolphins,16,606.0,354.0,58.4,37.9,,7.3,277.1,28.0,4.6,23.0,3.8,,0.0,0.0,6.0,31.0,80.8,QB
55.0,"Pittsburgh , PA",9/15/1961,Pittsburgh,,17 Seasons,76.0,"Marino, Dan",danmarino/2501869,228.0,1983 - 1999,1987,Miami Dolphins,12,444.0,263.0,59.2,37.0,,7.3,270.4,26.0,5.9,13.0,2.9,,0.0,0.0,9.0,77.0,89.2,QB
55.0,"Pittsburgh , PA",9/15/1961,Pittsburgh,,17 Seasons,76.0,"Marino, Dan",danmarino/2501869,228.0,1983 - 1999,1986,Miami Dolphins,16,623.0,378.0,60.7,38.9,,7.6,296.6,44.0,7.1,23.0,3.7,,0.0,0.0,17.0,119.0,92.5,QB
55.0,"Pittsburgh , PA",9/15/1961,Pittsburgh,,17 Seasons,76.0,"Marino, Dan",danmarino/2501869,228.0,1983 - 1999,1985,Miami Dolphins,16,567.0,336.0,59.3,35.4,,7.3,258.6,30.0,5.3,21.0,3.7,73.0,0.0,0.0,18.0,157.0,84.1,QB
55.0,"Pittsburgh , PA",9/15/1961,Pittsburgh,,17 Seasons,76.0,"Marino, Dan",danmarino/2501869,228.0,1983 - 1999,1984,Miami Dolphins,16,564.0,362.0,64.2,35.2,,9.0,317.8,48.0,8.5,17.0,3.0,,0.0,0.0,13.0,120.0,108.9,QB
55.0,"Pittsburgh , PA",9/15/1961,Pittsburgh,,17 Seasons,76.0,"Marino, Dan",danmarino/2501869,228.0,1983 - 1999,1983,Miami Dolphins,11,296.0,173.0,58.4,26.9,,7.5,200.9,20.0,6.8,6.0,2.0,,0.0,0.0,10.0,80.0,96.0,QB
33.0,"Bridgeport , CT",8/18/1983,Connecticut,Detroit Lions,12th season,77.0,"Orlovsky, Dan",danorlovsky/2506481,215.0,,2015,Detroit Lions,2,40.0,22.0,55.0,20.0,201.0,5.0,100.5,1.0,2.5,1.0,2.5,23.0,3.0,0.0,0.0,0.0,66.8,QB
33.0,"Bridgeport , CT",8/18/1983,Connecticut,Detroit Lions,12th season,77.0,"Orlovsky, Dan",danorlovsky/2506481,215.0,,2011,Indianapolis Colts,8,193.0,122.0,63.2,24.1,,6.2,150.1,6.0,3.1,4.0,2.1,40.0,8.0,1.0,14.0,84.0,82.4,QB
33.0,"Bridgeport , CT",8/18/1983,Connecticut,Detroit Lions,12th season,77.0,"Orlovsky, Dan",danorlovsky/2506481,215.0,,2008,Detroit Lions,10,255.0,143.0,56.1,25.5,,6.3,161.6,8.0,3.1,8.0,3.1,,20.0,2.0,14.0,95.0,72.6,QB
33.0,"Bridgeport , CT",8/18/1983,Connecticut,Detroit Lions,12th season,77.0,"Orlovsky, Dan",danorlovsky/2506481,215.0,,2005,Detroit Lions,2,17.0,7.0,41.2,8.5,63.0,3.7,31.5,0.0,0.0,0.0,0.0,20.0,1.0,0.0,1.0,3.0,51.8,QB
29.0,"Opa Locka , FL",11/19/1987,Duke,San Francisco 49ers,5th season,74.0,"Lewis, Thad",thadlewis/497121,219.0,,2013,Buffalo Bills,6,157.0,93.0,59.2,26.2,,7.0,182.0,4.0,2.5,3.0,1.9,57.0,15.0,4.0,18.0,100.0,81.0,QB
29.0,"Opa Locka , FL",11/19/1987,Duke,San Francisco 49ers,5th season,74.0,"Lewis, Thad",thadlewis/497121,219.0,,2012,Cleveland Browns,1,32.0,22.0,68.8,32.0,204.0,6.4,204.0,1.0,3.1,1.0,3.1,23.0,1.0,0.0,3.0,14.0,83.3,QB
40.0,"St. Petersburg , FL",5/29/1977,Tulane,,6 Seasons,73.0,"King, Shaun",shaunking/2501619,228.0,1999 - 2006,2004,Arizona Cardinals,3,84.0,47.0,56.0,28.0,502.0,6.0,167.3,1.0,1.2,4.0,4.8,40.0,6.0,1.0,6.0,42.0,57.7,QB
40.0,"St. Petersburg , FL",5/29/1977,Tulane,,6 Seasons,73.0,"King, Shaun",shaunking/2501619,228.0,1999 - 2006,2003,Tampa Bay Buccaneers,3,22.0,15.0,68.2,7.3,130.0,5.9,43.3,1.0,4.5,1.0,4.5,20.0,1.0,0.0,3.0,25.0,79.7,QB
40.0,"St. Petersburg , FL",5/29/1977,Tulane,,6 Seasons,73.0,"King, Shaun",shaunking/2501619,228.0,1999 - 2006,2002,Tampa Bay Buccaneers,3,27.0,10.0,37.0,9.0,80.0,3.0,26.7,0.0,0.0,1.0,3.7,20.0,1.0,0.0,1.0,5.0,30.0,QB
40.0,"St. Petersburg , FL",5/29/1977,Tulane,,6 Seasons,73.0,"King, Shaun",shaunking/2501619,228.0,1999 - 2006,2001,Tampa Bay Buccaneers,3,31.0,21.0,67.7,10.3,210.0,6.8,70.0,0.0,0.0,1.0,3.2,42.0,2.0,1.0,3.0,29.0,73.3,QB
40.0,"St. Petersburg , FL",5/29/1977,Tulane,,6 Seasons,73.0,"King, Shaun",shaunking/2501619,228.0,1999 - 2006,2000,Tampa Bay Buccaneers,16,428.0,233.0,54.4,26.8,,6.5,173.1,18.0,4.2,13.0,3.0,75.0,37.0,5.0,37.0,240.0,75.8,QB
40.0,"St. Petersburg , FL",5/29/1977,Tulane,,6 Seasons,73.0,"King, Shaun",shaunking/2501619,228.0,1999 - 2006,1999,Tampa Bay Buccaneers,6,146.0,89.0,61.0,24.3,875.0,6.0,145.8,7.0,4.8,4.0,2.7,68.0,10.0,1.0,11.0,78.0,82.4,QB
57.0,"Oklahoma City , OK",11/14/1959,USC,,1 Season,74.0,"Tinsley, Scott",scotttinsley/2527454,195.0,1987 - 1987,1987,Philadelphia Eagles,3,86.0,48.0,55.8,28.7,637.0,7.4,212.3,3.0,3.5,4.0,4.7,,0.0,0.0,6.0,55.0,71.7,QB
,"Charleston , WV",12/29/1950,Tennessee State,,4 Seasons,74.0,"Gilliam, Joe",joegilliam/2514891,187.0,1972 - 1975,1975,Pittsburgh Steelers,4,48.0,24.0,50.0,12.0,450.0,9.4,112.5,3.0,6.3,3.0,6.3,53.0,0.0,0.0,0.0,0.0,77.6,QB
,"Charleston , WV",12/29/1950,Tennessee State,,4 Seasons,74.0,"Gilliam, Joe",joegilliam/2514891,187.0,1972 - 1975,1974,Pittsburgh Steelers,9,212.0,96.0,45.3,23.6,,6.0,141.6,4.0,1.9,8.0,3.8,,0.0,0.0,7.0,79.0,55.4,QB
,"Charleston , WV",12/29/1950,Tennessee State,,4 Seasons,74.0,"Gilliam, Joe",joegilliam/2514891,187.0,1972 - 1975,1973,Pittsburgh Steelers,5,60.0,20.0,33.3,12.0,331.0,5.5,66.2,2.0,3.3,6.0,10.0,,0.0,0.0,3.0,17.0,24.4,QB
,"Cambridge , MA",4/7/1913,Fordham,,4 Seasons,71.0,"Sarausky, Tony",tonysarausky/2524920,201.0,1935 - 1938,1936,New York Giants,11,27.0,6.0,22.2,2.5,87.0,3.2,7.9,2.0,7.4,1.0,3.7,,0.0,0.0,0.0,0.0,49.8,QB
66.0,"Alvin , TX",1/11/1951,Texas-El Paso,,3 Seasons,75.0,"Keithley, Gary",garykeithley/2518235,210.0,1973 - 1975,1973,St. Louis Cardinals,14,73.0,32.0,43.8,5.2,369.0,5.1,26.4,1.0,1.4,5.0,6.8,,0.0,0.0,5.0,41.0,35.7,QB
,"Marion , SD",3/29/1906,Kansas,,1 Season,73.0,"Bausch, Jim",jimbausch/2509199,208.0,1933 - 1933,1933,Cincinnati Reds,5,22.0,4.0,18.2,4.4,41.0,1.9,8.2,0.0,0.0,2.0,9.1,,0.0,0.0,0.0,0.0,1.7,QB
,"Salt Lake City , UT",5/28/1923,Utah,,2 Seasons,69.0,"Nelson, Frank",franknelson/2522020,167.0,1948 - 1949,1948,Boston Yanks,12,17.0,8.0,47.1,1.4,71.0,4.2,5.9,0.0,0.0,2.0,11.8,,0.0,0.0,0.0,29.0,19.1,QB
,"Salt Lick , KY",12/1/1911,Kentucky,,7 Seasons,73.0,"Kercheval, Ralph",ralphkercheval/2518361,190.0,1934 - 1940,1937,Brooklyn Dodgers,9,19.0,11.0,57.9,2.1,154.0,8.1,17.1,1.0,5.3,1.0,5.3,,0.0,0.0,0.0,0.0,79.7,QB
,"Salt Lick , KY",12/1/1911,Kentucky,,7 Seasons,73.0,"Kercheval, Ralph",ralphkercheval/2518361,190.0,1934 - 1940,1936,Brooklyn Dodgers,12,25.0,6.0,24.0,2.1,92.0,3.7,7.7,0.0,0.0,3.0,12.0,,0.0,0.0,0.0,0.0,2.8,QB
,"Salt Lick , KY",12/1/1911,Kentucky,,7 Seasons,73.0,"Kercheval, Ralph",ralphkercheval/2518361,190.0,1934 - 1940,1935,Brooklyn Dodgers,12,33.0,13.0,39.4,2.8,203.0,6.2,16.9,1.0,3.0,1.0,3.0,,0.0,0.0,0.0,0.0,58.0,QB
37.0,"Jacksonville , TX",7/4/1979,Sam Houston State,New York Jets,15th season,76.0,"McCown, Josh",joshmccown/2505076,218.0,,2016,Cleveland Browns,5,165.0,90.0,54.5,33.0,,6.7,220.0,6.0,3.6,6.0,3.6,54.0,14.0,2.0,18.0,126.0,72.3,QB
37.0,"Jacksonville , TX",7/4/1979,Sam Houston State,New York Jets,15th season,76.0,"McCown, Josh",joshmccown/2505076,218.0,,2015,Cleveland Browns,8,292.0,186.0,63.7,36.5,,7.2,263.6,12.0,4.1,4.0,1.4,56.0,24.0,6.0,23.0,137.0,93.3,QB
37.0,"Jacksonville , TX",7/4/1979,Sam Houston State,New York Jets,15th season,76.0,"McCown, Josh",joshmccown/2505076,218.0,,2014,Tampa Bay Buccaneers,11,327.0,184.0,56.3,29.7,,6.7,200.5,11.0,3.4,14.0,4.3,,28.0,6.0,36.0,235.0,70.5,QB
37.0,"Jacksonville , TX",7/4/1979,Sam Houston State,New York Jets,15th season,76.0,"McCown, Josh",joshmccown/2505076,218.0,,2013,Chicago Bears,8,224.0,149.0,66.5,28.0,,8.2,228.6,13.0,5.8,1.0,0.4,,21.0,3.0,11.0,37.0,109.0,QB
37.0,"Jacksonville , TX",7/4/1979,Sam Houston State,New York Jets,15th season,76.0,"McCown, Josh",joshmccown/2505076,218.0,,2011,Chicago Bears,3,55.0,35.0,63.6,18.3,414.0,7.5,138.0,2.0,3.6,4.0,7.3,49.0,5.0,1.0,7.0,43.0,68.3,QB
37.0,"Jacksonville , TX",7/4/1979,Sam Houston State,New York Jets,15th season,76.0,"McCown, Josh",joshmccown/2505076,218.0,,2007,Oakland Raiders,9,190.0,111.0,58.4,21.1,,6.1,127.9,10.0,5.3,11.0,5.8,,12.0,3.0,14.0,92.0,69.4,QB
37.0,"Jacksonville , TX",7/4/1979,Sam Houston State,New York Jets,15th season,76.0,"McCown, Josh",joshmccown/2505076,218.0,,2005,Arizona Cardinals,9,270.0,163.0,60.4,30.0,,6.8,204.0,9.0,3.3,11.0,4.1,49.0,23.0,6.0,18.0,101.0,74.9,QB
37.0,"Jacksonville , TX",7/4/1979,Sam Houston State,New York Jets,15th season,76.0,"McCown, Josh",joshmccown/2505076,218.0,,2004,Arizona Cardinals,14,408.0,233.0,57.1,29.1,,6.2,179.4,11.0,2.7,10.0,2.5,48.0,30.0,3.0,31.0,263.0,74.1,QB
37.0,"Jacksonville , TX",7/4/1979,Sam Houston State,New York Jets,15th season,76.0,"McCown, Josh",joshmccown/2505076,218.0,,2003,Arizona Cardinals,8,166.0,95.0,57.2,20.8,,6.1,127.2,5.0,3.0,6.0,3.6,,11.0,2.0,25.0,174.0,70.3,QB
37.0,"Jacksonville , TX",7/4/1979,Sam Houston State,New York Jets,15th season,76.0,"McCown, Josh",joshmccown/2505076,218.0,,2002,Arizona Cardinals,2,18.0,7.0,38.9,9.0,66.0,3.7,33.0,0.0,0.0,2.0,11.1,26.0,1.0,0.0,5.0,50.0,10.2,QB
56.0,"West Islip , NY",4/17/1961,Maryland,,14 Seasons,77.0,"Esiason, Boomer",boomeresiason/2500562,224.0,1984 - 1997,1997,Cincinnati Bengals,7,186.0,118.0,63.4,26.6,,7.9,211.1,13.0,7.0,2.0,1.1,,15.0,5.0,7.0,43.0,106.9,QB
56.0,"West Islip , NY",4/17/1961,Maryland,,14 Seasons,77.0,"Esiason, Boomer",boomeresiason/2500562,224.0,1984 - 1997,1996,Arizona Cardinals,10,339.0,190.0,56.0,33.9,,6.8,229.3,11.0,3.2,14.0,4.1,,26.0,3.0,17.0,109.0,70.6,QB
56.0,"West Islip , NY",4/17/1961,Maryland,,14 Seasons,77.0,"Esiason, Boomer",boomeresiason/2500562,224.0,1984 - 1997,1995,New York Jets,12,389.0,221.0,56.8,32.4,,5.8,189.6,16.0,4.1,15.0,3.9,,26.0,3.0,27.0,198.0,71.4,QB
56.0,"West Islip , NY",4/17/1961,Maryland,,14 Seasons,77.0,"Esiason, Boomer",boomeresiason/2500562,224.0,1984 - 1997,1994,New York Jets,15,440.0,255.0,58.0,29.3,,6.3,185.5,17.0,3.9,13.0,3.0,69.0,31.0,3.0,19.0,134.0,77.3,QB
56.0,"West Islip , NY",4/17/1961,Maryland,,14 Seasons,77.0,"Esiason, Boomer",boomeresiason/2500562,224.0,1984 - 1997,1993,New York Jets,16,473.0,288.0,60.9,29.6,,7.2,213.8,16.0,3.4,11.0,2.3,77.0,37.0,10.0,18.0,139.0,84.5,QB
56.0,"West Islip , NY",4/17/1961,Maryland,,14 Seasons,77.0,"Esiason, Boomer",boomeresiason/2500562,224.0,1984 - 1997,1992,Cincinnati Bengals,12,278.0,144.0,51.8,23.2,,5.1,117.2,11.0,4.0,15.0,5.4,38.0,15.0,0.0,19.0,150.0,57.0,QB
56.0,"West Islip , NY",4/17/1961,Maryland,,14 Seasons,77.0,"Esiason, Boomer",boomeresiason/2500562,224.0,1984 - 1997,1991,Cincinnati Bengals,14,413.0,233.0,56.4,29.5,,7.0,205.9,13.0,3.1,16.0,3.9,53.0,38.0,9.0,25.0,190.0,72.5,QB
56.0,"West Islip , NY",4/17/1961,Maryland,,14 Seasons,77.0,"Esiason, Boomer",boomeresiason/2500562,224.0,1984 - 1997,1990,Cincinnati Bengals,16,402.0,224.0,55.7,25.1,,7.5,189.4,24.0,6.0,22.0,5.5,53.0,0.0,0.0,31.0,198.0,77.0,QB
56.0,"West Islip , NY",4/17/1961,Maryland,,14 Seasons,77.0,"Esiason, Boomer",boomeresiason/2500562,224.0,1984 - 1997,1989,Cincinnati Bengals,16,455.0,258.0,56.7,28.4,,7.7,220.3,28.0,6.2,11.0,2.4,,0.0,0.0,36.0,288.0,92.1,QB
56.0,"West Islip , NY",4/17/1961,Maryland,,14 Seasons,77.0,"Esiason, Boomer",boomeresiason/2500562,224.0,1984 - 1997,1988,Cincinnati Bengals,16,388.0,223.0,57.5,24.2,,9.2,223.2,28.0,7.2,14.0,3.6,,0.0,0.0,30.0,245.0,97.4,QB
56.0,"West Islip , NY",4/17/1961,Maryland,,14 Seasons,77.0,"Esiason, Boomer",boomeresiason/2500562,224.0,1984 - 1997,1987,Cincinnati Bengals,12,440.0,240.0,54.5,36.7,,7.5,276.8,16.0,3.6,19.0,4.3,,0.0,0.0,26.0,209.0,73.1,QB
56.0,"West Islip , NY",4/17/1961,Maryland,,14 Seasons,77.0,"Esiason, Boomer",boomeresiason/2500562,224.0,1984 - 1997,1986,Cincinnati Bengals,16,469.0,273.0,58.2,29.3,,8.4,247.4,24.0,5.1,17.0,3.6,57.0,0.0,0.0,26.0,194.0,87.7,QB
56.0,"West Islip , NY",4/17/1961,Maryland,,14 Seasons,77.0,"Esiason, Boomer",boomeresiason/2500562,224.0,1984 - 1997,1985,Cincinnati Bengals,15,431.0,251.0,58.2,28.7,,8.0,229.5,27.0,6.3,12.0,2.8,,0.0,0.0,32.0,289.0,93.2,QB
56.0,"West Islip , NY",4/17/1961,Maryland,,14 Seasons,77.0,"Esiason, Boomer",boomeresiason/2500562,224.0,1984 - 1997,1984,Cincinnati Bengals,10,102.0,51.0,50.0,10.2,530.0,5.2,53.0,3.0,2.9,3.0,2.9,36.0,0.0,0.0,5.0,52.0,62.9,QB
48.0,"Boynton Beach , FL",5/17/1969,Miami (Fla.),,8 Seasons,74.0,"Erickson, Craig",craigerickson/2500559,213.0,1992 - 1999,1997,Miami Dolphins,2,28.0,13.0,46.4,14.0,165.0,5.9,82.5,0.0,0.0,1.0,3.6,27.0,2.0,0.0,2.0,21.0,50.4,QB
48.0,"Boynton Beach , FL",5/17/1969,Miami (Fla.),,8 Seasons,74.0,"Erickson, Craig",craigerickson/2500559,213.0,1992 - 1999,1996,Miami Dolphins,7,99.0,55.0,55.6,14.1,780.0,7.9,111.4,4.0,4.0,2.0,2.0,61.0,14.0,1.0,11.0,72.0,86.3,QB
48.0,"Boynton Beach , FL",5/17/1969,Miami (Fla.),,8 Seasons,74.0,"Erickson, Craig",craigerickson/2500559,213.0,1992 - 1999,1995,Indianapolis Colts,6,83.0,50.0,60.2,13.8,586.0,7.1,97.7,3.0,3.6,4.0,4.8,39.0,6.0,0.0,10.0,68.0,73.7,QB
48.0,"Boynton Beach , FL",5/17/1969,Miami (Fla.),,8 Seasons,74.0,"Erickson, Craig",craigerickson/2500559,213.0,1992 - 1999,1994,Tampa Bay Buccaneers,15,399.0,225.0,56.4,26.6,,7.3,194.6,16.0,4.0,10.0,2.5,,33.0,12.0,22.0,129.0,82.5,QB
48.0,"Boynton Beach , FL",5/17/1969,Miami (Fla.),,8 Seasons,74.0,"Erickson, Craig",craigerickson/2500559,213.0,1992 - 1999,1993,Tampa Bay Buccaneers,16,457.0,233.0,51.0,28.6,,6.7,190.9,18.0,3.9,21.0,4.6,,44.0,11.0,35.0,236.0,66.4,QB
48.0,"Boynton Beach , FL",5/17/1969,Miami (Fla.),,8 Seasons,74.0,"Erickson, Craig",craigerickson/2500559,213.0,1992 - 1999,1992,Tampa Bay Buccaneers,6,26.0,15.0,57.7,4.3,121.0,4.7,20.2,0.0,0.0,0.0,0.0,24.0,1.0,0.0,2.0,9.0,69.6,QB
51.0,"Philadelphia , PA",12/20/1965,Delaware,,17 Seasons,75.0,"Gannon, Rich",richgannon/2500754,210.0,1987 - 2004,2004,Oakland Raiders,3,68.0,41.0,60.3,22.7,524.0,7.7,174.7,3.0,4.4,2.0,2.9,,6.0,3.0,5.0,17.0,86.9,QB
51.0,"Philadelphia , PA",12/20/1965,Delaware,,17 Seasons,75.0,"Gannon, Rich",richgannon/2500754,210.0,1987 - 2004,2003,Oakland Raiders,7,225.0,125.0,55.6,32.1,,5.7,182.0,6.0,2.7,4.0,1.8,,15.0,1.0,17.0,90.0,73.5,QB
51.0,"Philadelphia , PA",12/20/1965,Delaware,,17 Seasons,75.0,"Gannon, Rich",richgannon/2500754,210.0,1987 - 2004,2002,Oakland Raiders,16,618.0,418.0,67.6,38.6,,7.6,293.1,26.0,4.2,10.0,1.6,75.0,48.0,8.0,36.0,214.0,97.3,QB
51.0,"Philadelphia , PA",12/20/1965,Delaware,,17 Seasons,75.0,"Gannon, Rich",richgannon/2500754,210.0,1987 - 2004,2001,Oakland Raiders,16,549.0,361.0,65.8,34.3,,7.0,239.2,27.0,4.9,9.0,1.6,49.0,45.0,5.0,27.0,155.0,95.5,QB
51.0,"Philadelphia , PA",12/20/1965,Delaware,,17 Seasons,75.0,"Gannon, Rich",richgannon/2500754,210.0,1987 - 2004,2000,Oakland Raiders,16,473.0,284.0,60.0,29.6,,7.3,214.4,28.0,5.9,11.0,2.3,,42.0,8.0,28.0,124.0,92.4,QB
51.0,"Philadelphia , PA",12/20/1965,Delaware,,17 Seasons,75.0,"Gannon, Rich",richgannon/2500754,210.0,1987 - 2004,1999,Oakland Raiders,16,515.0,304.0,59.0,32.2,,7.5,240.0,24.0,4.7,14.0,2.7,50.0,52.0,7.0,49.0,241.0,86.5,QB
51.0,"Philadelphia , PA",12/20/1965,Delaware,,17 Seasons,75.0,"Gannon, Rich",richgannon/2500754,210.0,1987 - 2004,1998,Kansas City Chiefs,12,354.0,206.0,58.2,29.5,,6.5,192.1,10.0,2.8,6.0,1.7,,23.0,4.0,25.0,155.0,80.1,QB
51.0,"Philadelphia , PA",12/20/1965,Delaware,,17 Seasons,75.0,"Gannon, Rich",richgannon/2500754,210.0,1987 - 2004,1997,Kansas City Chiefs,9,175.0,98.0,56.0,19.4,,6.5,127.1,7.0,4.0,4.0,2.3,47.0,16.0,3.0,13.0,86.0,79.8,QB
51.0,"Philadelphia , PA",12/20/1965,Delaware,,17 Seasons,75.0,"Gannon, Rich",richgannon/2500754,210.0,1987 - 2004,1996,Kansas City Chiefs,4,90.0,54.0,60.0,22.5,491.0,5.5,122.8,6.0,6.7,1.0,1.1,25.0,2.0,0.0,5.0,42.0,92.4,QB
51.0,"Philadelphia , PA",12/20/1965,Delaware,,17 Seasons,75.0,"Gannon, Rich",richgannon/2500754,210.0,1987 - 2004,1993,Washington Redskins,8,125.0,74.0,59.2,15.6,704.0,5.6,88.0,3.0,2.4,7.0,5.6,54.0,4.0,1.0,16.0,87.0,59.6,QB
51.0,"Philadelphia , PA",12/20/1965,Delaware,,17 Seasons,75.0,"Gannon, Rich",richgannon/2500754,210.0,1987 - 2004,1992,Minnesota Vikings,12,279.0,159.0,57.0,23.2,,6.8,158.8,12.0,4.3,13.0,4.7,,24.0,5.0,25.0,177.0,72.9,QB
51.0,"Philadelphia , PA",12/20/1965,Delaware,,17 Seasons,75.0,"Gannon, Rich",richgannon/2500754,210.0,1987 - 2004,1991,Minnesota Vikings,15,354.0,211.0,59.6,23.6,,6.1,144.4,12.0,3.4,6.0,1.7,50.0,18.0,3.0,19.0,91.0,81.5,QB
51.0,"Philadelphia , PA",12/20/1965,Delaware,,17 Seasons,75.0,"Gannon, Rich",richgannon/2500754,210.0,1987 - 2004,1990,Minnesota Vikings,14,349.0,182.0,52.1,24.9,,6.5,162.7,16.0,4.6,16.0,4.6,,0.0,0.0,34.0,188.0,68.9,QB
51.0,"Philadelphia , PA",12/20/1965,Delaware,,17 Seasons,75.0,"Gannon, Rich",richgannon/2500754,210.0,1987 - 2004,1988,Minnesota Vikings,3,15.0,7.0,46.7,5.0,90.0,6.0,30.0,0.0,0.0,0.0,0.0,19.0,0.0,0.0,3.0,22.0,66.0,QB
,"Geneva , OH",4/28/1921,Case Western Reserve,,2 Seasons,69.0,"Sanzotta, Mickey",mickeysanzotta/2524914,188.0,1942 - 1946,1942,Detroit Lions,10,15.0,4.0,26.7,1.5,45.0,3.0,4.5,0.0,0.0,0.0,0.0,,0.0,0.0,0.0,0.0,39.6,QB
,"Chicago , IL",3/19/1918,Illinois Wesleyan,,1 Season,74.0,"Wetterlund, Chet",chetwetterlund/2528587,185.0,1942 - 1942,1942,Detroit Lions,6,44.0,13.0,29.5,7.3,230.0,5.2,38.3,0.0,0.0,10.0,22.7,,0.0,0.0,0.0,0.0,9.3,QB
67.0,"Anniston , AL",3/2/1950,Florida,,10 Seasons,75.0,"Reaves, John",johnreaves/2523820,210.0,1972 - 1987,1987,Tampa Bay Buccaneers,2,16.0,6.0,37.5,8.0,83.0,5.2,41.5,1.0,6.3,0.0,0.0,,0.0,0.0,1.0,12.0,75.8,QB
67.0,"Anniston , AL",3/2/1950,Florida,,10 Seasons,75.0,"Reaves, John",johnreaves/2523820,210.0,1972 - 1987,1981,Houston Oilers,5,61.0,31.0,50.8,12.2,379.0,6.2,75.8,2.0,3.3,2.0,3.3,,0.0,0.0,3.0,27.0,67.6,QB
67.0,"Anniston , AL",3/2/1950,Florida,,10 Seasons,75.0,"Reaves, John",johnreaves/2523820,210.0,1972 - 1987,1978,Cincinnati Bengals,9,144.0,74.0,51.4,16.0,790.0,5.5,87.8,3.0,2.1,8.0,5.6,,0.0,0.0,8.0,61.0,51.6,QB
67.0,"Anniston , AL",3/2/1950,Florida,,10 Seasons,75.0,"Reaves, John",johnreaves/2523820,210.0,1972 - 1987,1977,Cincinnati Bengals,9,59.0,24.0,40.7,6.6,383.0,6.5,42.6,0.0,0.0,5.0,8.5,40.0,0.0,0.0,2.0,17.0,27.7,QB
67.0,"Anniston , AL",3/2/1950,Florida,,10 Seasons,75.0,"Reaves, John",johnreaves/2523820,210.0,1972 - 1987,1976,Cincinnati Bengals,3,22.0,8.0,36.4,7.3,76.0,3.5,25.3,2.0,9.1,1.0,4.5,19.0,0.0,0.0,3.0,17.0,58.1,QB
67.0,"Anniston , AL",3/2/1950,Florida,,10 Seasons,75.0,"Reaves, John",johnreaves/2523820,210.0,1972 - 1987,1975,Cincinnati Bengals,7,51.0,25.0,49.0,7.3,297.0,5.8,42.4,2.0,3.9,3.0,5.9,51.0,0.0,0.0,2.0,9.0,55.8,QB
67.0,"Anniston , AL",3/2/1950,Florida,,10 Seasons,75.0,"Reaves, John",johnreaves/2523820,210.0,1972 - 1987,1974,Philadelphia Eagles,4,20.0,5.0,25.0,5.0,84.0,4.2,21.0,0.0,0.0,2.0,10.0,,0.0,0.0,3.0,21.0,5.0,QB
67.0,"Anniston , AL",3/2/1950,Florida,,10 Seasons,75.0,"Reaves, John",johnreaves/2523820,210.0,1972 - 1987,1973,Philadelphia Eagles,1,19.0,5.0,26.3,19.0,17.0,0.9,17.0,0.0,0.0,1.0,5.3,,0.0,0.0,3.0,19.0,17.7,QB
67.0,"Anniston , AL",3/2/1950,Florida,,10 Seasons,75.0,"Reaves, John",johnreaves/2523820,210.0,1972 - 1987,1972,Philadelphia Eagles,11,224.0,108.0,48.2,20.4,,6.7,137.1,7.0,3.1,12.0,5.4,,0.0,0.0,38.0,322.0,58.4,QB
39.0,"Norfolk , MA",4/6/1978,Boston College,,6 Seasons,73.0,"Hasselbeck, Tim",timhasselbeck/2504361,214.0,2002 - 2007,2003,Washington Redskins,7,177.0,95.0,53.7,25.3,,5.7,144.6,5.0,2.8,7.0,4.0,40.0,10.0,1.0,9.0,44.0,63.6,QB
24.0,"West Palm Beach , FL",12/11/1992,North Carolina State,New England Patriots,2nd season,76.0,"Brissett, Jacoby",jacobybrissett/2555261,235.0,,2016,New England Patriots,3,55.0,34.0,61.8,18.3,400.0,7.3,133.3,0.0,0.0,0.0,0.0,58.0,4.0,1.0,6.0,46.0,83.9,QB
,"Montreal , Quebec",5/10/1917,Boston College,,5 Seasons,71.0,"O'Rourke, Charlie",charlieo'rourke/2522543,175.0,1942 - 1949,1942,Chicago Bears,11,88.0,37.0,42.0,8.0,951.0,10.8,86.5,11.0,12.5,16.0,18.2,,0.0,0.0,0.0,0.0,82.1,QB
34.0,"Columbus , GA",4/29/1983,Vanderbilt,Chicago Bears,12th season,75.0,"Cutler, Jay",jaycutler/2495824,231.0,,2016,Chicago Bears,5,137.0,81.0,59.1,27.4,,7.7,211.8,4.0,2.9,5.0,3.6,54.0,15.0,3.0,17.0,104.0,78.1,QB
34.0,"Columbus , GA",4/29/1983,Vanderbilt,Chicago Bears,12th season,75.0,"Cutler, Jay",jaycutler/2495824,231.0,,2015,Chicago Bears,15,483.0,311.0,64.4,32.2,,7.6,243.9,21.0,4.3,11.0,2.3,,53.0,10.0,29.0,150.0,92.3,QB
34.0,"Columbus , GA",4/29/1983,Vanderbilt,Chicago Bears,12th season,75.0,"Cutler, Jay",jaycutler/2495824,231.0,,2014,Chicago Bears,15,561.0,370.0,66.0,37.4,,6.8,254.1,28.0,5.0,18.0,3.2,74.0,39.0,8.0,38.0,223.0,88.6,QB
34.0,"Columbus , GA",4/29/1983,Vanderbilt,Chicago Bears,12th season,75.0,"Cutler, Jay",jaycutler/2495824,231.0,,2013,Chicago Bears,11,355.0,224.0,63.1,32.3,,7.4,238.3,19.0,5.4,12.0,3.4,67.0,32.0,8.0,19.0,132.0,89.2,QB
34.0,"Columbus , GA",4/29/1983,Vanderbilt,Chicago Bears,12th season,75.0,"Cutler, Jay",jaycutler/2495824,231.0,,2012,Chicago Bears,15,434.0,255.0,58.8,28.9,,7.0,202.2,19.0,4.4,14.0,3.2,,38.0,5.0,38.0,250.0,81.3,QB
34.0,"Columbus , GA",4/29/1983,Vanderbilt,Chicago Bears,12th season,75.0,"Cutler, Jay",jaycutler/2495824,231.0,,2011,Chicago Bears,10,314.0,182.0,58.0,31.4,,7.4,231.9,13.0,4.1,7.0,2.2,,32.0,5.0,23.0,159.0,85.7,QB
34.0,"Columbus , GA",4/29/1983,Vanderbilt,Chicago Bears,12th season,75.0,"Cutler, Jay",jaycutler/2495824,231.0,,2010,Chicago Bears,15,432.0,261.0,60.4,28.8,,7.6,218.3,23.0,5.3,16.0,3.7,,41.0,6.0,52.0,352.0,86.3,QB
34.0,"Columbus , GA",4/29/1983,Vanderbilt,Chicago Bears,12th season,75.0,"Cutler, Jay",jaycutler/2495824,231.0,,2009,Chicago Bears,16,555.0,336.0,60.5,34.7,,6.6,229.1,27.0,4.9,26.0,4.7,71.0,56.0,6.0,35.0,204.0,76.8,QB
34.0,"Columbus , GA",4/29/1983,Vanderbilt,Chicago Bears,12th season,75.0,"Cutler, Jay",jaycutler/2495824,231.0,,2008,Denver Broncos,16,616.0,384.0,62.3,38.5,,7.3,282.9,25.0,4.1,18.0,2.9,,55.0,7.0,11.0,69.0,86.0,QB
34.0,"Columbus , GA",4/29/1983,Vanderbilt,Chicago Bears,12th season,75.0,"Cutler, Jay",jaycutler/2495824,231.0,,2007,Denver Broncos,16,467.0,297.0,63.6,29.2,,7.5,218.6,20.0,4.3,14.0,3.0,,41.0,7.0,27.0,153.0,88.1,QB
34.0,"Columbus , GA",4/29/1983,Vanderbilt,Chicago Bears,12th season,75.0,"Cutler, Jay",jaycutler/2495824,231.0,,2006,Denver Broncos,5,137.0,81.0,59.1,27.4,,7.3,200.2,9.0,6.6,5.0,3.6,,10.0,2.0,13.0,85.0,88.5,QB
32.0,"Van Nuys , CA",8/9/1984,Oregon State,Miami Dolphins,10th season,75.0,"Moore, Matt",mattmoore/2507282,225.0,,2016,Miami Dolphins,4,87.0,55.0,63.2,21.8,721.0,8.3,180.2,8.0,9.2,3.0,3.4,,9.0,4.0,1.0,0.0,105.6,QB
32.0,"Van Nuys , CA",8/9/1984,Oregon State,Miami Dolphins,10th season,75.0,"Moore, Matt",mattmoore/2507282,225.0,,2012,Miami Dolphins,2,19.0,11.0,57.9,9.5,131.0,6.9,65.5,1.0,5.3,0.0,0.0,37.0,2.0,0.0,2.0,9.0,96.6,QB
32.0,"Van Nuys , CA",8/9/1984,Oregon State,Miami Dolphins,10th season,75.0,"Moore, Matt",mattmoore/2507282,225.0,,2011,Miami Dolphins,13,347.0,210.0,60.5,26.7,,7.2,192.1,16.0,4.6,9.0,2.6,,38.0,6.0,36.0,229.0,87.1,QB
32.0,"Van Nuys , CA",8/9/1984,Oregon State,Miami Dolphins,10th season,75.0,"Moore, Matt",mattmoore/2507282,225.0,,2010,Carolina Panthers,6,143.0,79.0,55.2,23.8,857.0,6.0,142.8,5.0,3.5,10.0,7.0,39.0,11.0,0.0,13.0,90.0,55.6,QB
32.0,"Van Nuys , CA",8/9/1984,Oregon State,Miami Dolphins,10th season,75.0,"Moore, Matt",mattmoore/2507282,225.0,,2009,Carolina Panthers,7,138.0,85.0,61.6,19.7,,7.6,150.4,8.0,5.8,2.0,1.4,66.0,14.0,6.0,9.0,78.0,98.5,QB
32.0,"Van Nuys , CA",8/9/1984,Oregon State,Miami Dolphins,10th season,75.0,"Moore, Matt",mattmoore/2507282,225.0,,2007,Carolina Panthers,9,111.0,63.0,56.8,12.3,730.0,6.6,81.1,3.0,2.7,5.0,4.5,57.0,7.0,4.0,6.0,40.0,67.0,QB
68.0,"Batavia , IL",2/15/1949,Augustana (Ill.),,16 Seasons,74.0,"Anderson, Ken",kenanderson/2508498,212.0,1971 - 1986,1986,Cincinnati Bengals,8,23.0,11.0,47.8,2.9,171.0,7.4,21.4,1.0,4.3,2.0,8.7,43.0,0.0,0.0,1.0,4.0,51.2,QB
68.0,"Batavia , IL",2/15/1949,Augustana (Ill.),,16 Seasons,74.0,"Anderson, Ken",kenanderson/2508498,212.0,1971 - 1986,1985,Cincinnati Bengals,3,32.0,16.0,50.0,10.7,170.0,5.3,56.7,2.0,6.3,0.0,0.0,,0.0,0.0,2.0,16.0,86.7,QB
68.0,"Batavia , IL",2/15/1949,Augustana (Ill.),,16 Seasons,74.0,"Anderson, Ken",kenanderson/2508498,212.0,1971 - 1986,1984,Cincinnati Bengals,11,275.0,175.0,63.6,25.0,,7.7,191.5,10.0,3.6,12.0,4.4,,0.0,0.0,24.0,191.0,81.0,QB
68.0,"Batavia , IL",2/15/1949,Augustana (Ill.),,16 Seasons,74.0,"Anderson, Ken",kenanderson/2508498,212.0,1971 - 1986,1983,Cincinnati Bengals,13,297.0,198.0,66.7,22.8,,7.9,179.5,12.0,4.0,13.0,4.4,,0.0,0.0,25.0,187.0,85.6,QB
68.0,"Batavia , IL",2/15/1949,Augustana (Ill.),,16 Seasons,74.0,"Anderson, Ken",kenanderson/2508498,212.0,1971 - 1986,1982,Cincinnati Bengals,9,309.0,218.0,70.6,34.3,,8.1,277.2,12.0,3.9,9.0,2.9,,0.0,0.0,26.0,154.0,95.3,QB
68.0,"Batavia , IL",2/15/1949,Augustana (Ill.),,16 Seasons,74.0,"Anderson, Ken",kenanderson/2508498,212.0,1971 - 1986,1981,Cincinnati Bengals,16,479.0,300.0,62.6,29.9,,7.8,234.6,29.0,6.1,10.0,2.1,,0.0,0.0,25.0,140.0,98.4,QB
68.0,"Batavia , IL",2/15/1949,Augustana (Ill.),,16 Seasons,74.0,"Anderson, Ken",kenanderson/2508498,212.0,1971 - 1986,1980,Cincinnati Bengals,13,275.0,166.0,60.4,21.2,,6.5,136.8,6.0,2.2,13.0,4.7,,0.0,0.0,24.0,174.0,66.9,QB
68.0,"Batavia , IL",2/15/1949,Augustana (Ill.),,16 Seasons,74.0,"Anderson, Ken",kenanderson/2508498,212.0,1971 - 1986,1979,Cincinnati Bengals,15,339.0,189.0,55.8,22.6,,6.9,156.0,16.0,4.7,10.0,2.9,,0.0,0.0,46.0,324.0,80.7,QB
68.0,"Batavia , IL",2/15/1949,Augustana (Ill.),,16 Seasons,74.0,"Anderson, Ken",kenanderson/2508498,212.0,1971 - 1986,1978,Cincinnati Bengals,12,319.0,173.0,54.2,26.6,,7.0,184.9,10.0,3.1,22.0,6.9,57.0,0.0,0.0,30.0,237.0,58.0,QB
68.0,"Batavia , IL",2/15/1949,Augustana (Ill.),,16 Seasons,74.0,"Anderson, Ken",kenanderson/2508498,212.0,1971 - 1986,1977,Cincinnati Bengals,14,323.0,166.0,51.4,23.1,,6.6,153.2,11.0,3.4,11.0,3.4,,0.0,0.0,28.0,197.0,69.7,QB
68.0,"Batavia , IL",2/15/1949,Augustana (Ill.),,16 Seasons,74.0,"Anderson, Ken",kenanderson/2508498,212.0,1971 - 1986,1976,Cincinnati Bengals,14,338.0,179.0,53.0,24.1,,7.0,169.1,19.0,5.6,14.0,4.1,,0.0,0.0,34.0,235.0,76.9,QB
68.0,"Batavia , IL",2/15/1949,Augustana (Ill.),,16 Seasons,74.0,"Anderson, Ken",kenanderson/2508498,212.0,1971 - 1986,1975,Cincinnati Bengals,13,377.0,228.0,60.5,29.0,,8.4,243.8,21.0,5.6,11.0,2.9,55.0,0.0,0.0,32.0,247.0,93.9,QB
68.0,"Batavia , IL",2/15/1949,Augustana (Ill.),,16 Seasons,74.0,"Anderson, Ken",kenanderson/2508498,212.0,1971 - 1986,1974,Cincinnati Bengals,13,328.0,213.0,64.9,25.2,,8.1,205.2,18.0,5.5,10.0,3.0,,0.0,0.0,36.0,292.0,95.7,QB
68.0,"Batavia , IL",2/15/1949,Augustana (Ill.),,16 Seasons,74.0,"Anderson, Ken",kenanderson/2508498,212.0,1971 - 1986,1973,Cincinnati Bengals,14,329.0,179.0,54.4,23.5,,7.4,173.4,18.0,5.5,12.0,3.6,,0.0,0.0,24.0,163.0,81.2,QB
68.0,"Batavia , IL",2/15/1949,Augustana (Ill.),,16 Seasons,74.0,"Anderson, Ken",kenanderson/2508498,212.0,1971 - 1986,1972,Cincinnati Bengals,13,301.0,171.0,56.8,23.2,,6.4,147.5,7.0,2.3,7.0,2.3,,0.0,0.0,18.0,155.0,74.0,QB
68.0,"Batavia , IL",2/15/1949,Augustana (Ill.),,16 Seasons,74.0,"Anderson, Ken",kenanderson/2508498,212.0,1971 - 1986,1971,Cincinnati Bengals,11,131.0,72.0,55.0,11.9,777.0,5.9,70.6,5.0,3.8,4.0,3.1,,0.0,0.0,23.0,159.0,72.6,QB
75.0,"Henderson , TX",3/23/1942,Texas,,2 Seasons,74.0,"Wade, Tommy",tommywade/2528038,195.0,1964 - 1965,1965,Pittsburgh Steelers,4,66.0,33.0,50.0,16.5,463.0,7.0,115.8,2.0,3.0,13.0,19.7,,0.0,0.0,17.0,168.0,43.5,QB
81.0,"Alliance , OH",6/20/1935,Purdue,,19 Seasons,72.0,"Dawson, Len",lendawson/2512662,190.0,1957 - 1975,1975,Kansas City Chiefs,12,140.0,93.0,66.4,11.7,,7.8,91.2,5.0,3.6,4.0,2.9,51.0,0.0,0.0,23.0,196.0,90.0,QB
81.0,"Alliance , OH",6/20/1935,Purdue,,19 Seasons,72.0,"Dawson, Len",lendawson/2512662,190.0,1957 - 1975,1974,Kansas City Chiefs,14,235.0,138.0,58.7,16.8,,6.7,112.4,7.0,3.0,13.0,5.5,,0.0,0.0,25.0,199.0,65.8,QB
81.0,"Alliance , OH",6/20/1935,Purdue,,19 Seasons,72.0,"Dawson, Len",lendawson/2512662,190.0,1957 - 1975,1973,Kansas City Chiefs,8,101.0,66.0,65.3,12.6,725.0,7.2,90.6,2.0,2.0,5.0,5.0,,0.0,0.0,14.0,104.0,72.4,QB
81.0,"Alliance , OH",6/20/1935,Purdue,,19 Seasons,72.0,"Dawson, Len",lendawson/2512662,190.0,1957 - 1975,1972,Kansas City Chiefs,14,305.0,175.0,57.4,21.8,,6.0,131.1,13.0,4.3,12.0,3.9,,0.0,0.0,28.0,255.0,72.8,QB
81.0,"Alliance , OH",6/20/1935,Purdue,,19 Seasons,72.0,"Dawson, Len",lendawson/2512662,190.0,1957 - 1975,1971,Kansas City Chiefs,14,301.0,167.0,55.5,21.5,,8.3,178.9,15.0,5.0,13.0,4.3,,0.0,0.0,30.0,303.0,81.6,QB
81.0,"Alliance , OH",6/20/1935,Purdue,,19 Seasons,72.0,"Dawson, Len",lendawson/2512662,190.0,1957 - 1975,1970,Kansas City Chiefs,14,262.0,141.0,53.8,18.7,,7.2,134.0,13.0,5.0,14.0,5.3,,0.0,0.0,34.0,277.0,71.0,QB
81.0,"Alliance , OH",6/20/1935,Purdue,,19 Seasons,72.0,"Dawson, Len",lendawson/2512662,190.0,1957 - 1975,1969,Kansas City Chiefs,9,166.0,98.0,59.0,18.4,,8.0,147.0,9.0,5.4,13.0,7.8,,0.0,0.0,13.0,89.0,69.9,QB
81.0,"Alliance , OH",6/20/1935,Purdue,,19 Seasons,72.0,"Dawson, Len",lendawson/2512662,190.0,1957 - 1975,1968,Kansas City Chiefs,14,224.0,131.0,58.5,16.0,,9.4,150.6,17.0,7.6,9.0,4.0,,0.0,0.0,18.0,162.0,98.6,QB
81.0,"Alliance , OH",6/20/1935,Purdue,,19 Seasons,72.0,"Dawson, Len",lendawson/2512662,190.0,1957 - 1975,1967,Kansas City Chiefs,14,357.0,206.0,57.7,25.5,,7.4,189.4,24.0,6.7,17.0,4.8,,0.0,0.0,31.0,287.0,83.7,QB
81.0,"Alliance , OH",6/20/1935,Purdue,,19 Seasons,72.0,"Dawson, Len",lendawson/2512662,190.0,1957 - 1975,1966,Kansas City Chiefs,14,284.0,159.0,56.0,20.3,,8.9,180.5,26.0,9.2,10.0,3.5,,0.0,0.0,0.0,0.0,101.7,QB
81.0,"Alliance , OH",6/20/1935,Purdue,,19 Seasons,72.0,"Dawson, Len",lendawson/2512662,190.0,1957 - 1975,1965,Kansas City Chiefs,14,305.0,163.0,53.4,21.8,,7.4,161.6,21.0,6.9,14.0,4.6,,0.0,0.0,0.0,0.0,81.3,QB
81.0,"Alliance , OH",6/20/1935,Purdue,,19 Seasons,72.0,"Dawson, Len",lendawson/2512662,190.0,1957 - 1975,1964,Kansas City Chiefs,14,354.0,199.0,56.2,25.3,,8.1,205.6,30.0,8.5,18.0,5.1,,0.0,0.0,0.0,0.0,89.9,QB
81.0,"Alliance , OH",6/20/1935,Purdue,,19 Seasons,72.0,"Dawson, Len",lendawson/2512662,190.0,1957 - 1975,1963,Kansas City Chiefs,14,352.0,190.0,54.0,25.1,,6.8,170.6,26.0,7.4,19.0,5.4,,0.0,0.0,0.0,0.0,77.5,QB
81.0,"Alliance , OH",6/20/1935,Purdue,,19 Seasons,72.0,"Dawson, Len",lendawson/2512662,190.0,1957 - 1975,1962,Dallas Texans,14,310.0,189.0,61.0,22.1,,8.9,197.1,29.0,9.4,17.0,5.5,,0.0,0.0,0.0,0.0,98.3,QB
81.0,"Alliance , OH",6/20/1935,Purdue,,19 Seasons,72.0,"Dawson, Len",lendawson/2512662,190.0,1957 - 1975,1961,Cleveland Browns,7,15.0,7.0,46.7,2.1,85.0,5.7,12.1,1.0,6.7,3.0,20.0,,0.0,0.0,0.0,19.0,47.2,QB
,"Los Angeles , CA",8/16/1932,Stanford,,1 Season,73.0,"Garrett, Bobby",bobbygarrett/2514664,198.0,1954 - 1954,1954,Green Bay Packers,9,30.0,15.0,50.0,3.3,143.0,4.8,15.9,0.0,0.0,1.0,3.3,,0.0,0.0,0.0,0.0,49.7,QB
,"Nashville , TN",10/4/1930,Vanderbilt,,13 Seasons,74.0,"Wade, Billy",billywade/2528039,202.0,1954 - 1966,1966,Chicago Bears,2,21.0,9.0,42.9,10.5,79.0,3.8,39.5,0.0,0.0,1.0,4.8,,0.0,0.0,0.0,0.0,33.6,QB
,"Nashville , TN",10/4/1930,Vanderbilt,,13 Seasons,74.0,"Wade, Billy",billywade/2528039,202.0,1954 - 1966,1965,Chicago Bears,5,41.0,20.0,48.8,8.2,204.0,5.0,40.8,0.0,0.0,2.0,4.9,,0.0,0.0,5.0,40.0,43.1,QB
,"Nashville , TN",10/4/1930,Vanderbilt,,13 Seasons,74.0,"Wade, Billy",billywade/2528039,202.0,1954 - 1966,1964,Chicago Bears,11,327.0,182.0,55.7,29.7,,5.9,176.7,13.0,4.0,14.0,4.3,,0.0,0.0,23.0,157.0,68.6,QB
,"Nashville , TN",10/4/1930,Vanderbilt,,13 Seasons,74.0,"Wade, Billy",billywade/2528039,202.0,1954 - 1966,1963,Chicago Bears,14,356.0,192.0,53.9,25.4,,6.5,164.4,15.0,4.2,12.0,3.4,,0.0,0.0,19.0,164.0,74.0,QB
,"Nashville , TN",10/4/1930,Vanderbilt,,13 Seasons,74.0,"Wade, Billy",billywade/2528039,202.0,1954 - 1966,1962,Chicago Bears,14,412.0,225.0,54.6,29.4,,7.7,226.6,18.0,4.4,24.0,5.8,,0.0,0.0,0.0,226.0,70.0,QB
,"Nashville , TN",10/4/1930,Vanderbilt,,13 Seasons,74.0,"Wade, Billy",billywade/2528039,202.0,1954 - 1966,1961,Chicago Bears,13,250.0,139.0,55.6,19.2,,9.0,173.7,22.0,8.8,13.0,5.2,,0.0,0.0,0.0,251.0,93.7,QB
,"Nashville , TN",10/4/1930,Vanderbilt,,13 Seasons,74.0,"Wade, Billy",billywade/2528039,202.0,1954 - 1966,1960,Los Angeles Rams,11,182.0,106.0,58.2,16.5,,7.1,117.6,12.0,6.6,11.0,6.0,,0.0,0.0,0.0,257.0,77.0,QB
,"Nashville , TN",10/4/1930,Vanderbilt,,13 Seasons,74.0,"Wade, Billy",billywade/2528039,202.0,1954 - 1966,1959,Los Angeles Rams,12,261.0,153.0,58.6,21.8,,7.7,166.8,12.0,4.6,17.0,6.5,,0.0,0.0,0.0,124.0,71.1,QB
,"Nashville , TN",10/4/1930,Vanderbilt,,13 Seasons,74.0,"Wade, Billy",billywade/2528039,202.0,1954 - 1966,1958,Los Angeles Rams,12,341.0,181.0,53.1,28.4,,8.4,239.6,18.0,5.3,22.0,6.5,,0.0,0.0,0.0,197.0,72.2,QB
,"Nashville , TN",10/4/1930,Vanderbilt,,13 Seasons,74.0,"Wade, Billy",billywade/2528039,202.0,1954 - 1966,1957,Los Angeles Rams,5,24.0,10.0,41.7,4.8,116.0,4.8,23.2,1.0,4.2,1.0,4.2,,0.0,0.0,0.0,136.0,53.5,QB
,"Nashville , TN",10/4/1930,Vanderbilt,,13 Seasons,74.0,"Wade, Billy",billywade/2528039,202.0,1954 - 1966,1956,Los Angeles Rams,12,178.0,91.0,51.1,14.8,,8.2,121.8,10.0,5.6,13.0,7.3,,0.0,0.0,0.0,127.0,67.2,QB
,"Nashville , TN",10/4/1930,Vanderbilt,,13 Seasons,74.0,"Wade, Billy",billywade/2528039,202.0,1954 - 1966,1955,Los Angeles Rams,7,71.0,31.0,43.7,10.1,316.0,4.5,45.1,1.0,1.4,3.0,4.2,,0.0,0.0,0.0,69.0,44.1,QB
,"Nashville , TN",10/4/1930,Vanderbilt,,13 Seasons,74.0,"Wade, Billy",billywade/2528039,202.0,1954 - 1966,1954,Los Angeles Rams,10,59.0,31.0,52.5,5.9,509.0,8.6,50.9,2.0,3.4,1.0,1.7,,0.0,0.0,0.0,53.0,86.1,QB
73.0,"Corpus Christi , TX",3/12/1944,Texas Christian,,6 Seasons,74.0,"Nix, Kent",kentnix/2522175,195.0,1967 - 1972,1972,Houston Oilers,12,63.0,33.0,52.4,5.2,287.0,4.6,23.9,3.0,4.8,6.0,9.5,,0.0,0.0,6.0,45.0,41.0,QB
73.0,"Corpus Christi , TX",3/12/1944,Texas Christian,,6 Seasons,74.0,"Nix, Kent",kentnix/2522175,195.0,1967 - 1972,1971,Chicago Bears,8,137.0,51.0,37.2,17.1,760.0,5.5,95.0,6.0,4.4,10.0,7.3,,0.0,0.0,10.0,91.0,40.4,QB
73.0,"Corpus Christi , TX",3/12/1944,Texas Christian,,6 Seasons,74.0,"Nix, Kent",kentnix/2522175,195.0,1967 - 1972,1969,Pittsburgh Steelers,5,53.0,25.0,47.2,10.6,290.0,5.5,58.0,2.0,3.8,6.0,11.3,,0.0,0.0,7.0,39.0,37.2,QB
73.0,"Corpus Christi , TX",3/12/1944,Texas Christian,,6 Seasons,74.0,"Nix, Kent",kentnix/2522175,195.0,1967 - 1972,1968,Pittsburgh Steelers,8,130.0,56.0,43.1,16.2,720.0,5.5,90.0,4.0,3.1,8.0,6.2,,0.0,0.0,8.0,45.0,45.7,QB
73.0,"Corpus Christi , TX",3/12/1944,Texas Christian,,6 Seasons,74.0,"Nix, Kent",kentnix/2522175,195.0,1967 - 1972,1967,Pittsburgh Steelers,12,268.0,136.0,50.7,22.3,,5.9,132.2,8.0,3.0,19.0,7.1,,0.0,0.0,8.0,84.0,49.5,QB
,"San Rafael , CA",1/7/1930,U. of Pacific,,11 Seasons,69.0,"LeBaron, Eddie",eddielebaron/2519233,168.0,1952 - 1963,1963,Dallas Cowboys,13,65.0,33.0,50.8,5.0,418.0,6.4,32.2,3.0,4.6,3.0,4.6,,0.0,0.0,9.0,73.0,67.3,QB
,"San Rafael , CA",1/7/1930,U. of Pacific,,11 Seasons,69.0,"LeBaron, Eddie",eddielebaron/2519233,168.0,1952 - 1963,1962,Dallas Cowboys,14,166.0,95.0,57.2,11.9,,8.7,102.6,16.0,9.6,9.0,5.4,,0.0,0.0,0.0,98.0,95.4,QB
,"San Rafael , CA",1/7/1930,U. of Pacific,,11 Seasons,69.0,"LeBaron, Eddie",eddielebaron/2519233,168.0,1952 - 1963,1961,Dallas Cowboys,14,236.0,120.0,50.8,16.9,,7.4,124.4,14.0,5.9,16.0,6.8,,0.0,0.0,0.0,103.0,66.7,QB
,"San Rafael , CA",1/7/1930,U. of Pacific,,11 Seasons,69.0,"LeBaron, Eddie",eddielebaron/2519233,168.0,1952 - 1963,1960,Dallas Cowboys,11,225.0,111.0,49.3,20.5,,7.7,157.8,12.0,5.3,25.0,11.1,,0.0,0.0,0.0,205.0,53.5,QB
,"San Rafael , CA",1/7/1930,U. of Pacific,,11 Seasons,69.0,"LeBaron, Eddie",eddielebaron/2519233,168.0,1952 - 1963,1959,Washington Redskins,12,173.0,77.0,44.5,14.4,,6.2,89.8,8.0,4.6,11.0,6.4,,0.0,0.0,0.0,136.0,54.0,QB
,"San Rafael , CA",1/7/1930,U. of Pacific,,11 Seasons,69.0,"LeBaron, Eddie",eddielebaron/2519233,168.0,1952 - 1963,1958,Washington Redskins,12,145.0,79.0,54.5,12.1,,9.4,113.8,11.0,7.6,10.0,6.9,,0.0,0.0,0.0,132.0,83.3,QB
,"San Rafael , CA",1/7/1930,U. of Pacific,,11 Seasons,69.0,"LeBaron, Eddie",eddielebaron/2519233,168.0,1952 - 1963,1957,Washington Redskins,12,167.0,99.0,59.3,13.9,,9.0,125.7,11.0,6.6,10.0,6.0,,0.0,0.0,0.0,107.0,86.1,QB
,"San Rafael , CA",1/7/1930,U. of Pacific,,11 Seasons,69.0,"LeBaron, Eddie",eddielebaron/2519233,168.0,1952 - 1963,1956,Washington Redskins,10,98.0,47.0,48.0,9.8,554.0,5.7,55.4,3.0,3.1,10.0,10.2,,0.0,0.0,0.0,37.0,36.2,QB
,"San Rafael , CA",1/7/1930,U. of Pacific,,11 Seasons,69.0,"LeBaron, Eddie",eddielebaron/2519233,168.0,1952 - 1963,1955,Washington Redskins,12,178.0,79.0,44.4,14.8,,7.1,105.8,9.0,5.1,15.0,8.4,,0.0,0.0,0.0,153.0,50.5,QB
,"San Rafael , CA",1/7/1930,U. of Pacific,,11 Seasons,69.0,"LeBaron, Eddie",eddielebaron/2519233,168.0,1952 - 1963,1953,Washington Redskins,12,149.0,62.0,41.6,12.4,874.0,5.9,72.8,3.0,2.0,17.0,11.4,,0.0,0.0,0.0,108.0,28.3,QB
,"San Rafael , CA",1/7/1930,U. of Pacific,,11 Seasons,69.0,"LeBaron, Eddie",eddielebaron/2519233,168.0,1952 - 1963,1952,Washington Redskins,12,194.0,96.0,49.5,16.2,,7.3,118.3,14.0,7.2,15.0,7.7,,0.0,0.0,0.0,249.0,65.7,QB
,"Ashland , KY",2/18/1912,Kentucky,,6 Seasons,72.0,"Johnson, Bert",bertjohnson/2517561,212.0,1937 - 1942,1939,Chicago Cardinals,9,40.0,14.0,35.0,4.4,208.0,5.2,23.1,0.0,0.0,5.0,12.5,,0.0,0.0,0.0,0.0,13.3,QB
41.0,"Great Falls , MT",5/15/1976,Washington State,,4 Seasons,77.0,"Leaf, Ryan",ryanleaf/2501708,235.0,1998 - 2001,2001,Dallas Cowboys,4,88.0,45.0,51.1,22.0,494.0,5.6,123.5,1.0,1.1,3.0,3.4,38.0,8.0,0.0,12.0,82.0,57.7,QB
41.0,"Great Falls , MT",5/15/1976,Washington State,,4 Seasons,77.0,"Leaf, Ryan",ryanleaf/2501708,235.0,1998 - 2001,2000,San Diego Chargers,11,322.0,161.0,50.0,29.3,,5.8,171.2,11.0,3.4,18.0,5.6,,23.0,5.0,31.0,155.0,56.2,QB
41.0,"Great Falls , MT",5/15/1976,Washington State,,4 Seasons,77.0,"Leaf, Ryan",ryanleaf/2501708,235.0,1998 - 2001,1998,San Diego Chargers,10,245.0,111.0,45.3,24.5,,5.3,128.9,2.0,0.8,15.0,6.1,67.0,11.0,3.0,22.0,140.0,39.0,QB
,"Los Angeles , CA",5/18/1927,UCLA,,1 Season,71.0,"Nagel, Ray",raynagel/2521932,177.0,1953 - 1953,1953,Chicago Cardinals,4,62.0,30.0,48.4,15.5,192.0,3.1,48.0,0.0,0.0,5.0,8.1,,0.0,0.0,0.0,30.0,21.7,QB
55.0,"Milwaukee , WI",6/28/1961,UCLA,,11 Seasons,76.0,"Schroeder, Jay",jayschroeder/2502859,215.0,1984 - 1994,1994,Arizona Cardinals,9,238.0,133.0,55.9,26.4,,6.3,167.8,4.0,1.7,7.0,2.9,,17.0,4.0,11.0,85.0,68.4,QB
55.0,"Milwaukee , WI",6/28/1961,UCLA,,11 Seasons,76.0,"Schroeder, Jay",jayschroeder/2502859,215.0,1984 - 1994,1993,Cincinnati Bengals,9,159.0,78.0,49.1,17.7,832.0,5.2,92.4,5.0,3.1,2.0,1.3,37.0,10.0,0.0,13.0,87.0,70.0,QB
55.0,"Milwaukee , WI",6/28/1961,UCLA,,11 Seasons,76.0,"Schroeder, Jay",jayschroeder/2502859,215.0,1984 - 1994,1992,Los Angeles Raiders,13,253.0,123.0,48.6,19.5,,5.8,113.5,11.0,4.3,11.0,4.3,53.0,15.0,2.0,25.0,180.0,63.3,QB
55.0,"Milwaukee , WI",6/28/1961,UCLA,,11 Seasons,76.0,"Schroeder, Jay",jayschroeder/2502859,215.0,1984 - 1994,1991,Los Angeles Raiders,15,357.0,189.0,52.9,23.8,,7.2,170.8,15.0,4.2,16.0,4.5,,36.0,9.0,31.0,238.0,71.4,QB
55.0,"Milwaukee , WI",6/28/1961,UCLA,,11 Seasons,76.0,"Schroeder, Jay",jayschroeder/2502859,215.0,1984 - 1994,1990,Los Angeles Raiders,16,334.0,182.0,54.5,20.9,,8.5,178.1,19.0,5.7,9.0,2.7,,0.0,0.0,29.0,197.0,90.8,QB
55.0,"Milwaukee , WI",6/28/1961,UCLA,,11 Seasons,76.0,"Schroeder, Jay",jayschroeder/2502859,215.0,1984 - 1994,1989,Los Angeles Raiders,11,194.0,91.0,46.9,17.6,,8.0,140.9,8.0,4.1,13.0,6.7,,0.0,0.0,20.0,132.0,60.3,QB
55.0,"Milwaukee , WI",6/28/1961,UCLA,,11 Seasons,76.0,"Schroeder, Jay",jayschroeder/2502859,215.0,1984 - 1994,1988,Los Angeles Raiders,9,256.0,113.0,44.1,28.4,,7.2,204.3,13.0,5.1,13.0,5.1,,0.0,0.0,19.0,178.0,64.6,QB
55.0,"Milwaukee , WI",6/28/1961,UCLA,,11 Seasons,76.0,"Schroeder, Jay",jayschroeder/2502859,215.0,1984 - 1994,1987,Washington Redskins,11,267.0,129.0,48.3,24.3,,7.0,170.7,12.0,4.5,10.0,3.7,,0.0,0.0,17.0,149.0,71.0,QB
55.0,"Milwaukee , WI",6/28/1961,UCLA,,11 Seasons,76.0,"Schroeder, Jay",jayschroeder/2502859,215.0,1984 - 1994,1986,Washington Redskins,16,541.0,276.0,51.0,33.8,,7.6,256.8,22.0,4.1,22.0,4.1,,0.0,0.0,28.0,240.0,72.9,QB
55.0,"Milwaukee , WI",6/28/1961,UCLA,,11 Seasons,76.0,"Schroeder, Jay",jayschroeder/2502859,215.0,1984 - 1994,1985,Washington Redskins,9,209.0,112.0,53.6,23.2,,7.0,162.0,5.0,2.4,5.0,2.4,53.0,0.0,0.0,15.0,114.0,73.8,QB
65.0,"Detroit , MI",10/5/1951,Michigan,,2 Seasons,75.0,"Cipa, Larry",larrycipa/2511498,209.0,1974 - 1975,1975,New Orleans Saints,4,37.0,14.0,37.8,9.2,182.0,4.9,45.5,1.0,2.7,3.0,8.1,28.0,0.0,0.0,3.0,14.0,29.3,QB
65.0,"Detroit , MI",10/5/1951,Michigan,,2 Seasons,75.0,"Cipa, Larry",larrycipa/2511498,209.0,1974 - 1975,1974,New Orleans Saints,4,55.0,20.0,36.4,13.8,242.0,4.4,60.5,0.0,0.0,0.0,0.0,,0.0,0.0,4.0,36.0,50.7,QB
,"Cincinnati , OH",11/12/1926,Notre Dame,,10 Seasons,73.0,"Ratterman, George",georgeratterman/2523778,185.0,1947 - 1956,1956,Cleveland Browns,4,57.0,39.0,68.4,14.2,398.0,7.0,99.5,1.0,1.8,3.0,5.3,,0.0,0.0,0.0,79.0,72.1,QB
,"Cincinnati , OH",11/12/1926,Notre Dame,,10 Seasons,73.0,"Ratterman, George",georgeratterman/2523778,185.0,1947 - 1956,1955,Cleveland Browns,10,47.0,32.0,68.1,4.7,504.0,10.7,50.4,6.0,12.8,3.0,6.4,,0.0,0.0,0.0,34.0,116.5,QB
,"Cincinnati , OH",11/12/1926,Notre Dame,,10 Seasons,73.0,"Ratterman, George",georgeratterman/2523778,185.0,1947 - 1956,1954,Cleveland Browns,6,53.0,32.0,60.4,8.8,465.0,8.8,77.5,3.0,5.7,3.0,5.7,,0.0,0.0,0.0,18.0,84.2,QB
,"Cincinnati , OH",11/12/1926,Notre Dame,,10 Seasons,73.0,"Ratterman, George",georgeratterman/2523778,185.0,1947 - 1956,1953,Cleveland Browns,9,41.0,23.0,56.1,4.6,301.0,7.3,33.4,4.0,9.8,0.0,0.0,,0.0,0.0,0.0,0.0,111.9,QB
,"Cincinnati , OH",11/12/1926,Notre Dame,,10 Seasons,73.0,"Ratterman, George",georgeratterman/2523778,185.0,1947 - 1956,1951,New York Yanks,6,67.0,31.0,46.3,11.2,340.0,5.1,56.7,2.0,3.0,6.0,9.0,,0.0,0.0,0.0,40.0,34.4,QB
,"Cincinnati , OH",11/12/1926,Notre Dame,,10 Seasons,73.0,"Ratterman, George",georgeratterman/2523778,185.0,1947 - 1956,1950,New York Yanks,12,294.0,140.0,47.6,24.5,,7.7,187.6,22.0,7.5,24.0,8.2,,0.0,0.0,0.0,170.0,64.6,QB
,"Milton , PA",5/17/1908,West Liberty State,,2 Seasons,73.0,"Campiglio, Bob",bobcampiglio/2511000,183.0,1932 - 1933,1932,Staten Island Stapletons,11,20.0,7.0,35.0,1.8,109.0,5.5,9.9,0.0,0.0,0.0,0.0,,0.0,0.0,0.0,0.0,54.0,QB
,"Mount Clemens , MI",11/6/1916,Michigan State,,1 Season,72.0,"Pingel, Johnny",johnnypingel/2523257,180.0,1939 - 1939,1939,Detroit Lions,9,48.0,27.0,56.3,5.3,343.0,7.1,38.1,3.0,6.3,4.0,8.3,,0.0,0.0,0.0,0.0,64.8,QB
,"Louisville , KY",11/16/1943,Kentucky,,5 Seasons,74.0,"Norton, Rick",ricknorton/2522275,200.0,1966 - 1970,1969,Miami Dolphins,7,148.0,65.0,43.9,21.1,709.0,4.8,101.3,2.0,1.4,11.0,7.4,,0.0,0.0,18.0,175.0,32.2,QB
,"Louisville , KY",11/16/1943,Kentucky,,5 Seasons,74.0,"Norton, Rick",ricknorton/2522275,200.0,1966 - 1970,1968,Miami Dolphins,3,41.0,17.0,41.5,13.7,254.0,6.2,84.7,0.0,0.0,4.0,9.8,,0.0,0.0,6.0,41.0,22.9,QB
,"Louisville , KY",11/16/1943,Kentucky,,5 Seasons,74.0,"Norton, Rick",ricknorton/2522275,200.0,1966 - 1970,1967,Miami Dolphins,14,133.0,53.0,39.8,9.5,596.0,4.5,42.6,1.0,0.8,9.0,6.8,,0.0,0.0,14.0,141.0,28.3,QB
,"Louisville , KY",11/16/1943,Kentucky,,5 Seasons,74.0,"Norton, Rick",ricknorton/2522275,200.0,1966 - 1970,1966,Miami Dolphins,7,55.0,21.0,38.2,7.9,192.0,3.5,27.4,3.0,5.5,6.0,10.9,,0.0,0.0,0.0,0.0,27.0,QB
47.0,"San Leandro , CA",7/4/1969,USC,,2 Seasons,76.0,"Marinovich, Todd",toddmarinovich/2520146,220.0,1991 - 1992,1992,Los Angeles Raiders,7,165.0,81.0,49.1,23.6,,6.7,157.4,5.0,3.0,9.0,5.5,,14.0,3.0,20.0,154.0,58.2,QB
47.0,"San Leandro , CA",7/4/1969,USC,,2 Seasons,76.0,"Marinovich, Todd",toddmarinovich/2520146,220.0,1991 - 1992,1991,Los Angeles Raiders,1,40.0,23.0,57.5,40.0,243.0,6.1,243.0,3.0,7.5,0.0,0.0,,3.0,0.0,0.0,0.0,100.3,QB
,"East Moline , IL",5/1/1919,Iowa,,1 Season,73.0,"Niles, Jerry",jerryniles/2522163,195.0,1947 - 1947,1947,New York Giants,4,57.0,19.0,33.3,14.2,269.0,4.7,67.2,1.0,1.8,7.0,12.3,,0.0,0.0,0.0,40.0,15.8,QB
,"Florence , AL",2/5/1925,Auburn,,2 Seasons,70.0,"Tidwell, Travis",travistidwell/2527418,190.0,1950 - 1951,1951,New York Giants,6,21.0,8.0,38.1,3.5,155.0,7.4,25.8,1.0,4.8,4.0,19.0,,0.0,0.0,0.0,27.0,40.9,QB
,"Florence , AL",2/5/1925,Auburn,,2 Seasons,70.0,"Tidwell, Travis",travistidwell/2527418,190.0,1950 - 1951,1950,New York Giants,8,55.0,25.0,45.5,6.9,338.0,6.1,42.2,4.0,7.3,3.0,5.5,,0.0,0.0,0.0,113.0,67.1,QB
,"Dallas , TX",5/10/1912,Texas-El Paso,,1 Season,,"Andrews, J.B.",j.b.andrews/2508551,208.0,1934 - 1934,1934,St. Louis Gunners,2,19.0,8.0,42.1,9.5,97.0,5.1,48.5,0.0,0.0,1.0,5.3,,0.0,0.0,0.0,0.0,36.5,QB
34.0,"Santa Ana , CA",5/11/1983,USC,,8 Seasons,77.0,"Leinart, Matt",mattleinart/2506878,225.0,2006 - 2013,2012,Oakland Raiders,2,33.0,16.0,48.5,16.5,115.0,3.5,57.5,0.0,0.0,1.0,3.0,20.0,1.0,0.0,1.0,9.0,44.4,QB
34.0,"Santa Ana , CA",5/11/1983,USC,,8 Seasons,77.0,"Leinart, Matt",mattleinart/2506878,225.0,2006 - 2013,2009,Arizona Cardinals,8,77.0,51.0,66.2,9.6,435.0,5.6,54.4,0.0,0.0,3.0,3.9,28.0,7.0,0.0,2.0,12.0,64.6,QB
34.0,"Santa Ana , CA",5/11/1983,USC,,8 Seasons,77.0,"Leinart, Matt",mattleinart/2506878,225.0,2006 - 2013,2008,Arizona Cardinals,4,29.0,15.0,51.7,7.2,264.0,9.1,66.0,1.0,3.4,1.0,3.4,,4.0,1.0,2.0,19.0,80.2,QB
34.0,"Santa Ana , CA",5/11/1983,USC,,8 Seasons,77.0,"Leinart, Matt",mattleinart/2506878,225.0,2006 - 2013,2007,Arizona Cardinals,5,112.0,60.0,53.6,22.4,647.0,5.8,129.4,2.0,1.8,4.0,3.6,40.0,6.0,1.0,4.0,23.0,61.9,QB
34.0,"Santa Ana , CA",5/11/1983,USC,,8 Seasons,77.0,"Leinart, Matt",mattleinart/2506878,225.0,2006 - 2013,2006,Arizona Cardinals,12,377.0,214.0,56.8,31.4,,6.8,212.2,11.0,2.9,12.0,3.2,58.0,35.0,6.0,21.0,158.0,74.0,QB
32.0,"Exton , PA",5/17/1985,Boston College,Atlanta Falcons,10th season,76.0,"Ryan, Matt",mattryan/310,217.0,,2016,Atlanta Falcons,16,534.0,373.0,69.9,33.4,,9.3,309.0,38.0,7.1,7.0,1.3,,69.0,17.0,37.0,235.0,117.1,QB
32.0,"Exton , PA",5/17/1985,Boston College,Atlanta Falcons,10th season,76.0,"Ryan, Matt",mattryan/310,217.0,,2015,Atlanta Falcons,16,614.0,407.0,66.3,38.4,,7.5,286.9,21.0,3.4,16.0,2.6,,49.0,9.0,30.0,206.0,89.0,QB
32.0,"Exton , PA",5/17/1985,Boston College,Atlanta Falcons,10th season,76.0,"Ryan, Matt",mattryan/310,217.0,,2014,Atlanta Falcons,16,628.0,415.0,66.1,39.2,,7.5,293.4,28.0,4.5,14.0,2.2,79.0,60.0,8.0,31.0,205.0,93.9,QB
32.0,"Exton , PA",5/17/1985,Boston College,Atlanta Falcons,10th season,76.0,"Ryan, Matt",mattryan/310,217.0,,2013,Atlanta Falcons,16,651.0,439.0,67.4,40.7,,6.9,282.2,26.0,4.0,17.0,2.6,,44.0,9.0,44.0,298.0,89.6,QB
32.0,"Exton , PA",5/17/1985,Boston College,Atlanta Falcons,10th season,76.0,"Ryan, Matt",mattryan/310,217.0,,2012,Atlanta Falcons,16,615.0,422.0,68.6,38.4,,7.7,294.9,32.0,5.2,14.0,2.3,,46.0,10.0,28.0,210.0,99.1,QB
32.0,"Exton , PA",5/17/1985,Boston College,Atlanta Falcons,10th season,76.0,"Ryan, Matt",mattryan/310,217.0,,2011,Atlanta Falcons,16,566.0,347.0,61.3,35.4,,7.4,261.1,29.0,5.1,12.0,2.1,,55.0,10.0,26.0,173.0,92.2,QB
32.0,"Exton , PA",5/17/1985,Boston College,Atlanta Falcons,10th season,76.0,"Ryan, Matt",mattryan/310,217.0,,2010,Atlanta Falcons,16,571.0,357.0,62.5,35.7,,6.5,231.6,28.0,4.9,9.0,1.6,46.0,32.0,6.0,23.0,158.0,91.0,QB
32.0,"Exton , PA",5/17/1985,Boston College,Atlanta Falcons,10th season,76.0,"Ryan, Matt",mattryan/310,217.0,,2009,Atlanta Falcons,14,451.0,263.0,58.3,32.2,,6.5,208.3,22.0,4.9,14.0,3.1,,31.0,4.0,19.0,92.0,80.9,QB
32.0,"Exton , PA",5/17/1985,Boston College,Atlanta Falcons,10th season,76.0,"Ryan, Matt",mattryan/310,217.0,,2008,Atlanta Falcons,16,434.0,265.0,61.1,27.1,,7.9,215.0,16.0,3.7,11.0,2.5,,45.0,9.0,17.0,104.0,87.7,QB
75.0,"Houston , TX",7/26/1941,Illinois,,9 Seasons,74.0,"Taliaferro, Mike",miketaliaferro/2526999,202.0,1964 - 1972,1972,Buffalo Bills,5,33.0,16.0,48.5,6.6,176.0,5.3,35.2,1.0,3.0,4.0,12.1,,0.0,0.0,6.0,48.0,35.2,QB
75.0,"Houston , TX",7/26/1941,Illinois,,9 Seasons,74.0,"Taliaferro, Mike",miketaliaferro/2526999,202.0,1964 - 1972,1970,Boston Patriots,11,173.0,78.0,45.1,15.7,871.0,5.0,79.2,4.0,2.3,11.0,6.4,,0.0,0.0,15.0,158.0,41.8,QB
75.0,"Houston , TX",7/26/1941,Illinois,,9 Seasons,74.0,"Taliaferro, Mike",miketaliaferro/2526999,202.0,1964 - 1972,1969,Boston Patriots,14,331.0,160.0,48.3,23.6,,6.5,154.3,19.0,5.7,18.0,5.4,,0.0,0.0,24.0,261.0,66.0,QB
75.0,"Houston , TX",7/26/1941,Illinois,,9 Seasons,74.0,"Taliaferro, Mike",miketaliaferro/2526999,202.0,1964 - 1972,1968,Boston Patriots,7,176.0,67.0,38.1,25.1,889.0,5.1,127.0,4.0,2.3,15.0,8.5,,0.0,0.0,18.0,156.0,26.9,QB
75.0,"Houston , TX",7/26/1941,Illinois,,9 Seasons,74.0,"Taliaferro, Mike",miketaliaferro/2526999,202.0,1964 - 1972,1967,New York Jets,3,20.0,11.0,55.0,6.7,96.0,4.8,32.0,1.0,5.0,1.0,5.0,,0.0,0.0,2.0,22.0,63.8,QB
75.0,"Houston , TX",7/26/1941,Illinois,,9 Seasons,74.0,"Taliaferro, Mike",miketaliaferro/2526999,202.0,1964 - 1972,1966,New York Jets,14,41.0,19.0,46.3,2.9,177.0,4.3,12.6,2.0,4.9,2.0,4.9,,0.0,0.0,0.0,0.0,54.6,QB
75.0,"Houston , TX",7/26/1941,Illinois,,9 Seasons,74.0,"Taliaferro, Mike",miketaliaferro/2526999,202.0,1964 - 1972,1965,New York Jets,14,119.0,45.0,37.8,8.5,531.0,4.5,37.9,3.0,2.5,7.0,5.9,,0.0,0.0,0.0,0.0,36.1,QB
75.0,"Houston , TX",7/26/1941,Illinois,,9 Seasons,74.0,"Taliaferro, Mike",miketaliaferro/2526999,202.0,1964 - 1972,1964,New York Jets,14,73.0,23.0,31.5,5.2,341.0,4.7,24.4,2.0,2.7,5.0,6.8,,0.0,0.0,0.0,0.0,28.4,QB
39.0,"Louisville , KY",7/7/1977,Louisville,,10 Seasons,75.0,"Redman, Chris",chrisredman/2504314,225.0,2000 - 2012,2011,Atlanta Falcons,5,28.0,18.0,64.3,5.6,188.0,6.7,37.6,0.0,0.0,1.0,3.6,22.0,1.0,0.0,0.0,0.0,68.8,QB
39.0,"Louisville , KY",7/7/1977,Louisville,,10 Seasons,75.0,"Redman, Chris",chrisredman/2504314,225.0,2000 - 2012,2009,Atlanta Falcons,6,119.0,69.0,58.0,19.8,781.0,6.6,130.2,4.0,3.4,3.0,2.5,,8.0,1.0,8.0,34.0,78.4,QB
39.0,"Louisville , KY",7/7/1977,Louisville,,10 Seasons,75.0,"Redman, Chris",chrisredman/2504314,225.0,2000 - 2012,2007,Atlanta Falcons,7,149.0,89.0,59.7,21.3,,7.2,154.1,10.0,6.7,5.0,3.4,,14.0,4.0,9.0,51.0,90.4,QB
39.0,"Louisville , KY",7/7/1977,Louisville,,10 Seasons,75.0,"Redman, Chris",chrisredman/2504314,225.0,2000 - 2012,2002,Baltimore Ravens,6,182.0,97.0,53.3,30.3,,5.7,172.3,7.0,3.8,3.0,1.6,36.0,14.0,0.0,11.0,68.0,76.1,QB
63.0,"Oakland , CA",1/19/1954,San Jose State,,18 Seasons,75.0,"DeBerg, Steve",stevedeberg/2500356,230.0,1977 - 1998,1998,Atlanta Falcons,8,59.0,30.0,50.8,7.4,369.0,6.3,46.1,3.0,5.1,1.0,1.7,,5.0,0.0,6.0,60.0,80.4,QB
63.0,"Oakland , CA",1/19/1954,San Jose State,,18 Seasons,75.0,"DeBerg, Steve",stevedeberg/2500356,230.0,1977 - 1998,1993,Miami Dolphins,5,188.0,113.0,60.1,37.6,,8.1,304.2,6.0,3.2,7.0,3.7,47.0,22.0,4.0,15.0,116.0,81.0,QB
63.0,"Oakland , CA",1/19/1954,San Jose State,,18 Seasons,75.0,"DeBerg, Steve",stevedeberg/2500356,230.0,1977 - 1998,1993,Tampa Bay Buccaneers,3,39.0,23.0,59.0,13.0,186.0,4.8,62.0,1.0,2.6,3.0,7.7,24.0,1.0,0.0,3.0,27.0,47.6,QB
63.0,"Oakland , CA",1/19/1954,San Jose State,,18 Seasons,75.0,"DeBerg, Steve",stevedeberg/2500356,230.0,1977 - 1998,1992,Tampa Bay Buccaneers,6,125.0,76.0,60.8,20.8,710.0,5.7,118.3,3.0,2.4,4.0,3.2,,5.0,0.0,8.0,66.0,71.1,QB
63.0,"Oakland , CA",1/19/1954,San Jose State,,18 Seasons,75.0,"DeBerg, Steve",stevedeberg/2500356,230.0,1977 - 1998,1991,Kansas City Chiefs,16,434.0,256.0,59.0,27.1,,6.8,185.3,17.0,3.9,14.0,3.2,63.0,29.0,6.0,19.0,161.0,79.3,QB
63.0,"Oakland , CA",1/19/1954,San Jose State,,18 Seasons,75.0,"DeBerg, Steve",stevedeberg/2500356,230.0,1977 - 1998,1990,Kansas City Chiefs,16,444.0,258.0,58.1,27.8,,7.8,215.2,23.0,5.2,4.0,0.9,,0.0,0.0,22.0,191.0,96.3,QB
63.0,"Oakland , CA",1/19/1954,San Jose State,,18 Seasons,75.0,"DeBerg, Steve",stevedeberg/2500356,230.0,1977 - 1998,1989,Kansas City Chiefs,12,324.0,196.0,60.5,27.0,,7.8,210.8,11.0,3.4,16.0,4.9,50.0,0.0,0.0,14.0,111.0,75.8,QB
63.0,"Oakland , CA",1/19/1954,San Jose State,,18 Seasons,75.0,"DeBerg, Steve",stevedeberg/2500356,230.0,1977 - 1998,1988,Kansas City Chiefs,13,414.0,224.0,54.1,31.8,,7.1,225.8,16.0,3.9,16.0,3.9,,0.0,0.0,30.0,246.0,73.5,QB
63.0,"Oakland , CA",1/19/1954,San Jose State,,18 Seasons,75.0,"DeBerg, Steve",stevedeberg/2500356,230.0,1977 - 1998,1987,Tampa Bay Buccaneers,12,275.0,159.0,57.8,22.9,,6.9,157.6,14.0,5.1,7.0,2.5,,0.0,0.0,20.0,185.0,85.3,QB
63.0,"Oakland , CA",1/19/1954,San Jose State,,18 Seasons,75.0,"DeBerg, Steve",stevedeberg/2500356,230.0,1977 - 1998,1986,Tampa Bay Buccaneers,16,96.0,50.0,52.1,6.0,610.0,6.4,38.1,5.0,5.2,12.0,12.5,45.0,0.0,0.0,9.0,68.0,49.7,QB
63.0,"Oakland , CA",1/19/1954,San Jose State,,18 Seasons,75.0,"DeBerg, Steve",stevedeberg/2500356,230.0,1977 - 1998,1985,Tampa Bay Buccaneers,11,370.0,197.0,53.2,33.6,,6.7,226.2,19.0,5.1,18.0,4.9,57.0,0.0,0.0,19.0,143.0,71.3,QB
63.0,"Oakland , CA",1/19/1954,San Jose State,,18 Seasons,75.0,"DeBerg, Steve",stevedeberg/2500356,230.0,1977 - 1998,1984,Tampa Bay Buccaneers,16,509.0,308.0,60.5,31.8,,7.0,222.1,19.0,3.7,18.0,3.5,55.0,0.0,0.0,35.0,308.0,79.3,QB
63.0,"Oakland , CA",1/19/1954,San Jose State,,18 Seasons,75.0,"DeBerg, Steve",stevedeberg/2500356,230.0,1977 - 1998,1983,Denver Broncos,10,215.0,119.0,55.3,21.5,,7.5,161.7,9.0,4.2,7.0,3.3,54.0,0.0,0.0,25.0,201.0,79.9,QB
63.0,"Oakland , CA",1/19/1954,San Jose State,,18 Seasons,75.0,"DeBerg, Steve",stevedeberg/2500356,230.0,1977 - 1998,1982,Denver Broncos,9,223.0,131.0,58.7,24.8,,6.3,156.1,7.0,3.1,11.0,4.9,,0.0,0.0,16.0,130.0,67.2,QB
63.0,"Oakland , CA",1/19/1954,San Jose State,,18 Seasons,75.0,"DeBerg, Steve",stevedeberg/2500356,230.0,1977 - 1998,1981,Denver Broncos,14,108.0,64.0,59.3,7.7,797.0,7.4,56.9,6.0,5.6,6.0,5.6,44.0,0.0,0.0,7.0,67.0,77.6,QB
63.0,"Oakland , CA",1/19/1954,San Jose State,,18 Seasons,75.0,"DeBerg, Steve",stevedeberg/2500356,230.0,1977 - 1998,1980,San Francisco 49ers,11,321.0,186.0,57.9,29.2,,6.2,181.6,12.0,3.7,17.0,5.3,,0.0,0.0,14.0,114.0,66.7,QB
63.0,"Oakland , CA",1/19/1954,San Jose State,,18 Seasons,75.0,"DeBerg, Steve",stevedeberg/2500356,230.0,1977 - 1998,1979,San Francisco 49ers,16,578.0,347.0,60.0,36.1,,6.3,228.2,17.0,2.9,21.0,3.6,50.0,0.0,0.0,17.0,119.0,73.1,QB
63.0,"Oakland , CA",1/19/1954,San Jose State,,18 Seasons,75.0,"DeBerg, Steve",stevedeberg/2500356,230.0,1977 - 1998,1978,San Francisco 49ers,12,302.0,137.0,45.4,25.2,,5.2,130.8,8.0,2.6,22.0,7.3,,0.0,0.0,17.0,156.0,40.0,QB
33.0,"Okemos , MI",5/7/1984,Michigan State,Arizona Cardinals,11th season,75.0,"Stanton, Drew",drewstanton/2495748,243.0,,2016,Arizona Cardinals,5,48.0,19.0,39.6,9.6,192.0,4.0,38.4,2.0,4.2,3.0,6.3,,3.0,0.0,1.0,8.0,39.6,QB
33.0,"Okemos , MI",5/7/1984,Michigan State,Arizona Cardinals,11th season,75.0,"Stanton, Drew",drewstanton/2495748,243.0,,2015,Arizona Cardinals,7,25.0,11.0,44.0,3.6,104.0,4.2,14.9,0.0,0.0,2.0,8.0,21.0,1.0,0.0,2.0,8.0,22.8,QB
33.0,"Okemos , MI",5/7/1984,Michigan State,Arizona Cardinals,11th season,75.0,"Stanton, Drew",drewstanton/2495748,243.0,,2014,Arizona Cardinals,9,240.0,132.0,55.0,26.7,,7.1,190.1,7.0,2.9,5.0,2.1,49.0,29.0,6.0,11.0,66.0,78.7,QB
33.0,"Okemos , MI",5/7/1984,Michigan State,Arizona Cardinals,11th season,75.0,"Stanton, Drew",drewstanton/2495748,243.0,,2010,Detroit Lions,6,119.0,69.0,58.0,19.8,780.0,6.6,130.0,4.0,3.4,3.0,2.5,,7.0,3.0,6.0,42.0,78.4,QB
33.0,"Okemos , MI",5/7/1984,Michigan State,Arizona Cardinals,11th season,75.0,"Stanton, Drew",drewstanton/2495748,243.0,,2009,Detroit Lions,3,51.0,26.0,51.0,17.0,259.0,5.1,86.3,0.0,0.0,6.0,11.8,30.0,5.0,0.0,5.0,27.0,26.1,QB
33.0,"Okemos , MI",5/7/1984,Michigan State,Arizona Cardinals,11th season,75.0,"Stanton, Drew",drewstanton/2495748,243.0,,2008,Detroit Lions,3,17.0,9.0,52.9,5.7,119.0,7.0,39.7,1.0,5.9,0.0,0.0,41.0,2.0,1.0,6.0,35.0,95.0,QB
53.0,"Columbus , OH",12/7/1963,Arizona State,,1 Season,73.0,"Van Raaphorst, Jeff",jeffvanraaphorst/2527883,210.0,1987 - 1987,1987,Atlanta Falcons,2,34.0,18.0,52.9,17.0,174.0,5.1,87.0,1.0,2.9,2.0,5.9,24.0,0.0,0.0,3.0,19.0,52.8,QB
,"Simmstown , KY",7/8/1910,Kentucky,,4 Seasons,74.0,"Kelly, Shipwreck",shipwreckkelly/2518292,190.0,1932 - 1937,1934,Brooklyn Dodgers,9,35.0,11.0,31.4,3.9,134.0,3.8,14.9,0.0,0.0,5.0,14.3,,0.0,0.0,0.0,0.0,4.6,QB
,"Pheba , MS",5/17/1918,Mississippi State,,2 Seasons,74.0,"Jefferson, Billy",billyjefferson/2517458,208.0,1941 - 1942,1941,Detroit Lions,11,72.0,18.0,25.0,6.5,181.0,2.5,16.5,0.0,0.0,9.0,12.5,,0.0,0.0,0.0,0.0,0.0,QB
51.0,"Abington , PA",3/28/1966,Princeton,,12 Seasons,74.0,"Garrett, Jason",jasongarrett/2500770,200.0,1993 - 2004,1999,Dallas Cowboys,5,64.0,32.0,50.0,12.8,314.0,4.9,62.8,3.0,4.7,1.0,1.6,,5.0,0.0,5.0,21.0,73.3,QB
51.0,"Abington , PA",3/28/1966,Princeton,,12 Seasons,74.0,"Garrett, Jason",jasongarrett/2500770,200.0,1993 - 2004,1998,Dallas Cowboys,8,158.0,91.0,57.6,19.8,,7.6,150.8,5.0,3.2,3.0,1.9,,18.0,5.0,10.0,52.0,84.5,QB
51.0,"Abington , PA",3/28/1966,Princeton,,12 Seasons,74.0,"Garrett, Jason",jasongarrett/2500770,200.0,1993 - 2004,1994,Dallas Cowboys,2,31.0,16.0,51.6,15.5,315.0,10.2,157.5,2.0,6.5,1.0,3.2,68.0,7.0,2.0,2.0,13.0,95.5,QB
51.0,"Abington , PA",3/28/1966,Princeton,,12 Seasons,74.0,"Garrett, Jason",jasongarrett/2500770,200.0,1993 - 2004,1993,Dallas Cowboys,5,19.0,9.0,47.4,3.8,61.0,3.2,12.2,0.0,0.0,0.0,0.0,16.0,0.0,0.0,1.0,6.0,54.9,QB
31.0,"Tyler , TX",6/20/1985,LSU,,8 Seasons,74.0,"Flynn, Matt",mattflynn/367,225.0,2008 - 2015,2014,Green Bay Packers,7,16.0,8.0,50.0,2.3,66.0,4.1,9.4,0.0,0.0,1.0,6.3,14.0,0.0,0.0,2.0,12.0,34.9,QB
31.0,"Tyler , TX",6/20/1985,LSU,,8 Seasons,74.0,"Flynn, Matt",mattflynn/367,225.0,2008 - 2015,2013,Green Bay Packers,5,166.0,102.0,61.4,33.2,,6.9,229.2,7.0,4.2,4.0,2.4,56.0,17.0,2.0,17.0,102.0,86.1,QB
31.0,"Tyler , TX",6/20/1985,LSU,,8 Seasons,74.0,"Flynn, Matt",mattflynn/367,225.0,2008 - 2015,2013,Oakland Raiders,2,34.0,22.0,64.7,17.0,246.0,7.2,123.0,1.0,2.9,1.0,2.9,34.0,2.0,0.0,7.0,33.0,83.7,QB
31.0,"Tyler , TX",6/20/1985,LSU,,8 Seasons,74.0,"Flynn, Matt",mattflynn/367,225.0,2008 - 2015,2011,Green Bay Packers,5,49.0,33.0,67.3,9.8,518.0,10.6,103.6,6.0,12.2,2.0,4.1,,6.0,3.0,5.0,18.0,124.8,QB
31.0,"Tyler , TX",6/20/1985,LSU,,8 Seasons,74.0,"Flynn, Matt",mattflynn/367,225.0,2008 - 2015,2010,Green Bay Packers,7,66.0,40.0,60.6,9.4,433.0,6.6,61.9,3.0,4.5,2.0,3.0,,3.0,1.0,7.0,38.0,82.4,QB
38.0,"Alexandria , LA",4/21/1979,Northwestern State-Louisiana,,7 Seasons,75.0,"Nall, Craig",craignall/2505146,245.0,2002 - 2008,2007,Green Bay Packers,1,15.0,7.0,46.7,15.0,88.0,5.9,88.0,1.0,6.7,0.0,0.0,,1.0,0.0,1.0,10.0,87.6,QB
38.0,"Alexandria , LA",4/21/1979,Northwestern State-Louisiana,,7 Seasons,75.0,"Nall, Craig",craignall/2505146,245.0,2002 - 2008,2004,Green Bay Packers,5,33.0,23.0,69.7,6.6,314.0,9.5,62.8,4.0,12.1,0.0,0.0,43.0,5.0,1.0,2.0,8.0,139.4,QB
79.0,"Santa Fe , NM",3/19/1938,California,,4 Seasons,74.0,"Kapp, Joe",joekapp/2518137,215.0,1967 - 1970,1970,Boston Patriots,11,219.0,98.0,44.7,19.9,,5.0,100.4,3.0,1.4,17.0,7.8,,0.0,0.0,27.0,231.0,32.6,QB
79.0,"Santa Fe , NM",3/19/1938,California,,4 Seasons,74.0,"Kapp, Joe",joekapp/2518137,215.0,1967 - 1970,1969,Minnesota Vikings,13,237.0,120.0,50.6,18.2,,7.3,132.8,19.0,8.0,13.0,5.5,,0.0,0.0,28.0,198.0,78.5,QB
79.0,"Santa Fe , NM",3/19/1938,California,,4 Seasons,74.0,"Kapp, Joe",joekapp/2518137,215.0,1967 - 1970,1968,Minnesota Vikings,14,248.0,129.0,52.0,17.7,,6.8,121.1,10.0,4.0,17.0,6.9,,0.0,0.0,31.0,278.0,58.8,QB
79.0,"Santa Fe , NM",3/19/1938,California,,4 Seasons,74.0,"Kapp, Joe",joekapp/2518137,215.0,1967 - 1970,1967,Minnesota Vikings,13,214.0,102.0,47.7,16.5,,6.5,106.6,8.0,3.7,17.0,7.9,,0.0,0.0,23.0,200.0,48.2,QB
,"Minnetonka Beach , MN",2/10/1918,Minnesota,,2 Seasons,72.0,"Van Every, Hal",halvanevery/2527864,195.0,1940 - 1941,1941,Green Bay Packers,11,30.0,11.0,36.7,2.7,195.0,6.5,17.7,0.0,0.0,2.0,6.7,,0.0,0.0,0.0,0.0,31.9,QB
,"Minnetonka Beach , MN",2/10/1918,Minnesota,,2 Seasons,72.0,"Van Every, Hal",halvanevery/2527864,195.0,1940 - 1941,1940,Green Bay Packers,9,41.0,12.0,29.3,4.6,199.0,4.9,22.1,4.0,9.8,6.0,14.6,,0.0,0.0,0.0,0.0,40.2,QB
47.0,"Orange , CA",2/8/1970,Weber State,,16 Seasons,74.0,"Martin, Jamie",jamiemartin/2501888,205.0,1993 - 2008,2006,New Orleans Saints,16,24.0,16.0,66.7,1.5,208.0,8.7,13.0,1.0,4.2,1.0,4.2,65.0,4.0,2.0,5.0,18.0,90.3,QB
47.0,"Orange , CA",2/8/1970,Weber State,,16 Seasons,74.0,"Martin, Jamie",jamiemartin/2501888,205.0,1993 - 2008,2005,St. Louis Rams,8,177.0,124.0,70.1,22.1,,7.2,159.6,5.0,2.8,7.0,4.0,,12.0,3.0,11.0,78.0,83.5,QB
47.0,"Orange , CA",2/8/1970,Weber State,,16 Seasons,74.0,"Martin, Jamie",jamiemartin/2501888,205.0,1993 - 2008,2004,St. Louis Rams,1,30.0,16.0,53.3,30.0,188.0,6.3,188.0,0.0,0.0,0.0,0.0,26.0,3.0,0.0,2.0,6.0,72.6,QB
47.0,"Orange , CA",2/8/1970,Weber State,,16 Seasons,74.0,"Martin, Jamie",jamiemartin/2501888,205.0,1993 - 2008,2002,St. Louis Rams,5,195.0,124.0,63.6,39.0,,6.2,243.2,7.0,3.6,10.0,5.1,33.0,15.0,0.0,10.0,77.0,71.7,QB
47.0,"Orange , CA",2/8/1970,Weber State,,16 Seasons,74.0,"Martin, Jamie",jamiemartin/2501888,205.0,1993 - 2008,2000,Jacksonville Jaguars,5,33.0,22.0,66.7,6.6,307.0,9.3,61.4,2.0,6.1,1.0,3.0,,3.0,2.0,0.0,0.0,104.0,QB
47.0,"Orange , CA",2/8/1970,Weber State,,16 Seasons,74.0,"Martin, Jamie",jamiemartin/2501888,205.0,1993 - 2008,1998,Jacksonville Jaguars,4,45.0,27.0,60.0,11.2,355.0,7.9,88.8,2.0,4.4,0.0,0.0,,6.0,1.0,2.0,10.0,99.8,QB
47.0,"Orange , CA",2/8/1970,Weber State,,16 Seasons,74.0,"Martin, Jamie",jamiemartin/2501888,205.0,1993 - 2008,1996,St. Louis Rams,6,34.0,23.0,67.6,5.7,241.0,7.1,40.2,3.0,8.8,2.0,5.9,,2.0,0.0,4.0,34.0,92.9,QB
41.0,"Hemit , CA",4/28/1976,Fresno State,,12 Seasons,74.0,"Volek, Billy",billyvolek/2503939,214.0,2000 - 2011,2009,San Diego Chargers,4,31.0,20.0,64.5,7.8,231.0,7.5,57.8,1.0,3.2,1.0,3.2,50.0,2.0,1.0,1.0,1.0,84.2,QB
41.0,"Hemit , CA",4/28/1976,Fresno State,,12 Seasons,74.0,"Volek, Billy",billyvolek/2503939,214.0,2000 - 2011,2005,Tennessee Titans,6,88.0,50.0,56.8,14.7,474.0,5.4,79.0,4.0,4.5,2.0,2.3,,4.0,1.0,9.0,45.0,77.6,QB
41.0,"Hemit , CA",4/28/1976,Fresno State,,12 Seasons,74.0,"Volek, Billy",billyvolek/2503939,214.0,2000 - 2011,2004,Tennessee Titans,10,357.0,218.0,61.1,35.7,,7.0,248.6,18.0,5.0,10.0,2.8,,34.0,5.0,30.0,216.0,87.1,QB
41.0,"Hemit , CA",4/28/1976,Fresno State,,12 Seasons,74.0,"Volek, Billy",billyvolek/2503939,214.0,2000 - 2011,2003,Tennessee Titans,7,69.0,44.0,63.8,9.9,545.0,7.9,77.9,4.0,5.8,1.0,1.4,,5.0,1.0,6.0,45.0,101.4,QB
77.0,"Lawrence , KS",2/15/1940,Kansas,,16 Seasons,73.0,"Hadl, John",johnhadl/2515554,214.0,1962 - 1977,1977,Houston Oilers,14,24.0,11.0,45.8,1.7,76.0,3.2,5.4,0.0,0.0,3.0,12.5,18.0,0.0,0.0,2.0,26.0,13.9,QB
77.0,"Lawrence , KS",2/15/1940,Kansas,,16 Seasons,73.0,"Hadl, John",johnhadl/2515554,214.0,1962 - 1977,1976,Houston Oilers,14,113.0,60.0,53.1,8.1,634.0,5.6,45.3,7.0,6.2,8.0,7.1,,0.0,0.0,15.0,123.0,60.9,QB
77.0,"Lawrence , KS",2/15/1940,Kansas,,16 Seasons,73.0,"Hadl, John",johnhadl/2515554,214.0,1962 - 1977,1975,Green Bay Packers,14,353.0,191.0,54.1,25.2,,5.9,149.6,6.0,1.7,21.0,5.9,54.0,0.0,0.0,35.0,284.0,52.8,QB
77.0,"Lawrence , KS",2/15/1940,Kansas,,16 Seasons,73.0,"Hadl, John",johnhadl/2515554,214.0,1962 - 1977,1974,Green Bay Packers,8,184.0,89.0,48.4,23.0,,5.8,134.0,3.0,1.6,8.0,4.3,,0.0,0.0,9.0,70.0,54.0,QB
77.0,"Lawrence , KS",2/15/1940,Kansas,,16 Seasons,73.0,"Hadl, John",johnhadl/2515554,214.0,1962 - 1977,1974,Los Angeles Rams,6,115.0,53.0,46.1,19.2,680.0,5.9,113.3,5.0,4.3,6.0,5.2,,0.0,0.0,6.0,36.0,57.9,QB
77.0,"Lawrence , KS",2/15/1940,Kansas,,16 Seasons,73.0,"Hadl, John",johnhadl/2515554,214.0,1962 - 1977,1973,Los Angeles Rams,14,258.0,135.0,52.3,18.4,,7.8,143.4,22.0,8.5,11.0,4.3,,0.0,0.0,17.0,126.0,88.8,QB
77.0,"Lawrence , KS",2/15/1940,Kansas,,16 Seasons,73.0,"Hadl, John",johnhadl/2515554,214.0,1962 - 1977,1972,San Diego Chargers,14,370.0,190.0,51.4,26.4,,6.6,174.9,15.0,4.1,26.0,7.0,,0.0,0.0,19.0,187.0,56.7,QB
77.0,"Lawrence , KS",2/15/1940,Kansas,,16 Seasons,73.0,"Hadl, John",johnhadl/2515554,214.0,1962 - 1977,1971,San Diego Chargers,14,431.0,233.0,54.1,30.8,,7.1,219.6,21.0,4.9,25.0,5.8,,0.0,0.0,16.0,145.0,68.9,QB
77.0,"Lawrence , KS",2/15/1940,Kansas,,16 Seasons,73.0,"Hadl, John",johnhadl/2515554,214.0,1962 - 1977,1970,San Diego Chargers,14,327.0,162.0,49.5,23.4,,7.3,170.6,22.0,6.7,15.0,4.6,,0.0,0.0,42.0,327.0,77.1,QB
77.0,"Lawrence , KS",2/15/1940,Kansas,,16 Seasons,73.0,"Hadl, John",johnhadl/2515554,214.0,1962 - 1977,1969,San Diego Chargers,14,324.0,158.0,48.8,23.1,,7.0,160.9,10.0,3.1,11.0,3.4,,0.0,0.0,18.0,190.0,67.8,QB
77.0,"Lawrence , KS",2/15/1940,Kansas,,16 Seasons,73.0,"Hadl, John",johnhadl/2515554,214.0,1962 - 1977,1968,San Diego Chargers,14,440.0,208.0,47.3,31.4,,7.9,248.1,27.0,6.1,32.0,7.3,,0.0,0.0,10.0,110.0,64.5,QB
77.0,"Lawrence , KS",2/15/1940,Kansas,,16 Seasons,73.0,"Hadl, John",johnhadl/2515554,214.0,1962 - 1977,1967,San Diego Chargers,14,427.0,217.0,50.8,30.5,,7.9,240.4,24.0,5.6,22.0,5.2,,0.0,0.0,9.0,91.0,74.5,QB
77.0,"Lawrence , KS",2/15/1940,Kansas,,16 Seasons,73.0,"Hadl, John",johnhadl/2515554,214.0,1962 - 1977,1966,San Diego Chargers,14,375.0,200.0,53.3,26.8,,7.6,203.3,23.0,6.1,14.0,3.7,,0.0,0.0,0.0,0.0,83.0,QB
77.0,"Lawrence , KS",2/15/1940,Kansas,,16 Seasons,73.0,"Hadl, John",johnhadl/2515554,214.0,1962 - 1977,1965,San Diego Chargers,14,348.0,174.0,50.0,24.9,,8.0,199.9,20.0,5.7,21.0,6.0,,0.0,0.0,0.0,0.0,71.3,QB
77.0,"Lawrence , KS",2/15/1940,Kansas,,16 Seasons,73.0,"Hadl, John",johnhadl/2515554,214.0,1962 - 1977,1964,San Diego Chargers,14,274.0,147.0,53.6,19.6,,7.9,154.1,18.0,6.6,15.0,5.5,,0.0,0.0,0.0,0.0,78.7,QB
77.0,"Lawrence , KS",2/15/1940,Kansas,,16 Seasons,73.0,"Hadl, John",johnhadl/2515554,214.0,1962 - 1977,1963,San Diego Chargers,14,64.0,28.0,43.8,4.6,502.0,7.8,35.9,6.0,9.4,6.0,9.4,,0.0,0.0,0.0,0.0,63.4,QB
77.0,"Lawrence , KS",2/15/1940,Kansas,,16 Seasons,73.0,"Hadl, John",johnhadl/2515554,214.0,1962 - 1977,1962,San Diego Chargers,14,260.0,107.0,41.2,18.6,,6.3,116.6,15.0,5.8,24.0,9.2,,0.0,0.0,0.0,0.0,43.3,QB
76.0,"Los Angeles , CA",1/29/1941,USC,,10 Seasons,72.0,"Nelsen, Bill",billnelsen/2522007,195.0,1963 - 1972,1972,Cleveland Browns,4,31.0,14.0,45.2,7.8,141.0,4.5,35.2,0.0,0.0,3.0,9.7,,0.0,0.0,3.0,29.0,19.1,QB
76.0,"Los Angeles , CA",1/29/1941,USC,,10 Seasons,72.0,"Nelsen, Bill",billnelsen/2522007,195.0,1963 - 1972,1971,Cleveland Browns,14,325.0,174.0,53.5,23.2,,7.1,165.6,13.0,4.0,23.0,7.1,,0.0,0.0,22.0,222.0,60.3,QB
76.0,"Los Angeles , CA",1/29/1941,USC,,10 Seasons,72.0,"Nelsen, Bill",billnelsen/2522007,195.0,1963 - 1972,1970,Cleveland Browns,12,313.0,159.0,50.8,26.1,,6.9,179.7,16.0,5.1,16.0,5.1,,0.0,0.0,8.0,79.0,68.9,QB
76.0,"Los Angeles , CA",1/29/1941,USC,,10 Seasons,72.0,"Nelsen, Bill",billnelsen/2522007,195.0,1963 - 1972,1969,Cleveland Browns,14,352.0,190.0,54.0,25.1,,7.8,195.9,23.0,6.5,19.0,5.4,,0.0,0.0,17.0,164.0,78.8,QB
76.0,"Los Angeles , CA",1/29/1941,USC,,10 Seasons,72.0,"Nelsen, Bill",billnelsen/2522007,195.0,1963 - 1972,1968,Cleveland Browns,14,293.0,152.0,51.9,20.9,,8.1,169.0,19.0,6.5,10.0,3.4,,0.0,0.0,11.0,102.0,86.4,QB
76.0,"Los Angeles , CA",1/29/1941,USC,,10 Seasons,72.0,"Nelsen, Bill",billnelsen/2522007,195.0,1963 - 1972,1967,Pittsburgh Steelers,8,165.0,74.0,44.8,20.6,,6.8,140.6,10.0,6.1,9.0,5.5,,0.0,0.0,22.0,186.0,65.3,QB
76.0,"Los Angeles , CA",1/29/1941,USC,,10 Seasons,72.0,"Nelsen, Bill",billnelsen/2522007,195.0,1963 - 1972,1966,Pittsburgh Steelers,5,112.0,63.0,56.3,22.4,,10.0,224.4,7.0,6.3,1.0,0.9,,0.0,0.0,15.0,141.0,107.8,QB
76.0,"Los Angeles , CA",1/29/1941,USC,,10 Seasons,72.0,"Nelsen, Bill",billnelsen/2522007,195.0,1963 - 1972,1965,Pittsburgh Steelers,12,270.0,121.0,44.8,22.5,,7.1,159.8,8.0,3.0,17.0,6.3,,0.0,0.0,42.0,333.0,52.7,QB
76.0,"Los Angeles , CA",1/29/1941,USC,,10 Seasons,72.0,"Nelsen, Bill",billnelsen/2522007,195.0,1963 - 1972,1964,Pittsburgh Steelers,5,42.0,16.0,38.1,8.4,276.0,6.6,55.2,2.0,4.8,3.0,7.1,,0.0,0.0,5.0,47.0,47.3,QB
44.0,"Newport Beach , CA",3/18/1973,USC,,9 Seasons,76.0,"Johnson, Rob",robjohnson/2501452,212.0,1995 - 2006,2002,Tampa Bay Buccaneers,6,88.0,57.0,64.8,14.7,536.0,6.1,89.3,1.0,1.1,2.0,2.3,23.0,4.0,0.0,19.0,94.0,75.8,QB
44.0,"Newport Beach , CA",3/18/1973,USC,,9 Seasons,76.0,"Johnson, Rob",robjohnson/2501452,212.0,1995 - 2006,2001,Buffalo Bills,8,216.0,134.0,62.0,27.0,,6.8,183.1,5.0,2.3,7.0,3.2,,19.0,4.0,31.0,196.0,76.3,QB
44.0,"Newport Beach , CA",3/18/1973,USC,,9 Seasons,76.0,"Johnson, Rob",robjohnson/2501452,212.0,1995 - 2006,2000,Buffalo Bills,12,306.0,175.0,57.2,25.5,,6.9,177.1,12.0,3.9,7.0,2.3,,27.0,4.0,49.0,292.0,82.2,QB
44.0,"Newport Beach , CA",3/18/1973,USC,,9 Seasons,76.0,"Johnson, Rob",robjohnson/2501452,212.0,1995 - 2006,1999,Buffalo Bills,2,34.0,25.0,73.5,17.0,298.0,8.8,149.0,2.0,5.9,0.0,0.0,42.0,4.0,1.0,1.0,9.0,119.5,QB
44.0,"Newport Beach , CA",3/18/1973,USC,,9 Seasons,76.0,"Johnson, Rob",robjohnson/2501452,212.0,1995 - 2006,1998,Buffalo Bills,8,107.0,67.0,62.6,13.4,910.0,8.5,113.8,8.0,7.5,3.0,2.8,,12.0,4.0,29.0,163.0,102.9,QB
44.0,"Newport Beach , CA",3/18/1973,USC,,9 Seasons,76.0,"Johnson, Rob",robjohnson/2501452,212.0,1995 - 2006,1997,Jacksonville Jaguars,5,28.0,22.0,78.6,5.6,344.0,12.3,68.8,2.0,7.1,2.0,7.1,40.0,10.0,1.0,6.0,29.0,111.9,QB
67.0,"Pine Bluff , AR",6/20/1949,Texas Southern,,3 Seasons,73.0,"Mays, Dave",davemays/2520441,204.0,1976 - 1978,1978,Buffalo Bills,1,15.0,4.0,26.7,15.0,39.0,2.6,39.0,1.0,6.7,0.0,0.0,19.0,0.0,0.0,1.0,11.0,61.8,QB
67.0,"Pine Bluff , AR",6/20/1949,Texas Southern,,3 Seasons,73.0,"Mays, Dave",davemays/2520441,204.0,1976 - 1978,1977,Cleveland Browns,7,121.0,67.0,55.4,17.3,797.0,6.6,113.9,6.0,5.0,10.0,8.3,60.0,0.0,0.0,6.0,67.0,57.8,QB
67.0,"Pine Bluff , AR",6/20/1949,Texas Southern,,3 Seasons,73.0,"Mays, Dave",davemays/2520441,204.0,1976 - 1978,1976,Cleveland Browns,4,20.0,9.0,45.0,5.0,101.0,5.1,25.2,0.0,0.0,1.0,5.0,21.0,0.0,0.0,2.0,4.0,39.8,QB
73.0,"Evanston , IL",4/29/1944,Southern Illinois,,19 Seasons,73.0,"Hart, Jim",jimhart/2516025,215.0,1966 - 1984,1983,St. Louis Cardinals,5,91.0,50.0,54.9,18.2,592.0,6.5,118.4,4.0,4.4,8.0,8.8,,0.0,0.0,13.0,99.0,53.0,QB
73.0,"Evanston , IL",4/29/1944,Southern Illinois,,19 Seasons,73.0,"Hart, Jim",jimhart/2516025,215.0,1966 - 1984,1982,St. Louis Cardinals,4,33.0,19.0,57.6,8.2,199.0,6.0,49.8,1.0,3.0,0.0,0.0,22.0,0.0,0.0,0.0,0.0,85.3,QB
73.0,"Evanston , IL",4/29/1944,Southern Illinois,,19 Seasons,73.0,"Hart, Jim",jimhart/2516025,215.0,1966 - 1984,1981,St. Louis Cardinals,10,241.0,134.0,55.6,24.1,,7.0,169.4,11.0,4.6,14.0,5.8,,0.0,0.0,16.0,119.0,68.7,QB
73.0,"Evanston , IL",4/29/1944,Southern Illinois,,19 Seasons,73.0,"Hart, Jim",jimhart/2516025,215.0,1966 - 1984,1980,St. Louis Cardinals,15,425.0,228.0,53.6,28.3,,6.9,196.4,16.0,3.8,20.0,4.7,,0.0,0.0,39.0,292.0,68.6,QB
73.0,"Evanston , IL",4/29/1944,Southern Illinois,,19 Seasons,73.0,"Hart, Jim",jimhart/2516025,215.0,1966 - 1984,1979,St. Louis Cardinals,14,378.0,194.0,51.3,27.0,,5.9,158.4,9.0,2.4,20.0,5.3,,0.0,0.0,25.0,183.0,55.2,QB
73.0,"Evanston , IL",4/29/1944,Southern Illinois,,19 Seasons,73.0,"Hart, Jim",jimhart/2516025,215.0,1966 - 1984,1978,St. Louis Cardinals,15,477.0,240.0,50.3,31.8,,6.5,208.1,16.0,3.4,18.0,3.8,74.0,0.0,0.0,20.0,166.0,66.7,QB
73.0,"Evanston , IL",4/29/1944,Southern Illinois,,19 Seasons,73.0,"Hart, Jim",jimhart/2516025,215.0,1966 - 1984,1977,St. Louis Cardinals,14,355.0,186.0,52.4,25.4,,7.2,181.6,13.0,3.7,20.0,5.6,,0.0,0.0,13.0,89.0,64.3,QB
73.0,"Evanston , IL",4/29/1944,Southern Illinois,,19 Seasons,73.0,"Hart, Jim",jimhart/2516025,215.0,1966 - 1984,1976,St. Louis Cardinals,14,388.0,218.0,56.2,27.7,,7.6,210.4,18.0,4.6,13.0,3.4,,0.0,0.0,17.0,132.0,82.0,QB
73.0,"Evanston , IL",4/29/1944,Southern Illinois,,19 Seasons,73.0,"Hart, Jim",jimhart/2516025,215.0,1966 - 1984,1975,St. Louis Cardinals,14,345.0,182.0,52.8,24.6,,7.3,179.1,19.0,5.5,19.0,5.5,,0.0,0.0,6.0,43.0,71.7,QB
73.0,"Evanston , IL",4/29/1944,Southern Illinois,,19 Seasons,73.0,"Hart, Jim",jimhart/2516025,215.0,1966 - 1984,1974,St. Louis Cardinals,14,388.0,200.0,51.5,27.7,,6.2,172.2,20.0,5.2,8.0,2.1,,0.0,0.0,16.0,134.0,79.5,QB
73.0,"Evanston , IL",4/29/1944,Southern Illinois,,19 Seasons,73.0,"Hart, Jim",jimhart/2516025,215.0,1966 - 1984,1973,St. Louis Cardinals,12,320.0,178.0,55.6,26.7,,6.9,185.2,15.0,4.7,10.0,3.1,,0.0,0.0,22.0,168.0,80.0,QB
73.0,"Evanston , IL",4/29/1944,Southern Illinois,,19 Seasons,73.0,"Hart, Jim",jimhart/2516025,215.0,1966 - 1984,1972,St. Louis Cardinals,6,119.0,60.0,50.4,19.8,857.0,7.2,142.8,5.0,4.2,5.0,4.2,,0.0,0.0,7.0,56.0,70.6,QB
73.0,"Evanston , IL",4/29/1944,Southern Illinois,,19 Seasons,73.0,"Hart, Jim",jimhart/2516025,215.0,1966 - 1984,1971,St. Louis Cardinals,11,243.0,110.0,45.3,22.1,,6.7,147.8,8.0,3.3,14.0,5.8,,0.0,0.0,13.0,139.0,54.7,QB
73.0,"Evanston , IL",4/29/1944,Southern Illinois,,19 Seasons,73.0,"Hart, Jim",jimhart/2516025,215.0,1966 - 1984,1970,St. Louis Cardinals,14,373.0,171.0,45.8,26.6,,6.9,183.9,14.0,3.8,18.0,4.8,,0.0,0.0,26.0,216.0,61.5,QB
73.0,"Evanston , IL",4/29/1944,Southern Illinois,,19 Seasons,73.0,"Hart, Jim",jimhart/2516025,215.0,1966 - 1984,1969,St. Louis Cardinals,9,169.0,84.0,49.7,18.8,,6.4,120.7,6.0,3.6,12.0,7.1,,0.0,0.0,10.0,100.0,52.5,QB
73.0,"Evanston , IL",4/29/1944,Southern Illinois,,19 Seasons,73.0,"Hart, Jim",jimhart/2516025,215.0,1966 - 1984,1968,St. Louis Cardinals,13,316.0,140.0,44.3,24.3,,6.5,158.4,15.0,4.7,18.0,5.7,,0.0,0.0,15.0,129.0,58.2,QB
73.0,"Evanston , IL",4/29/1944,Southern Illinois,,19 Seasons,73.0,"Hart, Jim",jimhart/2516025,215.0,1966 - 1984,1967,St. Louis Cardinals,14,397.0,192.0,48.4,28.4,,7.6,214.9,19.0,4.8,30.0,7.6,,0.0,0.0,22.0,219.0,58.4,QB
48.0,"Americus , GA",2/3/1969,Florida State,,8 Seasons,73.0,"Weldon, Casey",caseyweldon/2503589,206.0,1992 - 1999,1995,Tampa Bay Buccaneers,16,91.0,42.0,46.2,5.7,519.0,5.7,32.4,1.0,1.1,2.0,2.2,40.0,5.0,1.0,9.0,55.0,58.8,QB
,"Salt Lake City , UT",6/1/1910,Utah,,4 Seasons,73.0,"Christensen, Frank",frankchristensen/2511455,199.0,1934 - 1937,1935,Detroit Lions,12,21.0,6.0,28.6,1.8,92.0,4.4,7.7,0.0,0.0,3.0,14.3,,0.0,0.0,0.0,0.0,5.8,QB
28.0,"Franklin Lakes , NJ",9/27/1988,Tennessee,Atlanta Falcons,4th season,75.0,"Simms, Matt",mattsimms/2534889,210.0,,2013,New York Jets,3,31.0,16.0,51.6,10.3,156.0,5.0,52.0,1.0,3.2,1.0,3.2,25.0,2.0,0.0,4.0,23.0,63.4,QB
55.0,"Salt Lake City , UT",10/11/1961,Brigham Young,,15 Seasons,74.0,"Young, Steve",steveyoung/2503843,215.0,1985 - 1999,1999,San Francisco 49ers,3,84.0,45.0,53.6,28.0,446.0,5.3,148.7,3.0,3.6,4.0,4.8,53.0,4.0,1.0,8.0,63.0,60.9,QB
55.0,"Salt Lake City , UT",10/11/1961,Brigham Young,,15 Seasons,74.0,"Young, Steve",steveyoung/2503843,215.0,1985 - 1999,1998,San Francisco 49ers,15,517.0,322.0,62.3,34.5,,8.1,278.0,36.0,7.0,12.0,2.3,,55.0,13.0,48.0,234.0,101.1,QB
55.0,"Salt Lake City , UT",10/11/1961,Brigham Young,,15 Seasons,74.0,"Young, Steve",steveyoung/2503843,215.0,1985 - 1999,1997,San Francisco 49ers,15,356.0,241.0,67.7,23.7,,8.5,201.9,19.0,5.3,6.0,1.7,82.0,43.0,4.0,35.0,220.0,104.7,QB
55.0,"Salt Lake City , UT",10/11/1961,Brigham Young,,15 Seasons,74.0,"Young, Steve",steveyoung/2503843,215.0,1985 - 1999,1996,San Francisco 49ers,12,316.0,214.0,67.7,26.3,,7.6,200.8,14.0,4.4,6.0,1.9,52.0,22.0,4.0,34.0,160.0,97.2,QB
55.0,"Salt Lake City , UT",10/11/1961,Brigham Young,,15 Seasons,74.0,"Young, Steve",steveyoung/2503843,215.0,1985 - 1999,1995,San Francisco 49ers,11,447.0,299.0,66.9,40.6,,7.2,290.9,20.0,4.5,11.0,2.5,57.0,36.0,7.0,25.0,115.0,92.3,QB
55.0,"Salt Lake City , UT",10/11/1961,Brigham Young,,15 Seasons,74.0,"Young, Steve",steveyoung/2503843,215.0,1985 - 1999,1994,San Francisco 49ers,16,461.0,324.0,70.3,28.8,,8.6,248.1,35.0,7.6,10.0,2.2,,48.0,8.0,31.0,163.0,112.8,QB
55.0,"Salt Lake City , UT",10/11/1961,Brigham Young,,15 Seasons,74.0,"Young, Steve",steveyoung/2503843,215.0,1985 - 1999,1993,San Francisco 49ers,16,462.0,314.0,68.0,28.9,,8.7,251.4,29.0,6.3,16.0,3.5,,56.0,9.0,31.0,160.0,101.5,QB
55.0,"Salt Lake City , UT",10/11/1961,Brigham Young,,15 Seasons,74.0,"Young, Steve",steveyoung/2503843,215.0,1985 - 1999,1992,San Francisco 49ers,16,402.0,268.0,66.7,25.1,,8.6,216.6,25.0,6.2,7.0,1.7,,54.0,10.0,29.0,152.0,107.0,QB
55.0,"Salt Lake City , UT",10/11/1961,Brigham Young,,15 Seasons,74.0,"Young, Steve",steveyoung/2503843,215.0,1985 - 1999,1991,San Francisco 49ers,11,279.0,180.0,64.5,25.4,,9.0,228.8,17.0,6.1,8.0,2.9,,35.0,8.0,13.0,79.0,101.8,QB
55.0,"Salt Lake City , UT",10/11/1961,Brigham Young,,15 Seasons,74.0,"Young, Steve",steveyoung/2503843,215.0,1985 - 1999,1990,San Francisco 49ers,6,62.0,38.0,61.3,10.3,427.0,6.9,71.2,2.0,3.2,0.0,0.0,,0.0,0.0,8.0,41.0,92.6,QB
55.0,"Salt Lake City , UT",10/11/1961,Brigham Young,,15 Seasons,74.0,"Young, Steve",steveyoung/2503843,215.0,1985 - 1999,1989,San Francisco 49ers,10,92.0,64.0,69.6,9.2,,10.9,100.1,8.0,8.7,3.0,3.3,,0.0,0.0,12.0,84.0,120.8,QB
55.0,"Salt Lake City , UT",10/11/1961,Brigham Young,,15 Seasons,74.0,"Young, Steve",steveyoung/2503843,215.0,1985 - 1999,1988,San Francisco 49ers,11,101.0,54.0,53.5,9.2,680.0,6.7,61.8,3.0,3.0,3.0,3.0,,0.0,0.0,13.0,75.0,72.2,QB
55.0,"Salt Lake City , UT",10/11/1961,Brigham Young,,15 Seasons,74.0,"Young, Steve",steveyoung/2503843,215.0,1985 - 1999,1987,San Francisco 49ers,8,69.0,37.0,53.6,8.6,570.0,8.3,71.2,10.0,14.5,0.0,0.0,,0.0,0.0,3.0,25.0,120.8,QB
55.0,"Salt Lake City , UT",10/11/1961,Brigham Young,,15 Seasons,74.0,"Young, Steve",steveyoung/2503843,215.0,1985 - 1999,1986,Tampa Bay Buccaneers,14,363.0,195.0,53.7,25.9,,6.3,163.0,8.0,2.2,13.0,3.6,46.0,0.0,0.0,47.0,326.0,65.5,QB
55.0,"Salt Lake City , UT",10/11/1961,Brigham Young,,15 Seasons,74.0,"Young, Steve",steveyoung/2503843,215.0,1985 - 1999,1985,Tampa Bay Buccaneers,5,138.0,72.0,52.2,27.6,935.0,6.8,187.0,3.0,2.2,8.0,5.8,59.0,0.0,0.0,21.0,158.0,56.9,QB
101.0,"East Chicago , IN",1/16/1916,Pittsburgh,,2 Seasons,71.0,"Patrick, Frank",frankpatrick/2522840,190.0,1938 - 1939,1939,Chicago Cardinals,8,79.0,22.0,27.8,9.9,291.0,3.7,36.4,1.0,1.3,13.0,16.5,,0.0,0.0,0.0,0.0,7.1,QB
,"Philadelphia , PA",12/9/1927,Miami (Fla.),,1 Season,73.0,"Del Bello, Jack",jackdelbello/2512744,190.0,1953 - 1953,1953,Baltimore Colts,5,61.0,27.0,44.3,12.2,229.0,3.8,45.8,1.0,1.6,5.0,8.2,,0.0,0.0,0.0,164.0,25.9,QB
,"Portland , OR",7/25/1933,Oregon,,8 Seasons,73.0,"Shaw, George",georgeshaw/2525404,183.0,1955 - 1962,1962,Denver Broncos,13,110.0,49.0,44.5,8.5,783.0,7.1,60.2,4.0,3.6,14.0,12.7,,0.0,0.0,0.0,0.0,41.4,QB
,"Portland , OR",7/25/1933,Oregon,,8 Seasons,73.0,"Shaw, George",georgeshaw/2525404,183.0,1955 - 1962,1961,Minnesota Vikings,8,91.0,46.0,50.5,11.4,530.0,5.8,66.2,4.0,4.4,4.0,4.4,,0.0,0.0,0.0,122.0,64.8,QB
,"Portland , OR",7/25/1933,Oregon,,8 Seasons,73.0,"Shaw, George",georgeshaw/2525404,183.0,1955 - 1962,1960,New York Giants,9,155.0,76.0,49.0,17.2,,8.1,140.3,11.0,7.1,13.0,8.4,,0.0,0.0,0.0,38.0,65.6,QB
,"Portland , OR",7/25/1933,Oregon,,8 Seasons,73.0,"Shaw, George",georgeshaw/2525404,183.0,1955 - 1962,1959,New York Giants,5,36.0,24.0,66.7,7.2,433.0,12.0,86.6,1.0,2.8,1.0,2.8,,0.0,0.0,0.0,21.0,105.4,QB
,"Portland , OR",7/25/1933,Oregon,,8 Seasons,73.0,"Shaw, George",georgeshaw/2525404,183.0,1955 - 1962,1958,Baltimore Colts,12,89.0,41.0,46.1,7.4,531.0,6.0,44.2,7.0,7.9,4.0,4.5,,0.0,0.0,0.0,5.0,72.8,QB
,"Portland , OR",7/25/1933,Oregon,,8 Seasons,73.0,"Shaw, George",georgeshaw/2525404,183.0,1955 - 1962,1956,Baltimore Colts,5,75.0,45.0,60.0,15.0,645.0,8.6,129.0,3.0,4.0,7.0,9.3,,0.0,0.0,0.0,87.0,62.4,QB
,"Portland , OR",7/25/1933,Oregon,,8 Seasons,73.0,"Shaw, George",georgeshaw/2525404,183.0,1955 - 1962,1955,Baltimore Colts,12,237.0,119.0,50.2,19.8,,6.7,132.2,10.0,4.2,19.0,8.0,,0.0,0.0,0.0,111.0,52.5,QB
27.0,Okinawa Japan,2/12/1990,Baylor,Cleveland Browns,6th season,74.0,"Griffin III, Robert",robertgriffiniii/2533033,218.0,,2016,Cleveland Browns,5,147.0,87.0,59.2,29.4,886.0,6.0,177.2,2.0,1.4,3.0,2.0,58.0,9.0,3.0,22.0,138.0,72.5,QB
27.0,Okinawa Japan,2/12/1990,Baylor,Cleveland Browns,6th season,74.0,"Griffin III, Robert",robertgriffiniii/2533033,218.0,,2014,Washington Redskins,9,214.0,147.0,68.7,23.8,,7.9,188.2,4.0,1.9,6.0,2.8,,18.0,8.0,33.0,227.0,86.9,QB
27.0,Okinawa Japan,2/12/1990,Baylor,Cleveland Browns,6th season,74.0,"Griffin III, Robert",robertgriffiniii/2533033,218.0,,2013,Washington Redskins,13,456.0,274.0,60.1,35.1,,7.0,246.4,16.0,3.5,12.0,2.6,,32.0,4.0,38.0,274.0,82.2,QB
27.0,Okinawa Japan,2/12/1990,Baylor,Cleveland Browns,6th season,74.0,"Griffin III, Robert",robertgriffiniii/2533033,218.0,,2012,Washington Redskins,15,393.0,258.0,65.6,26.2,,8.1,213.3,20.0,5.1,5.0,1.3,,47.0,6.0,30.0,217.0,102.4,QB
,"Mission , TX",9/11/1924,Texas,,7 Seasons,73.0,"Landry, Tom",tomlandry/2519031,195.0,1949 - 1955,1952,New York Giants,12,47.0,11.0,23.4,3.9,172.0,3.7,14.3,1.0,2.1,7.0,14.9,,0.0,0.0,0.0,42.0,9.8,QB
63.0,"Florissant , MO",11/10/1953,Missouri,,4 Seasons,74.0,"Pisarkiewicz, Steve",stevepisarkiewicz/2523270,205.0,1977 - 1980,1979,St. Louis Cardinals,6,109.0,52.0,47.7,18.2,621.0,5.7,103.5,3.0,2.8,4.0,3.7,,0.0,0.0,14.0,85.0,59.5,QB
63.0,"Florissant , MO",11/10/1953,Missouri,,4 Seasons,74.0,"Pisarkiewicz, Steve",stevepisarkiewicz/2523270,205.0,1977 - 1980,1978,St. Louis Cardinals,3,29.0,10.0,34.5,9.7,164.0,5.7,54.7,0.0,0.0,3.0,10.3,40.0,0.0,0.0,2.0,20.0,14.8,QB
28.0,"Barrington , IL",8/19/1988,Michigan State,Washington Redskins,6th season,75.0,"Cousins, Kirk",kirkcousins/2532820,210.0,,2016,Washington Redskins,16,606.0,406.0,67.0,37.9,,8.1,307.3,25.0,4.1,12.0,2.0,,69.0,13.0,23.0,190.0,97.2,QB
28.0,"Barrington , IL",8/19/1988,Michigan State,Washington Redskins,6th season,75.0,"Cousins, Kirk",kirkcousins/2532820,210.0,,2015,Washington Redskins,16,543.0,379.0,69.8,33.9,,7.7,260.4,29.0,5.3,11.0,2.0,,50.0,8.0,26.0,186.0,101.6,QB
28.0,"Barrington , IL",8/19/1988,Michigan State,Washington Redskins,6th season,75.0,"Cousins, Kirk",kirkcousins/2532820,210.0,,2014,Washington Redskins,6,204.0,126.0,61.8,34.0,,8.4,285.0,10.0,4.9,9.0,4.4,,27.0,8.0,8.0,70.0,86.4,QB
28.0,"Barrington , IL",8/19/1988,Michigan State,Washington Redskins,6th season,75.0,"Cousins, Kirk",kirkcousins/2532820,210.0,,2013,Washington Redskins,5,155.0,81.0,52.3,31.0,854.0,5.5,170.8,4.0,2.6,7.0,4.5,62.0,7.0,2.0,5.0,32.0,58.4,QB
28.0,"Barrington , IL",8/19/1988,Michigan State,Washington Redskins,6th season,75.0,"Cousins, Kirk",kirkcousins/2532820,210.0,,2012,Washington Redskins,3,48.0,33.0,68.8,16.0,466.0,9.7,155.3,4.0,8.3,3.0,6.3,,6.0,2.0,3.0,27.0,101.6,QB
,"San Antonio , TX",6/17/1944,Texas A&M - Kingsville,,10 Seasons,75.0,"Johnson, Randy",randyjohnson/2517740,205.0,1966 - 1976,1976,Green Bay Packers,3,35.0,21.0,60.0,11.7,249.0,7.1,83.0,0.0,0.0,1.0,2.9,45.0,0.0,0.0,2.0,23.0,69.8,QB
,"San Antonio , TX",6/17/1944,Texas A&M - Kingsville,,10 Seasons,75.0,"Johnson, Randy",randyjohnson/2517740,205.0,1966 - 1976,1975,Washington Redskins,8,79.0,41.0,51.9,9.9,556.0,7.0,69.5,4.0,5.1,10.0,12.7,,0.0,0.0,2.0,19.0,52.0,QB
,"San Antonio , TX",6/17/1944,Texas A&M - Kingsville,,10 Seasons,75.0,"Johnson, Randy",randyjohnson/2517740,205.0,1966 - 1976,1973,New York Giants,9,177.0,99.0,55.9,19.7,,7.2,142.1,7.0,4.0,8.0,4.5,,0.0,0.0,19.0,134.0,73.2,QB
,"San Antonio , TX",6/17/1944,Texas A&M - Kingsville,,10 Seasons,75.0,"Johnson, Randy",randyjohnson/2517740,205.0,1966 - 1976,1972,New York Giants,4,17.0,10.0,58.8,4.2,230.0,13.5,57.5,3.0,17.6,3.0,17.6,,0.0,0.0,2.0,10.0,103.2,QB
,"San Antonio , TX",6/17/1944,Texas A&M - Kingsville,,10 Seasons,75.0,"Johnson, Randy",randyjohnson/2517740,205.0,1966 - 1976,1971,New York Giants,5,74.0,41.0,55.4,14.8,477.0,6.4,95.4,3.0,4.1,3.0,4.1,,0.0,0.0,13.0,116.0,71.7,QB
,"San Antonio , TX",6/17/1944,Texas A&M - Kingsville,,10 Seasons,75.0,"Johnson, Randy",randyjohnson/2517740,205.0,1966 - 1976,1970,Atlanta Falcons,4,72.0,40.0,55.6,18.0,443.0,6.2,110.8,2.0,2.8,8.0,11.1,,0.0,0.0,16.0,148.0,43.7,QB
,"San Antonio , TX",6/17/1944,Texas A&M - Kingsville,,10 Seasons,75.0,"Johnson, Randy",randyjohnson/2517740,205.0,1966 - 1976,1969,Atlanta Falcons,6,93.0,51.0,54.8,15.5,788.0,8.5,131.3,8.0,8.6,5.0,5.4,,0.0,0.0,18.0,152.0,89.4,QB
,"San Antonio , TX",6/17/1944,Texas A&M - Kingsville,,10 Seasons,75.0,"Johnson, Randy",randyjohnson/2517740,205.0,1966 - 1976,1968,Atlanta Falcons,8,156.0,73.0,46.8,19.5,892.0,5.7,111.5,2.0,1.3,10.0,6.4,,0.0,0.0,20.0,153.0,42.5,QB
,"San Antonio , TX",6/17/1944,Texas A&M - Kingsville,,10 Seasons,75.0,"Johnson, Randy",randyjohnson/2517740,205.0,1966 - 1976,1967,Atlanta Falcons,14,288.0,142.0,49.3,20.6,,5.6,115.7,10.0,3.5,21.0,7.3,,0.0,0.0,34.0,311.0,47.8,QB
,"San Antonio , TX",6/17/1944,Texas A&M - Kingsville,,10 Seasons,75.0,"Johnson, Randy",randyjohnson/2517740,205.0,1966 - 1976,1966,Atlanta Falcons,14,295.0,129.0,43.7,21.1,,6.1,128.2,12.0,4.1,21.0,7.1,,0.0,0.0,26.0,236.0,47.8,QB
41.0,"Boulder , CO",9/25/1975,Boston College,,17 Seasons,76.0,"Hasselbeck, Matt",matthasselbeck/2501078,235.0,1999 - 2015,2015,Indianapolis Colts,8,256.0,156.0,60.9,32.0,,6.6,211.2,9.0,3.5,5.0,2.0,57.0,22.0,3.0,16.0,101.0,84.0,QB
41.0,"Boulder , CO",9/25/1975,Boston College,,17 Seasons,76.0,"Hasselbeck, Matt",matthasselbeck/2501078,235.0,1999 - 2015,2014,Indianapolis Colts,4,44.0,30.0,68.2,11.0,301.0,6.8,75.2,2.0,4.5,0.0,0.0,32.0,5.0,0.0,2.0,7.0,102.6,QB
41.0,"Boulder , CO",9/25/1975,Boston College,,17 Seasons,76.0,"Hasselbeck, Matt",matthasselbeck/2501078,235.0,1999 - 2015,2012,Tennessee Titans,8,221.0,138.0,62.4,27.6,,6.2,170.9,7.0,3.2,5.0,2.3,37.0,13.0,0.0,14.0,103.0,81.0,QB
41.0,"Boulder , CO",9/25/1975,Boston College,,17 Seasons,76.0,"Hasselbeck, Matt",matthasselbeck/2501078,235.0,1999 - 2015,2011,Tennessee Titans,16,518.0,319.0,61.6,32.4,,6.9,223.2,18.0,3.5,14.0,2.7,,43.0,10.0,19.0,153.0,82.4,QB
41.0,"Boulder , CO",9/25/1975,Boston College,,17 Seasons,76.0,"Hasselbeck, Matt",matthasselbeck/2501078,235.0,1999 - 2015,2010,Seattle Seahawks,14,444.0,266.0,59.9,31.7,,6.8,214.4,12.0,2.7,17.0,3.8,,33.0,10.0,29.0,175.0,73.2,QB
41.0,"Boulder , CO",9/25/1975,Boston College,,17 Seasons,76.0,"Hasselbeck, Matt",matthasselbeck/2501078,235.0,1999 - 2015,2009,Seattle Seahawks,14,488.0,293.0,60.0,34.9,,6.2,216.4,17.0,3.5,17.0,3.5,53.0,32.0,5.0,32.0,209.0,75.1,QB
41.0,"Boulder , CO",9/25/1975,Boston College,,17 Seasons,76.0,"Hasselbeck, Matt",matthasselbeck/2501078,235.0,1999 - 2015,2008,Seattle Seahawks,7,209.0,109.0,52.2,29.9,,5.8,173.7,5.0,2.4,10.0,4.8,34.0,14.0,0.0,19.0,119.0,57.8,QB
41.0,"Boulder , CO",9/25/1975,Boston College,,17 Seasons,76.0,"Hasselbeck, Matt",matthasselbeck/2501078,235.0,1999 - 2015,2007,Seattle Seahawks,16,562.0,352.0,62.6,35.1,,7.1,247.9,28.0,5.0,12.0,2.1,65.0,48.0,7.0,33.0,204.0,91.4,QB
41.0,"Boulder , CO",9/25/1975,Boston College,,17 Seasons,76.0,"Hasselbeck, Matt",matthasselbeck/2501078,235.0,1999 - 2015,2006,Seattle Seahawks,12,371.0,210.0,56.6,30.9,,6.6,203.5,18.0,4.9,15.0,4.0,,30.0,5.0,34.0,229.0,76.0,QB
41.0,"Boulder , CO",9/25/1975,Boston College,,17 Seasons,76.0,"Hasselbeck, Matt",matthasselbeck/2501078,235.0,1999 - 2015,2005,Seattle Seahawks,16,449.0,294.0,65.5,28.1,,7.7,216.2,24.0,5.3,9.0,2.0,56.0,41.0,7.0,24.0,154.0,98.2,QB
41.0,"Boulder , CO",9/25/1975,Boston College,,17 Seasons,76.0,"Hasselbeck, Matt",matthasselbeck/2501078,235.0,1999 - 2015,2004,Seattle Seahawks,14,474.0,279.0,58.9,33.9,,7.1,241.6,22.0,4.6,15.0,3.2,60.0,43.0,2.0,30.0,155.0,83.1,QB
41.0,"Boulder , CO",9/25/1975,Boston College,,17 Seasons,76.0,"Hasselbeck, Matt",matthasselbeck/2501078,235.0,1999 - 2015,2003,Seattle Seahawks,16,513.0,313.0,61.0,32.1,,7.5,240.1,26.0,5.1,15.0,2.9,,54.0,5.0,42.0,246.0,88.8,QB
41.0,"Boulder , CO",9/25/1975,Boston College,,17 Seasons,76.0,"Hasselbeck, Matt",matthasselbeck/2501078,235.0,1999 - 2015,2002,Seattle Seahawks,16,419.0,267.0,63.7,26.2,,7.3,192.2,15.0,3.6,10.0,2.4,49.0,36.0,4.0,26.0,143.0,87.8,QB
41.0,"Boulder , CO",9/25/1975,Boston College,,17 Seasons,76.0,"Hasselbeck, Matt",matthasselbeck/2501078,235.0,1999 - 2015,2001,Seattle Seahawks,13,321.0,176.0,54.8,24.7,,6.3,155.6,7.0,2.2,8.0,2.5,64.0,26.0,4.0,38.0,251.0,70.9,QB
41.0,"Boulder , CO",9/25/1975,Boston College,,17 Seasons,76.0,"Hasselbeck, Matt",matthasselbeck/2501078,235.0,1999 - 2015,2000,Green Bay Packers,16,19.0,10.0,52.6,1.2,104.0,5.5,6.5,1.0,5.3,0.0,0.0,,2.0,0.0,1.0,2.0,86.3,QB
57.0,"Gibson City , IL",1/8/1960,Eastern Illinois,,4 Seasons,75.0,"Christensen, Jeff",jeffchristensen/2511457,202.0,1983 - 1987,1987,Cleveland Browns,3,58.0,24.0,41.4,19.3,297.0,5.1,99.0,1.0,1.7,3.0,5.2,34.0,0.0,0.0,5.0,37.0,42.1,QB
,"Maywood , CA",11/27/1939,Los Angeles State,,1 Season,73.0,"Kennedy, Tom",tomkennedy/2518345,210.0,1966 - 1966,1966,New York Giants,6,100.0,55.0,55.0,16.7,748.0,7.5,124.7,7.0,7.0,6.0,6.0,,0.0,0.0,20.0,150.0,77.4,QB
69.0,"Shelbyville , IN",11/19/1947,Purdue,,12 Seasons,75.0,"Phipps, Mike",mikephipps/2523199,208.0,1970 - 1981,1981,Chicago Bears,3,17.0,11.0,64.7,5.7,171.0,10.1,57.0,2.0,11.8,0.0,0.0,,0.0,0.0,5.0,41.0,137.1,QB
69.0,"Shelbyville , IN",11/19/1947,Purdue,,12 Seasons,75.0,"Phipps, Mike",mikephipps/2523199,208.0,1970 - 1981,1980,Chicago Bears,7,122.0,61.0,50.0,17.4,630.0,5.2,90.0,2.0,1.6,9.0,7.4,,0.0,0.0,7.0,69.0,40.0,QB
69.0,"Shelbyville , IN",11/19/1947,Purdue,,12 Seasons,75.0,"Phipps, Mike",mikephipps/2523199,208.0,1970 - 1981,1979,Chicago Bears,12,255.0,134.0,52.5,21.2,,6.0,127.9,9.0,3.5,8.0,3.1,,0.0,0.0,15.0,145.0,69.6,QB
69.0,"Shelbyville , IN",11/19/1947,Purdue,,12 Seasons,75.0,"Phipps, Mike",mikephipps/2523199,208.0,1970 - 1981,1978,Chicago Bears,6,83.0,44.0,53.0,13.8,465.0,5.6,77.5,2.0,2.4,10.0,12.0,,0.0,0.0,6.0,55.0,38.1,QB
69.0,"Shelbyville , IN",11/19/1947,Purdue,,12 Seasons,75.0,"Phipps, Mike",mikephipps/2523199,208.0,1970 - 1981,1976,Cleveland Browns,4,37.0,20.0,54.1,9.2,146.0,3.9,36.5,3.0,8.1,0.0,0.0,,0.0,0.0,1.0,6.0,90.6,QB
69.0,"Shelbyville , IN",11/19/1947,Purdue,,12 Seasons,75.0,"Phipps, Mike",mikephipps/2523199,208.0,1970 - 1981,1975,Cleveland Browns,14,313.0,162.0,51.8,22.4,,5.6,124.9,4.0,1.3,19.0,6.1,48.0,0.0,0.0,28.0,261.0,47.5,QB
69.0,"Shelbyville , IN",11/19/1947,Purdue,,12 Seasons,75.0,"Phipps, Mike",mikephipps/2523199,208.0,1970 - 1981,1974,Cleveland Browns,14,256.0,117.0,45.7,18.3,,5.4,98.9,9.0,3.5,17.0,6.6,,0.0,0.0,33.0,280.0,46.7,QB
69.0,"Shelbyville , IN",11/19/1947,Purdue,,12 Seasons,75.0,"Phipps, Mike",mikephipps/2523199,208.0,1970 - 1981,1973,Cleveland Browns,14,299.0,148.0,49.5,21.4,,5.7,122.8,9.0,3.0,20.0,6.7,,0.0,0.0,44.0,362.0,49.4,QB
69.0,"Shelbyville , IN",11/19/1947,Purdue,,12 Seasons,75.0,"Phipps, Mike",mikephipps/2523199,208.0,1970 - 1981,1972,Cleveland Browns,14,305.0,144.0,47.2,21.8,,6.5,142.4,13.0,4.3,16.0,5.2,,0.0,0.0,23.0,183.0,61.0,QB
69.0,"Shelbyville , IN",11/19/1947,Purdue,,12 Seasons,75.0,"Phipps, Mike",mikephipps/2523199,208.0,1970 - 1981,1971,Cleveland Browns,14,47.0,13.0,27.7,3.4,179.0,3.8,12.8,1.0,2.1,4.0,8.5,,0.0,0.0,0.0,0.0,14.6,QB
69.0,"Shelbyville , IN",11/19/1947,Purdue,,12 Seasons,75.0,"Phipps, Mike",mikephipps/2523199,208.0,1970 - 1981,1970,Cleveland Browns,14,60.0,29.0,48.3,4.3,529.0,8.8,37.8,1.0,1.7,5.0,8.3,,0.0,0.0,7.0,86.0,49.9,QB
,"Pedricktown , NJ",2/14/1910,Notre Dame,,4 Seasons,72.0,"Leonard, Jim",jimleonard/2519360,202.0,1934 - 1937,1935,Philadelphia Eagles,11,32.0,11.0,34.4,2.9,119.0,3.7,10.8,0.0,0.0,3.0,9.4,,0.0,0.0,0.0,0.0,7.2,QB
70.0,"Everett , MA",5/31/1947,Tampa,,4 Seasons,73.0,"Del Gaizo, Jim",jimdelgaizo/2512747,198.0,1972 - 1975,1974,New York Giants,4,32.0,12.0,37.5,8.0,165.0,5.2,41.2,0.0,0.0,3.0,9.4,,0.0,0.0,1.0,11.0,15.8,QB
70.0,"Everett , MA",5/31/1947,Tampa,,4 Seasons,73.0,"Del Gaizo, Jim",jimdelgaizo/2512747,198.0,1972 - 1975,1973,Green Bay Packers,8,62.0,27.0,43.5,7.8,318.0,5.1,39.8,2.0,3.2,6.0,9.7,,0.0,0.0,8.0,77.0,30.9,QB
,"Holland , TX",8/27/1917,Hardin-Simmons,,1 Season,72.0,"Goodnight, Owen",owengoodnight/2515067,200.0,1941 - 1941,1941,Cleveland Rams,9,36.0,12.0,33.3,4.0,182.0,5.1,20.2,1.0,2.8,5.0,13.9,,0.0,0.0,0.0,0.0,20.6,QB
24.0,"McLean , VA",10/20/1992,Stanford,Cleveland Browns,2nd season,75.0,"Hogan, Kevin",kevinhogan/2555263,217.0,,2016,Cleveland Browns,4,26.0,14.0,53.8,6.5,104.0,4.0,26.0,0.0,0.0,2.0,7.7,17.0,0.0,0.0,2.0,10.0,31.6,QB
54.0,"Yakima , WA",7/29/1962,Washington,,8 Seasons,76.0,"Pelluer, Steve",stevepelluer/2502440,204.0,1984 - 1991,1989,Kansas City Chiefs,5,47.0,26.0,55.3,9.4,301.0,6.4,60.2,1.0,2.1,0.0,0.0,24.0,0.0,0.0,8.0,61.0,82.0,QB
54.0,"Yakima , WA",7/29/1962,Washington,,8 Seasons,76.0,"Pelluer, Steve",stevepelluer/2502440,204.0,1984 - 1991,1988,Dallas Cowboys,16,435.0,245.0,56.3,27.2,,7.2,196.2,17.0,3.9,19.0,4.4,,0.0,0.0,21.0,112.0,73.9,QB
54.0,"Yakima , WA",7/29/1962,Washington,,8 Seasons,76.0,"Pelluer, Steve",stevepelluer/2502440,204.0,1984 - 1991,1987,Dallas Cowboys,12,101.0,55.0,54.5,8.4,642.0,6.4,53.5,3.0,3.0,2.0,2.0,44.0,0.0,0.0,5.0,35.0,75.6,QB
54.0,"Yakima , WA",7/29/1962,Washington,,8 Seasons,76.0,"Pelluer, Steve",stevepelluer/2502440,204.0,1984 - 1991,1986,Dallas Cowboys,16,378.0,215.0,56.9,23.6,,7.2,170.4,8.0,2.1,17.0,4.5,,0.0,0.0,47.0,362.0,67.9,QB
24.0,"Bakersfield , CA",5/11/1993,USC,Cleveland Browns,2nd season,73.0,"Kessler, Cody",codykessler/2555387,215.0,,2016,Cleveland Browns,9,195.0,128.0,65.6,21.7,,7.1,153.3,6.0,3.1,2.0,1.0,44.0,17.0,4.0,21.0,140.0,92.3,QB
34.0,"Houston , TX",5/18/1983,Texas,,8 Seasons,77.0,"Young, Vince",vinceyoung/2506875,232.0,2006 - 2013,2011,Philadelphia Eagles,6,114.0,66.0,57.9,19.0,866.0,7.6,144.3,4.0,3.5,9.0,7.9,58.0,13.0,3.0,8.0,34.0,60.8,QB
34.0,"Houston , TX",5/18/1983,Texas,,8 Seasons,77.0,"Young, Vince",vinceyoung/2506875,232.0,2006 - 2013,2010,Tennessee Titans,9,156.0,93.0,59.6,17.3,,8.0,139.4,10.0,6.4,3.0,1.9,,19.0,3.0,13.0,80.0,98.6,QB
34.0,"Houston , TX",5/18/1983,Texas,,8 Seasons,77.0,"Young, Vince",vinceyoung/2506875,232.0,2006 - 2013,2009,Tennessee Titans,12,259.0,152.0,58.7,21.6,,7.3,156.6,10.0,3.9,7.0,2.7,,21.0,4.0,9.0,36.0,82.8,QB
34.0,"Houston , TX",5/18/1983,Texas,,8 Seasons,77.0,"Young, Vince",vinceyoung/2506875,232.0,2006 - 2013,2008,Tennessee Titans,3,36.0,22.0,61.1,12.0,219.0,6.1,73.0,1.0,2.8,2.0,5.6,54.0,3.0,1.0,3.0,13.0,64.5,QB
34.0,"Houston , TX",5/18/1983,Texas,,8 Seasons,77.0,"Young, Vince",vinceyoung/2506875,232.0,2006 - 2013,2007,Tennessee Titans,15,382.0,238.0,62.3,25.5,,6.7,169.7,9.0,2.4,17.0,4.5,73.0,24.0,5.0,25.0,157.0,71.1,QB
34.0,"Houston , TX",5/18/1983,Texas,,8 Seasons,77.0,"Young, Vince",vinceyoung/2506875,232.0,2006 - 2013,2006,Tennessee Titans,15,357.0,184.0,51.5,23.8,,6.2,146.6,12.0,3.4,13.0,3.6,53.0,33.0,1.0,25.0,129.0,66.7,QB
,"Fayette , MI",2/24/1925,Michigan State,,7 Seasons,74.0,"Chandnois, Lynn",lynnchandnois/2511346,198.0,1950 - 1956,1951,Pittsburgh Steelers,12,43.0,16.0,37.2,3.6,256.0,6.0,21.3,2.0,4.7,4.0,9.3,,0.0,0.0,0.0,47.0,34.6,QB
,"Westerly , RI",6/23/1927,San Francisco,,3 Seasons,73.0,"Panciera, Don",donpanciera/2522697,192.0,1949 - 1952,1952,Chicago Cardinals,10,96.0,35.0,36.5,9.6,582.0,6.1,58.2,5.0,5.2,9.0,9.4,,0.0,0.0,0.0,107.0,36.0,QB
,"Millen , GA",6/22/1938,Presbyterian,,4 Seasons,74.0,"Waters, Bob",bobwaters/2528330,184.0,1960 - 1963,1963,San Francisco 49ers,7,88.0,42.0,47.7,12.6,435.0,4.9,62.1,1.0,1.1,6.0,6.8,,0.0,0.0,18.0,135.0,37.8,QB
,"Millen , GA",6/22/1938,Presbyterian,,4 Seasons,74.0,"Waters, Bob",bobwaters/2528330,184.0,1960 - 1963,1961,San Francisco 49ers,8,28.0,13.0,46.4,3.5,183.0,6.5,22.9,1.0,3.6,2.0,7.1,,0.0,0.0,0.0,41.0,50.1,QB
58.0,"San Diego , CA",11/22/1958,Arizona State,,10 Seasons,76.0,"Malone, Mark",markmalone/2520038,223.0,1980 - 1989,1988,San Diego Chargers,12,272.0,147.0,54.0,22.7,,5.8,131.7,6.0,2.2,13.0,4.8,59.0,0.0,0.0,9.0,45.0,58.8,QB
58.0,"San Diego , CA",11/22/1958,Arizona State,,10 Seasons,76.0,"Malone, Mark",markmalone/2520038,223.0,1980 - 1989,1987,Pittsburgh Steelers,12,336.0,156.0,46.4,28.0,,5.6,158.0,6.0,1.8,19.0,5.7,63.0,0.0,0.0,18.0,151.0,46.7,QB
58.0,"San Diego , CA",11/22/1958,Arizona State,,10 Seasons,76.0,"Malone, Mark",markmalone/2520038,223.0,1980 - 1989,1986,Pittsburgh Steelers,14,425.0,216.0,50.8,30.4,,5.8,174.6,15.0,3.5,18.0,4.2,48.0,0.0,0.0,13.0,97.0,62.5,QB
58.0,"San Diego , CA",11/22/1958,Arizona State,,10 Seasons,76.0,"Malone, Mark",markmalone/2520038,223.0,1980 - 1989,1985,Pittsburgh Steelers,10,233.0,117.0,50.2,23.3,,6.1,142.8,13.0,5.6,7.0,3.0,,0.0,0.0,10.0,80.0,75.5,QB
58.0,"San Diego , CA",11/22/1958,Arizona State,,10 Seasons,76.0,"Malone, Mark",markmalone/2520038,223.0,1980 - 1989,1984,Pittsburgh Steelers,13,272.0,147.0,54.0,20.9,,7.9,164.4,16.0,5.9,17.0,6.3,,0.0,0.0,25.0,211.0,73.4,QB
58.0,"San Diego , CA",11/22/1958,Arizona State,,10 Seasons,76.0,"Malone, Mark",markmalone/2520038,223.0,1980 - 1989,1983,Pittsburgh Steelers,2,20.0,9.0,45.0,10.0,124.0,6.2,62.0,1.0,5.0,2.0,10.0,38.0,0.0,0.0,1.0,11.0,42.5,QB
58.0,"San Diego , CA",11/22/1958,Arizona State,,10 Seasons,76.0,"Malone, Mark",markmalone/2520038,223.0,1980 - 1989,1981,Pittsburgh Steelers,8,88.0,45.0,51.1,11.0,553.0,6.3,69.1,3.0,3.4,5.0,5.7,30.0,0.0,0.0,10.0,76.0,58.6,QB
53.0,"Dallas , TX",11/5/1963,Baylor,,8 Seasons,75.0,"Carlson, Cody",codycarlson/2499989,202.0,1987 - 1994,1994,Houston Oilers,5,132.0,59.0,44.7,26.4,727.0,5.5,145.4,1.0,0.8,4.0,3.0,81.0,10.0,1.0,15.0,115.0,52.2,QB
53.0,"Dallas , TX",11/5/1963,Baylor,,8 Seasons,75.0,"Carlson, Cody",codycarlson/2499989,202.0,1987 - 1994,1993,Houston Oilers,8,90.0,51.0,56.7,11.2,605.0,6.7,75.6,2.0,2.2,4.0,4.4,47.0,8.0,1.0,8.0,53.0,66.2,QB
53.0,"Dallas , TX",11/5/1963,Baylor,,8 Seasons,75.0,"Carlson, Cody",codycarlson/2499989,202.0,1987 - 1994,1992,Houston Oilers,11,227.0,149.0,65.6,20.6,,7.5,155.5,9.0,4.0,11.0,4.8,65.0,21.0,4.0,15.0,90.0,81.2,QB
53.0,"Dallas , TX",11/5/1963,Baylor,,8 Seasons,75.0,"Carlson, Cody",codycarlson/2499989,202.0,1987 - 1994,1990,Houston Oilers,6,55.0,37.0,67.3,9.2,383.0,7.0,63.8,4.0,7.3,2.0,3.6,,0.0,0.0,3.0,15.0,96.2,QB
53.0,"Dallas , TX",11/5/1963,Baylor,,8 Seasons,75.0,"Carlson, Cody",codycarlson/2499989,202.0,1987 - 1994,1989,Houston Oilers,6,31.0,15.0,48.4,5.2,155.0,5.0,25.8,0.0,0.0,1.0,3.2,23.0,0.0,0.0,2.0,20.0,49.8,QB
53.0,"Dallas , TX",11/5/1963,Baylor,,8 Seasons,75.0,"Carlson, Cody",codycarlson/2499989,202.0,1987 - 1994,1988,Houston Oilers,6,112.0,52.0,46.4,18.7,775.0,6.9,129.2,4.0,3.6,6.0,5.4,,0.0,0.0,10.0,72.0,59.2,QB
47.0,"Gulfport , MS",10/10/1969,Southern Mississippi,,20 Seasons,74.0,"Favre, Brett",brettfavre/2500606,222.0,1991 - 2010,2010,Minnesota Vikings,13,358.0,217.0,60.6,27.5,,7.0,193.0,11.0,3.1,19.0,5.3,,38.0,1.0,22.0,139.0,69.9,QB
47.0,"Gulfport , MS",10/10/1969,Southern Mississippi,,20 Seasons,74.0,"Favre, Brett",brettfavre/2500606,222.0,1991 - 2010,2009,Minnesota Vikings,16,531.0,363.0,68.4,33.2,,7.9,262.6,33.0,6.2,7.0,1.3,63.0,52.0,13.0,34.0,247.0,107.2,QB
47.0,"Gulfport , MS",10/10/1969,Southern Mississippi,,20 Seasons,74.0,"Favre, Brett",brettfavre/2500606,222.0,1991 - 2010,2008,New York Jets,16,522.0,343.0,65.7,32.6,,6.7,217.0,22.0,4.2,22.0,4.2,,40.0,7.0,30.0,213.0,81.0,QB
47.0,"Gulfport , MS",10/10/1969,Southern Mississippi,,20 Seasons,74.0,"Favre, Brett",brettfavre/2500606,222.0,1991 - 2010,2007,Green Bay Packers,16,535.0,356.0,66.5,33.4,,7.8,259.7,28.0,5.2,15.0,2.8,,49.0,16.0,15.0,93.0,95.7,QB
47.0,"Gulfport , MS",10/10/1969,Southern Mississippi,,20 Seasons,74.0,"Favre, Brett",brettfavre/2500606,222.0,1991 - 2010,2006,Green Bay Packers,16,613.0,343.0,56.0,38.3,,6.3,242.8,18.0,2.9,18.0,2.9,,49.0,8.0,21.0,134.0,72.7,QB
47.0,"Gulfport , MS",10/10/1969,Southern Mississippi,,20 Seasons,74.0,"Favre, Brett",brettfavre/2500606,222.0,1991 - 2010,2005,Green Bay Packers,16,607.0,372.0,61.3,37.9,,6.4,242.6,20.0,3.3,29.0,4.8,59.0,40.0,7.0,24.0,170.0,70.9,QB
47.0,"Gulfport , MS",10/10/1969,Southern Mississippi,,20 Seasons,74.0,"Favre, Brett",brettfavre/2500606,222.0,1991 - 2010,2004,Green Bay Packers,16,540.0,346.0,64.1,33.8,,7.6,255.5,30.0,5.6,17.0,3.1,,50.0,12.0,12.0,93.0,92.4,QB
47.0,"Gulfport , MS",10/10/1969,Southern Mississippi,,20 Seasons,74.0,"Favre, Brett",brettfavre/2500606,222.0,1991 - 2010,2003,Green Bay Packers,16,471.0,308.0,65.4,29.4,,7.1,210.1,32.0,6.8,21.0,4.5,,42.0,7.0,19.0,137.0,90.4,QB
47.0,"Gulfport , MS",10/10/1969,Southern Mississippi,,20 Seasons,74.0,"Favre, Brett",brettfavre/2500606,222.0,1991 - 2010,2002,Green Bay Packers,16,551.0,341.0,61.9,34.4,,6.6,228.6,27.0,4.9,16.0,2.9,,39.0,7.0,26.0,188.0,85.6,QB
47.0,"Gulfport , MS",10/10/1969,Southern Mississippi,,20 Seasons,74.0,"Favre, Brett",brettfavre/2500606,222.0,1991 - 2010,2001,Green Bay Packers,16,510.0,314.0,61.6,31.9,,7.7,245.1,32.0,6.3,15.0,2.9,,53.0,13.0,22.0,151.0,94.1,QB
47.0,"Gulfport , MS",10/10/1969,Southern Mississippi,,20 Seasons,74.0,"Favre, Brett",brettfavre/2500606,222.0,1991 - 2010,2000,Green Bay Packers,16,580.0,338.0,58.3,36.2,,6.6,238.2,20.0,3.4,16.0,2.8,,41.0,7.0,33.0,236.0,78.0,QB
47.0,"Gulfport , MS",10/10/1969,Southern Mississippi,,20 Seasons,74.0,"Favre, Brett",brettfavre/2500606,222.0,1991 - 2010,1999,Green Bay Packers,16,595.0,341.0,57.3,37.2,,6.9,255.7,22.0,3.7,23.0,3.9,,52.0,11.0,35.0,223.0,74.7,QB
47.0,"Gulfport , MS",10/10/1969,Southern Mississippi,,20 Seasons,74.0,"Favre, Brett",brettfavre/2500606,222.0,1991 - 2010,1998,Green Bay Packers,16,551.0,347.0,63.0,34.4,,7.6,263.2,31.0,5.6,23.0,4.2,,47.0,9.0,38.0,223.0,87.8,QB
47.0,"Gulfport , MS",10/10/1969,Southern Mississippi,,20 Seasons,74.0,"Favre, Brett",brettfavre/2500606,222.0,1991 - 2010,1997,Green Bay Packers,16,513.0,304.0,59.3,32.1,,7.5,241.7,35.0,6.8,16.0,3.1,74.0,61.0,9.0,25.0,176.0,92.6,QB
47.0,"Gulfport , MS",10/10/1969,Southern Mississippi,,20 Seasons,74.0,"Favre, Brett",brettfavre/2500606,222.0,1991 - 2010,1996,Green Bay Packers,16,543.0,325.0,59.9,33.9,,7.2,243.7,39.0,7.2,13.0,2.4,,49.0,11.0,40.0,241.0,95.8,QB
47.0,"Gulfport , MS",10/10/1969,Southern Mississippi,,20 Seasons,74.0,"Favre, Brett",brettfavre/2500606,222.0,1991 - 2010,1995,Green Bay Packers,16,570.0,359.0,63.0,35.6,,7.7,275.8,38.0,6.7,13.0,2.3,,59.0,5.0,33.0,217.0,99.5,QB
47.0,"Gulfport , MS",10/10/1969,Southern Mississippi,,20 Seasons,74.0,"Favre, Brett",brettfavre/2500606,222.0,1991 - 2010,1994,Green Bay Packers,16,582.0,363.0,62.4,36.4,,6.7,242.6,33.0,5.7,14.0,2.4,49.0,44.0,4.0,31.0,188.0,90.7,QB
47.0,"Gulfport , MS",10/10/1969,Southern Mississippi,,20 Seasons,74.0,"Favre, Brett",brettfavre/2500606,222.0,1991 - 2010,1993,Green Bay Packers,16,522.0,318.0,60.9,32.6,,6.3,206.4,19.0,3.6,24.0,4.6,,37.0,5.0,30.0,199.0,72.2,QB
47.0,"Gulfport , MS",10/10/1969,Southern Mississippi,,20 Seasons,74.0,"Favre, Brett",brettfavre/2500606,222.0,1991 - 2010,1992,Green Bay Packers,15,471.0,302.0,64.1,31.4,,6.9,215.1,18.0,3.8,13.0,2.8,,30.0,9.0,34.0,208.0,85.3,QB
23.0,"Mesquite , TX",8/22/1993,Texas Christian,Seattle Seahawks,2nd season,72.0,"Boykin, Trevone",trevoneboykin/2556477,213.0,,2016,Seattle Seahawks,5,18.0,13.0,72.2,3.6,145.0,8.1,29.0,1.0,5.6,1.0,5.6,31.0,2.0,0.0,1.0,5.0,91.2,QB
,"Hutchinson , KS",8/15/1916,Tulsa,,9 Seasons,73.0,"Thompson, Tommy",tommythompson/2527364,192.0,1940 - 1950,1950,Philadelphia Eagles,12,239.0,107.0,44.8,19.9,,6.7,134.0,11.0,4.6,22.0,9.2,,0.0,0.0,0.0,142.0,44.4,QB
,"Hutchinson , KS",8/15/1916,Tulsa,,9 Seasons,73.0,"Thompson, Tommy",tommythompson/2527364,192.0,1940 - 1950,1949,Philadelphia Eagles,12,214.0,116.0,54.2,17.8,,8.1,143.9,16.0,7.5,11.0,5.1,,0.0,0.0,0.0,73.0,84.4,QB
,"Hutchinson , KS",8/15/1916,Tulsa,,9 Seasons,73.0,"Thompson, Tommy",tommythompson/2527364,192.0,1940 - 1950,1948,Philadelphia Eagles,12,246.0,141.0,57.3,20.5,,8.0,163.8,25.0,10.2,11.0,4.5,,0.0,0.0,0.0,74.0,98.4,QB
,"Hutchinson , KS",8/15/1916,Tulsa,,9 Seasons,73.0,"Thompson, Tommy",tommythompson/2527364,192.0,1940 - 1950,1947,Philadelphia Eagles,12,201.0,106.0,52.7,16.8,,8.4,140.0,16.0,8.0,15.0,7.5,,0.0,0.0,0.0,126.0,76.3,QB
,"Hutchinson , KS",8/15/1916,Tulsa,,9 Seasons,73.0,"Thompson, Tommy",tommythompson/2527364,192.0,1940 - 1950,1946,Philadelphia Eagles,10,103.0,57.0,55.3,10.3,745.0,7.2,74.5,6.0,5.8,9.0,8.7,,0.0,0.0,0.0,0.0,61.3,QB
,"Hutchinson , KS",8/15/1916,Tulsa,,9 Seasons,73.0,"Thompson, Tommy",tommythompson/2527364,192.0,1940 - 1950,1945,Philadelphia Eagles,8,28.0,15.0,53.6,3.5,146.0,5.2,18.2,0.0,0.0,2.0,7.1,,0.0,0.0,0.0,0.0,38.7,QB
,"Hutchinson , KS",8/15/1916,Tulsa,,9 Seasons,73.0,"Thompson, Tommy",tommythompson/2527364,192.0,1940 - 1950,1942,Philadelphia Eagles,11,203.0,95.0,46.8,18.5,,6.9,128.2,8.0,3.9,16.0,7.9,,0.0,0.0,0.0,0.0,50.3,QB
,"Hutchinson , KS",8/15/1916,Tulsa,,9 Seasons,73.0,"Thompson, Tommy",tommythompson/2527364,192.0,1940 - 1950,1941,Philadelphia Eagles,11,162.0,86.0,53.1,14.7,959.0,5.9,87.2,8.0,4.9,14.0,8.6,,0.0,0.0,0.0,0.0,51.4,QB
,"Hutchinson , KS",8/15/1916,Tulsa,,9 Seasons,73.0,"Thompson, Tommy",tommythompson/2527364,192.0,1940 - 1950,1940,Pittsburgh Pirates,11,28.0,9.0,32.1,2.5,145.0,5.2,13.2,1.0,3.6,3.0,10.7,,0.0,0.0,0.0,0.0,22.8,QB
,"Syracuse , NY",5/24/1909,N.Y.U.,,1 Season,72.0,"Tanguay, Bill",billtanguay/2527007,190.0,1933 - 1933,1933,Pittsburgh Pirates,3,17.0,5.0,29.4,5.7,101.0,5.9,33.7,1.0,5.9,5.0,29.4,,0.0,0.0,0.0,0.0,31.9,QB
75.0,"Mableton , GA",4/22/1942,Georgia,,3 Seasons,74.0,"Rakestraw, Larry",larryrakestraw/2523707,195.0,1966 - 1968,1968,Chicago Bears,7,67.0,30.0,44.8,9.6,361.0,5.4,51.6,1.0,1.5,7.0,10.4,,0.0,0.0,6.0,49.0,27.2,QB
75.0,"Mableton , GA",4/22/1942,Georgia,,3 Seasons,74.0,"Rakestraw, Larry",larryrakestraw/2523707,195.0,1966 - 1968,1967,Chicago Bears,5,44.0,21.0,47.7,8.8,228.0,5.2,45.6,3.0,6.8,2.0,4.5,,0.0,0.0,2.0,15.0,67.2,QB
,"Little Rock , AR",1/23/1916,Arkansas,,2 Seasons,74.0,"Robbins, Jack",jackrobbins/2524249,183.0,1938 - 1939,1939,Chicago Cardinals,8,85.0,36.0,42.4,10.6,499.0,5.9,62.4,4.0,4.7,10.0,11.8,,0.0,0.0,0.0,0.0,37.9,QB
,"Little Rock , AR",1/23/1916,Arkansas,,2 Seasons,74.0,"Robbins, Jack",jackrobbins/2524249,183.0,1938 - 1939,1938,Chicago Cardinals,9,97.0,52.0,53.6,10.8,577.0,5.9,64.1,2.0,2.1,9.0,9.3,,0.0,0.0,0.0,0.0,39.8,QB
,"Pen Argyl , PA",3/28/1907,Pennsylvania,,3 Seasons,70.0,"Masters, Walt",waltmasters/2520306,192.0,1936 - 1944,1943,Chicago Cardinals,7,45.0,17.0,37.8,6.4,249.0,5.5,35.6,2.0,4.4,7.0,15.6,,0.0,0.0,0.0,0.0,31.9,QB
37.0,"Greenwood , MS",8/16/1979,Arkansas State,,6 Seasons,74.0,"Lemon, Cleo",cleolemon/2504793,215.0,2004 - 2009,2007,Miami Dolphins,9,309.0,173.0,56.0,34.3,,5.7,197.0,6.0,1.9,6.0,1.9,,19.0,2.0,25.0,166.0,71.0,QB
37.0,"Greenwood , MS",8/16/1979,Arkansas State,,6 Seasons,74.0,"Lemon, Cleo",cleolemon/2504793,215.0,2004 - 2009,2006,Miami Dolphins,4,68.0,38.0,55.9,17.0,412.0,6.1,103.0,2.0,2.9,1.0,1.5,38.0,5.0,0.0,5.0,24.0,77.6,QB
44.0,"San Diego , CA",4/5/1973,Michigan State,,10 Seasons,76.0,"Banks, Tony",tonybanks/2499522,229.0,1996 - 2005,2005,Houston Texans,2,25.0,14.0,56.0,12.5,173.0,6.9,86.5,1.0,4.0,2.0,8.0,31.0,3.0,0.0,0.0,0.0,57.6,QB
44.0,"San Diego , CA",4/5/1973,Michigan State,,10 Seasons,76.0,"Banks, Tony",tonybanks/2499522,229.0,1996 - 2005,2003,Houston Texans,7,102.0,61.0,59.8,14.6,693.0,6.8,99.0,5.0,4.9,3.0,2.9,,9.0,2.0,13.0,57.0,84.3,QB
44.0,"San Diego , CA",4/5/1973,Michigan State,,10 Seasons,76.0,"Banks, Tony",tonybanks/2499522,229.0,1996 - 2005,2001,Washington Redskins,15,370.0,198.0,53.5,24.7,,6.4,159.1,10.0,2.7,10.0,2.7,,30.0,6.0,29.0,173.0,71.3,QB
44.0,"San Diego , CA",4/5/1973,Michigan State,,10 Seasons,76.0,"Banks, Tony",tonybanks/2499522,229.0,1996 - 2005,2000,Baltimore Ravens,11,274.0,150.0,54.7,24.9,,5.8,143.5,8.0,2.9,8.0,2.9,,19.0,2.0,20.0,152.0,69.3,QB
44.0,"San Diego , CA",4/5/1973,Michigan State,,10 Seasons,76.0,"Banks, Tony",tonybanks/2499522,229.0,1996 - 2005,1999,Baltimore Ravens,12,320.0,169.0,52.8,26.7,,6.7,178.0,17.0,5.3,8.0,2.5,,28.0,9.0,33.0,190.0,81.2,QB
44.0,"San Diego , CA",4/5/1973,Michigan State,,10 Seasons,76.0,"Banks, Tony",tonybanks/2499522,229.0,1996 - 2005,1998,St. Louis Rams,14,408.0,241.0,59.1,29.1,,6.2,181.1,7.0,1.7,14.0,3.4,,25.0,4.0,41.0,237.0,68.6,QB
44.0,"San Diego , CA",4/5/1973,Michigan State,,10 Seasons,76.0,"Banks, Tony",tonybanks/2499522,229.0,1996 - 2005,1997,St. Louis Rams,16,487.0,252.0,51.7,30.4,,6.7,203.4,14.0,2.9,13.0,2.7,76.0,42.0,11.0,43.0,317.0,71.5,QB
44.0,"San Diego , CA",4/5/1973,Michigan State,,10 Seasons,76.0,"Banks, Tony",tonybanks/2499522,229.0,1996 - 2005,1996,St. Louis Rams,14,368.0,192.0,52.2,26.3,,6.9,181.7,15.0,4.1,15.0,4.1,,35.0,9.0,48.0,306.0,71.0,QB
44.0,"Odessa , TX",7/7/1972,New Mexico,,6 Seasons,75.0,"Case, Stoney",stoneycase/2500026,201.0,1995 - 2000,2000,Detroit Lions,5,91.0,56.0,61.5,18.2,503.0,5.5,100.6,1.0,1.1,4.0,4.4,,3.0,1.0,12.0,75.0,61.7,QB
44.0,"Odessa , TX",7/7/1972,New Mexico,,6 Seasons,75.0,"Case, Stoney",stoneycase/2500026,201.0,1995 - 2000,1999,Baltimore Ravens,10,170.0,77.0,45.3,17.0,988.0,5.8,98.8,3.0,1.8,8.0,4.7,,15.0,3.0,17.0,116.0,50.3,QB
44.0,"Odessa , TX",7/7/1972,New Mexico,,6 Seasons,75.0,"Case, Stoney",stoneycase/2500026,201.0,1995 - 2000,1997,Arizona Cardinals,3,55.0,29.0,52.7,18.3,316.0,5.7,105.3,0.0,0.0,2.0,3.6,30.0,3.0,0.0,10.0,89.0,54.8,QB
107.0,"Berill , ID",7/8/1909,Gonzaga,,2 Seasons,69.0,"Peterson, Ike",ikepeterson/2523096,185.0,1935 - 1936,1935,Chicago Cardinals,11,17.0,5.0,29.4,1.5,92.0,5.4,8.4,1.0,5.9,3.0,17.6,,0.0,0.0,0.0,0.0,29.7,QB
38.0,"Toronto , Ontario",10/5/1978,Florida,,5 Seasons,74.0,"Palmer, Jesse",jessepalmer/2504732,219.0,2001 - 2006,2003,New York Giants,6,116.0,60.0,51.7,19.3,532.0,4.6,88.7,3.0,2.6,4.0,3.4,40.0,6.0,1.0,16.0,95.0,58.5,QB
35.0,"Lima , OH",3/2/1982,Miami (Ohio),Pittsburgh Steelers,14th season,77.0,"Roethlisberger, Ben",benroethlisberger/2506109,240.0,,2016,Pittsburgh Steelers,14,509.0,328.0,64.4,36.4,,7.5,272.8,29.0,5.7,13.0,2.6,,59.0,8.0,17.0,141.0,95.4,QB
35.0,"Lima , OH",3/2/1982,Miami (Ohio),Pittsburgh Steelers,14th season,77.0,"Roethlisberger, Ben",benroethlisberger/2506109,240.0,,2015,Pittsburgh Steelers,12,469.0,319.0,68.0,39.1,,8.4,328.2,21.0,4.5,16.0,3.4,,48.0,17.0,20.0,141.0,94.5,QB
35.0,"Lima , OH",3/2/1982,Miami (Ohio),Pittsburgh Steelers,14th season,77.0,"Roethlisberger, Ben",benroethlisberger/2506109,240.0,,2014,Pittsburgh Steelers,16,608.0,408.0,67.1,38.0,,8.1,309.5,32.0,5.3,9.0,1.5,,55.0,15.0,33.0,172.0,103.3,QB
35.0,"Lima , OH",3/2/1982,Miami (Ohio),Pittsburgh Steelers,14th season,77.0,"Roethlisberger, Ben",benroethlisberger/2506109,240.0,,2013,Pittsburgh Steelers,16,584.0,375.0,64.2,36.5,,7.3,266.3,28.0,4.8,14.0,2.4,67.0,60.0,10.0,42.0,282.0,92.0,QB
35.0,"Lima , OH",3/2/1982,Miami (Ohio),Pittsburgh Steelers,14th season,77.0,"Roethlisberger, Ben",benroethlisberger/2506109,240.0,,2012,Pittsburgh Steelers,13,449.0,284.0,63.3,34.5,,7.3,251.2,26.0,5.8,8.0,1.8,,39.0,6.0,30.0,182.0,97.0,QB
35.0,"Lima , OH",3/2/1982,Miami (Ohio),Pittsburgh Steelers,14th season,77.0,"Roethlisberger, Ben",benroethlisberger/2506109,240.0,,2011,Pittsburgh Steelers,15,513.0,324.0,63.2,34.2,,7.9,271.8,21.0,4.1,14.0,2.7,,56.0,9.0,40.0,269.0,90.1,QB
35.0,"Lima , OH",3/2/1982,Miami (Ohio),Pittsburgh Steelers,14th season,77.0,"Roethlisberger, Ben",benroethlisberger/2506109,240.0,,2010,Pittsburgh Steelers,12,389.0,240.0,61.7,32.4,,8.2,266.7,17.0,4.4,5.0,1.3,,52.0,8.0,32.0,220.0,97.0,QB
35.0,"Lima , OH",3/2/1982,Miami (Ohio),Pittsburgh Steelers,14th season,77.0,"Roethlisberger, Ben",benroethlisberger/2506109,240.0,,2009,Pittsburgh Steelers,15,506.0,337.0,66.6,33.7,,8.6,288.5,26.0,5.1,12.0,2.4,,61.0,14.0,50.0,348.0,100.5,QB
35.0,"Lima , OH",3/2/1982,Miami (Ohio),Pittsburgh Steelers,14th season,77.0,"Roethlisberger, Ben",benroethlisberger/2506109,240.0,,2008,Pittsburgh Steelers,16,469.0,281.0,59.9,29.3,,7.0,206.3,17.0,3.6,15.0,3.2,,35.0,7.0,46.0,284.0,80.1,QB
35.0,"Lima , OH",3/2/1982,Miami (Ohio),Pittsburgh Steelers,14th season,77.0,"Roethlisberger, Ben",benroethlisberger/2506109,240.0,,2007,Pittsburgh Steelers,15,404.0,264.0,65.3,26.9,,7.8,210.3,32.0,7.9,11.0,2.7,83.0,39.0,6.0,47.0,347.0,104.1,QB
35.0,"Lima , OH",3/2/1982,Miami (Ohio),Pittsburgh Steelers,14th season,77.0,"Roethlisberger, Ben",benroethlisberger/2506109,240.0,,2006,Pittsburgh Steelers,15,469.0,280.0,59.7,31.3,,7.5,234.2,18.0,3.8,23.0,4.9,,42.0,7.0,46.0,280.0,75.4,QB
35.0,"Lima , OH",3/2/1982,Miami (Ohio),Pittsburgh Steelers,14th season,77.0,"Roethlisberger, Ben",benroethlisberger/2506109,240.0,,2005,Pittsburgh Steelers,12,268.0,168.0,62.7,22.3,,8.9,198.8,17.0,6.3,9.0,3.4,,35.0,12.0,23.0,129.0,98.6,QB
35.0,"Lima , OH",3/2/1982,Miami (Ohio),Pittsburgh Steelers,14th season,77.0,"Roethlisberger, Ben",benroethlisberger/2506109,240.0,,2004,Pittsburgh Steelers,14,295.0,196.0,66.4,21.1,,8.9,187.2,17.0,5.8,11.0,3.7,58.0,43.0,7.0,30.0,213.0,98.1,QB
36.0,"New Orleans , LA",1/3/1981,Mississippi,New York Giants,14th season,76.0,"Manning, Eli",elimanning/2505996,218.0,,2016,New York Giants,16,598.0,377.0,63.0,37.4,,6.7,251.7,26.0,4.3,16.0,2.7,,46.0,11.0,21.0,142.0,86.0,QB
36.0,"New Orleans , LA",1/3/1981,Mississippi,New York Giants,14th season,76.0,"Manning, Eli",elimanning/2505996,218.0,,2015,New York Giants,16,618.0,387.0,62.6,38.6,,7.2,277.0,35.0,5.7,14.0,2.3,,52.0,16.0,27.0,157.0,93.6,QB
36.0,"New Orleans , LA",1/3/1981,Mississippi,New York Giants,14th season,76.0,"Manning, Eli",elimanning/2505996,218.0,,2014,New York Giants,16,601.0,379.0,63.1,37.6,,7.3,275.6,30.0,5.0,14.0,2.3,,52.0,10.0,28.0,187.0,92.1,QB
36.0,"New Orleans , LA",1/3/1981,Mississippi,New York Giants,14th season,76.0,"Manning, Eli",elimanning/2505996,218.0,,2013,New York Giants,16,551.0,317.0,57.5,34.4,,6.9,238.6,18.0,3.3,27.0,4.9,,54.0,7.0,39.0,281.0,69.4,QB
36.0,"New Orleans , LA",1/3/1981,Mississippi,New York Giants,14th season,76.0,"Manning, Eli",elimanning/2505996,218.0,,2012,New York Giants,16,536.0,321.0,59.9,33.5,,7.4,246.8,26.0,4.9,15.0,2.8,,50.0,10.0,19.0,136.0,87.2,QB
36.0,"New Orleans , LA",1/3/1981,Mississippi,New York Giants,14th season,76.0,"Manning, Eli",elimanning/2505996,218.0,,2011,New York Giants,16,589.0,359.0,61.0,36.8,,8.4,308.3,29.0,4.9,16.0,2.7,,67.0,18.0,28.0,199.0,92.9,QB
36.0,"New Orleans , LA",1/3/1981,Mississippi,New York Giants,14th season,76.0,"Manning, Eli",elimanning/2505996,218.0,,2010,New York Giants,16,539.0,339.0,62.9,33.7,,7.4,250.1,31.0,5.8,25.0,4.6,,57.0,7.0,16.0,117.0,85.3,QB
36.0,"New Orleans , LA",1/3/1981,Mississippi,New York Giants,14th season,76.0,"Manning, Eli",elimanning/2505996,218.0,,2009,New York Giants,16,509.0,317.0,62.3,31.8,,7.9,251.3,27.0,5.3,14.0,2.8,,60.0,12.0,30.0,216.0,93.1,QB
36.0,"New Orleans , LA",1/3/1981,Mississippi,New York Giants,14th season,76.0,"Manning, Eli",elimanning/2505996,218.0,,2008,New York Giants,16,479.0,289.0,60.3,29.9,,6.8,202.4,21.0,4.4,10.0,2.1,48.0,32.0,4.0,27.0,174.0,86.4,QB
36.0,"New Orleans , LA",1/3/1981,Mississippi,New York Giants,14th season,76.0,"Manning, Eli",elimanning/2505996,218.0,,2007,New York Giants,16,529.0,297.0,56.1,33.1,,6.3,208.5,23.0,4.3,20.0,3.8,,36.0,6.0,27.0,217.0,73.9,QB
36.0,"New Orleans , LA",1/3/1981,Mississippi,New York Giants,14th season,76.0,"Manning, Eli",elimanning/2505996,218.0,,2006,New York Giants,16,522.0,301.0,57.7,32.6,,6.2,202.8,24.0,4.6,18.0,3.4,,33.0,8.0,25.0,186.0,77.0,QB
36.0,"New Orleans , LA",1/3/1981,Mississippi,New York Giants,14th season,76.0,"Manning, Eli",elimanning/2505996,218.0,,2005,New York Giants,16,557.0,294.0,52.8,34.8,,6.8,235.1,24.0,4.3,17.0,3.1,,49.0,8.0,28.0,184.0,75.9,QB
36.0,"New Orleans , LA",1/3/1981,Mississippi,New York Giants,14th season,76.0,"Manning, Eli",elimanning/2505996,218.0,,2004,New York Giants,9,197.0,95.0,48.2,21.9,,5.3,115.9,6.0,3.0,9.0,4.6,52.0,11.0,4.0,13.0,83.0,55.4,QB
83.0,"Dallas , TX",7/25/1933,Southern Methodist,,7 Seasons,76.0,"Roach, John",johnroach/2524235,197.0,1956 - 1964,1964,Dallas Cowboys,9,68.0,32.0,47.1,7.6,349.0,5.1,38.8,1.0,1.5,6.0,8.8,,0.0,0.0,10.0,87.0,30.8,QB
83.0,"Dallas , TX",7/25/1933,Southern Methodist,,7 Seasons,76.0,"Roach, John",johnroach/2524235,197.0,1956 - 1964,1963,Green Bay Packers,8,84.0,38.0,45.2,10.5,620.0,7.4,77.5,4.0,4.8,8.0,9.5,,0.0,0.0,7.0,53.0,46.8,QB
83.0,"Dallas , TX",7/25/1933,Southern Methodist,,7 Seasons,76.0,"Roach, John",johnroach/2524235,197.0,1956 - 1964,1960,St. Louis Cardinals,12,188.0,87.0,46.3,15.7,,7.6,118.6,17.0,9.0,19.0,10.1,,0.0,0.0,0.0,159.0,62.7,QB
83.0,"Dallas , TX",7/25/1933,Southern Methodist,,7 Seasons,76.0,"Roach, John",johnroach/2524235,197.0,1956 - 1964,1959,Chicago Cardinals,12,57.0,22.0,38.6,4.8,340.0,6.0,28.3,2.0,3.5,4.0,7.0,,0.0,0.0,0.0,9.0,41.6,QB
,"Stratton , NE",12/11/1910,Nebraska,,3 Seasons,74.0,"Sauer, George",georgesauer/2524937,208.0,1935 - 1937,1935,Green Bay Packers,9,21.0,9.0,42.9,2.3,177.0,8.4,19.7,1.0,4.8,5.0,23.8,,0.0,0.0,0.0,0.0,49.2,QB
62.0,"Pasadena , TX",6/29/1954,Arkansas,,3 Seasons,73.0,"Kirkland, Mike",mikekirkland/2518558,195.0,1976 - 1978,1978,Baltimore Colts,16,41.0,19.0,46.3,2.6,211.0,5.1,13.2,1.0,2.4,8.0,19.5,34.0,0.0,0.0,11.0,78.0,30.7,QB
48.0,"Baton Rouge , LA",2/7/1969,Texas A&M,,3 Seasons,73.0,"Richardson, Bucky",buckyrichardson/2502648,228.0,1992 - 1994,1994,Houston Oilers,7,181.0,94.0,51.9,25.9,,6.6,171.7,6.0,3.3,6.0,3.3,,10.0,3.0,23.0,136.0,70.3,QB
,"Tulsa , OK",6/15/1905,Oregon,,2 Seasons,72.0,"Lillard, Joe",joelillard/2519507,185.0,1932 - 1933,1933,Chicago Cardinals,11,67.0,18.0,26.9,6.1,269.0,4.0,24.5,2.0,3.0,16.0,23.9,,0.0,0.0,0.0,0.0,14.2,QB
,"Tulsa , OK",6/15/1905,Oregon,,2 Seasons,72.0,"Lillard, Joe",joelillard/2519507,185.0,1932 - 1933,1932,Chicago Cardinals,7,28.0,9.0,32.1,4.0,103.0,3.7,14.7,0.0,0.0,3.0,10.7,,0.0,0.0,0.0,0.0,4.6,QB
,"Oakland , CA",4/7/1911,St. Mary's (CA),,2 Seasons,72.0,"Mattos, Harry",harrymattos/2520377,198.0,1936 - 1937,1937,Cleveland Rams,6,22.0,5.0,22.7,3.7,94.0,4.3,15.7,1.0,4.5,4.0,18.2,,0.0,0.0,0.0,0.0,20.5,QB
66.0,"Rushford , MN",8/1/1950,Iowa State,,3 Seasons,75.0,"Carlson, Dean",deancarlson/2511074,210.0,1972 - 1974,1974,Kansas City Chiefs,1,15.0,7.0,46.7,15.0,116.0,7.7,116.0,0.0,0.0,1.0,6.7,,0.0,0.0,2.0,13.0,45.4,QB
,"Lawerence , MA",4/10/1919,St. Louis,,1 Season,71.0,"Weber, Dick",dickweber/2528428,195.0,1945 - 1945,1945,Detroit Lions,3,22.0,6.0,27.3,7.3,70.0,3.2,23.3,0.0,0.0,5.0,22.7,,0.0,0.0,0.0,0.0,0.8,QB
41.0,"New Orleans , LA",3/24/1976,Tennessee,,18 Seasons,77.0,"Manning, Peyton",peytonmanning/2501863,230.0,1998 - 2015,2015,Denver Broncos,10,331.0,198.0,59.8,33.1,,6.8,224.9,9.0,2.7,17.0,5.1,,24.0,7.0,16.0,95.0,67.9,QB
41.0,"New Orleans , LA",3/24/1976,Tennessee,,18 Seasons,77.0,"Manning, Peyton",peytonmanning/2501863,230.0,1998 - 2015,2014,Denver Broncos,16,597.0,395.0,66.2,37.3,,7.9,295.4,39.0,6.5,15.0,2.5,,66.0,11.0,17.0,118.0,101.5,QB
41.0,"New Orleans , LA",3/24/1976,Tennessee,,18 Seasons,77.0,"Manning, Peyton",peytonmanning/2501863,230.0,1998 - 2015,2013,Denver Broncos,16,659.0,450.0,68.3,41.2,,8.3,342.3,55.0,8.3,10.0,1.5,,68.0,13.0,18.0,120.0,115.1,QB
41.0,"New Orleans , LA",3/24/1976,Tennessee,,18 Seasons,77.0,"Manning, Peyton",peytonmanning/2501863,230.0,1998 - 2015,2012,Denver Broncos,16,583.0,400.0,68.6,36.4,,8.0,291.2,37.0,6.3,11.0,1.9,,64.0,7.0,21.0,137.0,105.8,QB
41.0,"New Orleans , LA",3/24/1976,Tennessee,,18 Seasons,77.0,"Manning, Peyton",peytonmanning/2501863,230.0,1998 - 2015,2010,Indianapolis Colts,16,679.0,450.0,66.3,42.4,,6.9,293.8,33.0,4.9,17.0,2.5,,43.0,9.0,16.0,91.0,91.9,QB
41.0,"New Orleans , LA",3/24/1976,Tennessee,,18 Seasons,77.0,"Manning, Peyton",peytonmanning/2501863,230.0,1998 - 2015,2009,Indianapolis Colts,16,571.0,393.0,68.8,35.7,,7.9,281.2,33.0,5.8,16.0,2.8,,59.0,8.0,10.0,74.0,99.9,QB
41.0,"New Orleans , LA",3/24/1976,Tennessee,,18 Seasons,77.0,"Manning, Peyton",peytonmanning/2501863,230.0,1998 - 2015,2008,Indianapolis Colts,16,555.0,371.0,66.8,34.7,,7.2,250.1,27.0,4.9,12.0,2.2,75.0,40.0,7.0,14.0,86.0,95.0,QB
41.0,"New Orleans , LA",3/24/1976,Tennessee,,18 Seasons,77.0,"Manning, Peyton",peytonmanning/2501863,230.0,1998 - 2015,2007,Indianapolis Colts,16,515.0,337.0,65.4,32.2,,7.8,252.5,31.0,6.0,14.0,2.7,,53.0,9.0,21.0,124.0,98.0,QB
41.0,"New Orleans , LA",3/24/1976,Tennessee,,18 Seasons,77.0,"Manning, Peyton",peytonmanning/2501863,230.0,1998 - 2015,2006,Indianapolis Colts,16,557.0,362.0,65.0,34.8,,7.9,274.8,31.0,5.6,9.0,1.6,,53.0,7.0,14.0,86.0,101.0,QB
41.0,"New Orleans , LA",3/24/1976,Tennessee,,18 Seasons,77.0,"Manning, Peyton",peytonmanning/2501863,230.0,1998 - 2015,2005,Indianapolis Colts,16,453.0,305.0,67.3,28.3,,8.3,234.2,28.0,6.2,10.0,2.2,,45.0,6.0,17.0,81.0,104.1,QB
41.0,"New Orleans , LA",3/24/1976,Tennessee,,18 Seasons,77.0,"Manning, Peyton",peytonmanning/2501863,230.0,1998 - 2015,2004,Indianapolis Colts,16,497.0,336.0,67.6,31.1,,9.2,284.8,49.0,9.9,10.0,2.0,,68.0,13.0,13.0,101.0,121.1,QB
41.0,"New Orleans , LA",3/24/1976,Tennessee,,18 Seasons,77.0,"Manning, Peyton",peytonmanning/2501863,230.0,1998 - 2015,2003,Indianapolis Colts,16,566.0,379.0,67.0,35.4,,7.5,266.7,29.0,5.1,10.0,1.8,,45.0,9.0,18.0,107.0,99.0,QB
41.0,"New Orleans , LA",3/24/1976,Tennessee,,18 Seasons,77.0,"Manning, Peyton",peytonmanning/2501863,230.0,1998 - 2015,2002,Indianapolis Colts,16,591.0,392.0,66.3,36.9,,7.1,262.5,27.0,4.6,19.0,3.2,69.0,51.0,11.0,23.0,145.0,88.8,QB
41.0,"New Orleans , LA",3/24/1976,Tennessee,,18 Seasons,77.0,"Manning, Peyton",peytonmanning/2501863,230.0,1998 - 2015,2001,Indianapolis Colts,16,547.0,343.0,62.7,34.2,,7.6,258.2,26.0,4.8,23.0,4.2,,55.0,11.0,29.0,232.0,84.1,QB
41.0,"New Orleans , LA",3/24/1976,Tennessee,,18 Seasons,77.0,"Manning, Peyton",peytonmanning/2501863,230.0,1998 - 2015,2000,Indianapolis Colts,16,571.0,357.0,62.5,35.7,,7.7,275.8,33.0,5.8,15.0,2.6,,51.0,8.0,20.0,131.0,94.7,QB
41.0,"New Orleans , LA",3/24/1976,Tennessee,,18 Seasons,77.0,"Manning, Peyton",peytonmanning/2501863,230.0,1998 - 2015,1999,Indianapolis Colts,16,533.0,331.0,62.1,33.3,,7.8,258.4,26.0,4.9,15.0,2.8,,56.0,11.0,14.0,116.0,90.7,QB
41.0,"New Orleans , LA",3/24/1976,Tennessee,,18 Seasons,77.0,"Manning, Peyton",peytonmanning/2501863,230.0,1998 - 2015,1998,Indianapolis Colts,16,575.0,326.0,56.7,35.9,,6.5,233.7,26.0,4.5,28.0,4.9,,42.0,8.0,22.0,109.0,71.2,QB
69.0,"Marietta , TX",6/26/1947,Texas A&M,,5 Seasons,71.0,"Hargett, Edd",eddhargett/2515836,185.0,1969 - 1973,1971,New Orleans Saints,14,210.0,96.0,45.7,15.0,,5.7,85.1,6.0,2.9,5.0,2.4,,0.0,0.0,10.0,68.0,63.4,QB
69.0,"Marietta , TX",6/26/1947,Texas A&M,,5 Seasons,71.0,"Hargett, Edd",eddhargett/2515836,185.0,1969 - 1973,1970,New Orleans Saints,10,175.0,78.0,44.6,17.5,,6.5,113.3,5.0,2.9,5.0,2.9,,0.0,0.0,9.0,77.0,63.8,QB
69.0,"Marietta , TX",6/26/1947,Texas A&M,,5 Seasons,71.0,"Hargett, Edd",eddhargett/2515836,185.0,1969 - 1973,1969,New Orleans Saints,6,52.0,31.0,59.6,8.7,403.0,7.8,67.2,0.0,0.0,0.0,0.0,,0.0,0.0,3.0,18.0,84.1,QB
,"Boston , MA",7/3/1903,Georgetown,,6 Seasons,69.0,"Hagerty, Jack",jackhagerty/2515572,164.0,1926 - 1932,1932,New York Giants,4,32.0,17.0,53.1,8.0,158.0,4.9,39.5,2.0,6.3,2.0,6.3,,0.0,0.0,0.0,0.0,61.7,QB
,"Philadelphia , PA",8/9/1916,St. Francis (PA),,1 Season,68.0,"McCarthy, John",johnmccarthy/2520527,155.0,1944 - 1944,1944,Card-Pitt Combine,7,67.0,20.0,29.9,9.6,250.0,3.7,35.7,0.0,0.0,13.0,19.4,,0.0,0.0,0.0,0.0,3.0,QB
55.0,"Fayetteville , NC",2/15/1962,Iowa State,,8 Seasons,74.0,"Archer, David",davidarcher/2499447,200.0,1984 - 1992,1987,Atlanta Falcons,9,23.0,9.0,39.1,2.6,95.0,4.1,10.6,0.0,0.0,2.0,8.7,33.0,0.0,0.0,3.0,24.0,15.7,QB
55.0,"Fayetteville , NC",2/15/1962,Iowa State,,8 Seasons,74.0,"Archer, David",davidarcher/2499447,200.0,1984 - 1992,1986,Atlanta Falcons,11,294.0,150.0,51.0,26.7,,6.8,182.5,10.0,3.4,9.0,3.1,65.0,0.0,0.0,34.0,249.0,71.6,QB
55.0,"Fayetteville , NC",2/15/1962,Iowa State,,8 Seasons,74.0,"Archer, David",davidarcher/2499447,200.0,1984 - 1992,1985,Atlanta Falcons,16,312.0,161.0,51.6,19.5,,6.4,124.5,7.0,2.2,17.0,5.4,,0.0,0.0,43.0,312.0,56.5,QB
55.0,"Fayetteville , NC",2/15/1962,Iowa State,,8 Seasons,74.0,"Archer, David",davidarcher/2499447,200.0,1984 - 1992,1984,Atlanta Falcons,2,18.0,11.0,61.1,9.0,181.0,10.1,90.5,1.0,5.6,1.0,5.6,34.0,0.0,0.0,7.0,45.0,90.3,QB
,"Fort Bragg , CA",6/1/1927,California,,2 Seasons,70.0,"Celeri, Bob",bobceleri/2511304,180.0,1951 - 1952,1952,Dallas Texans,8,75.0,31.0,41.3,9.4,490.0,6.5,61.2,3.0,4.0,3.0,4.0,,0.0,0.0,0.0,188.0,60.4,QB
,"Fort Bragg , CA",6/1/1927,California,,2 Seasons,70.0,"Celeri, Bob",bobceleri/2511304,180.0,1951 - 1952,1951,New York Yanks,11,238.0,102.0,42.9,21.6,,7.6,163.4,12.0,5.0,15.0,6.3,,0.0,0.0,0.0,171.0,59.8,QB
57.0,"Sonora , PA",12/31/1959,Georgia Tech,,1 Season,75.0,"Kelley, Mike",mikekelley/2518271,195.0,1987 - 1987,1987,San Diego Chargers,3,29.0,17.0,58.6,9.7,305.0,10.5,101.7,1.0,3.4,0.0,0.0,67.0,0.0,0.0,1.0,7.0,106.2,QB
51.0,"Dallas , TX",2/7/1966,Texas Tech,,11 Seasons,73.0,"Tolliver, Billy Joe",billyjoetolliver/2503371,217.0,1989 - 2000,1999,New Orleans Saints,10,268.0,139.0,51.9,26.8,,7.1,191.6,7.0,2.6,16.0,6.0,57.0,31.0,6.0,19.0,152.0,58.9,QB
51.0,"Dallas , TX",2/7/1966,Texas Tech,,11 Seasons,73.0,"Tolliver, Billy Joe",billyjoetolliver/2503371,217.0,1989 - 2000,1998,New Orleans Saints,7,199.0,110.0,55.3,28.4,,7.2,203.9,8.0,4.0,4.0,2.0,,16.0,6.0,11.0,88.0,83.1,QB
51.0,"Dallas , TX",2/7/1966,Texas Tech,,11 Seasons,73.0,"Tolliver, Billy Joe",billyjoetolliver/2503371,217.0,1989 - 2000,1997,Atlanta Falcons,6,115.0,63.0,54.8,19.2,685.0,6.0,114.2,5.0,4.3,1.0,0.9,,5.0,1.0,14.0,104.0,83.4,QB
51.0,"Dallas , TX",2/7/1966,Texas Tech,,11 Seasons,73.0,"Tolliver, Billy Joe",billyjoetolliver/2503371,217.0,1989 - 2000,1994,Houston Oilers,10,240.0,121.0,50.4,24.0,,5.4,128.7,6.0,2.5,7.0,2.9,44.0,14.0,2.0,27.0,166.0,62.6,QB
51.0,"Dallas , TX",2/7/1966,Texas Tech,,11 Seasons,73.0,"Tolliver, Billy Joe",billyjoetolliver/2503371,217.0,1989 - 2000,1993,Atlanta Falcons,7,76.0,39.0,51.3,10.9,464.0,6.1,66.3,3.0,3.9,5.0,6.6,,5.0,1.0,3.0,15.0,56.0,QB
51.0,"Dallas , TX",2/7/1966,Texas Tech,,11 Seasons,73.0,"Tolliver, Billy Joe",billyjoetolliver/2503371,217.0,1989 - 2000,1992,Atlanta Falcons,9,131.0,73.0,55.7,14.6,787.0,6.0,87.4,5.0,3.8,5.0,3.8,,8.0,0.0,16.0,98.0,70.4,QB
51.0,"Dallas , TX",2/7/1966,Texas Tech,,11 Seasons,73.0,"Tolliver, Billy Joe",billyjoetolliver/2503371,217.0,1989 - 2000,1991,Atlanta Falcons,7,82.0,40.0,48.8,11.7,531.0,6.5,75.9,4.0,4.9,2.0,2.4,,6.0,2.0,7.0,29.0,75.8,QB
51.0,"Dallas , TX",2/7/1966,Texas Tech,,11 Seasons,73.0,"Tolliver, Billy Joe",billyjoetolliver/2503371,217.0,1989 - 2000,1990,San Diego Chargers,15,410.0,216.0,52.7,27.3,,6.3,171.6,16.0,3.9,16.0,3.9,,0.0,0.0,19.0,150.0,68.9,QB
51.0,"Dallas , TX",2/7/1966,Texas Tech,,11 Seasons,73.0,"Tolliver, Billy Joe",billyjoetolliver/2503371,217.0,1989 - 2000,1989,San Diego Chargers,5,185.0,89.0,48.1,37.0,,5.9,219.4,5.0,2.7,8.0,4.3,49.0,0.0,0.0,9.0,75.0,57.9,QB
64.0,"Kingston , PA",7/2/1952,New Mexico State,,8 Seasons,76.0,"Pisarcik, Joe",joepisarcik/2523269,220.0,1977 - 1984,1984,Philadelphia Eagles,7,176.0,96.0,54.5,25.1,,5.9,148.0,3.0,1.7,3.0,1.7,40.0,0.0,0.0,25.0,183.0,70.6,QB
64.0,"Kingston , PA",7/2/1952,New Mexico State,,8 Seasons,76.0,"Pisarcik, Joe",joepisarcik/2523269,220.0,1977 - 1984,1983,Philadelphia Eagles,5,34.0,16.0,47.1,6.8,172.0,5.1,34.4,1.0,2.9,0.0,0.0,33.0,0.0,0.0,4.0,30.0,72.2,QB
64.0,"Kingston , PA",7/2/1952,New Mexico State,,8 Seasons,76.0,"Pisarcik, Joe",joepisarcik/2523269,220.0,1977 - 1984,1981,Philadelphia Eagles,7,15.0,8.0,53.3,2.1,154.0,10.3,22.0,2.0,13.3,2.0,13.3,,0.0,0.0,1.0,8.0,89.3,QB
64.0,"Kingston , PA",7/2/1952,New Mexico State,,8 Seasons,76.0,"Pisarcik, Joe",joepisarcik/2523269,220.0,1977 - 1984,1980,Philadelphia Eagles,9,22.0,15.0,68.2,2.4,187.0,8.5,20.8,0.0,0.0,0.0,0.0,46.0,0.0,0.0,5.0,34.0,94.3,QB
64.0,"Kingston , PA",7/2/1952,New Mexico State,,8 Seasons,76.0,"Pisarcik, Joe",joepisarcik/2523269,220.0,1977 - 1984,1979,New York Giants,4,108.0,43.0,39.8,27.0,537.0,5.0,134.2,2.0,1.9,6.0,5.6,48.0,0.0,0.0,17.0,123.0,39.0,QB
64.0,"Kingston , PA",7/2/1952,New Mexico State,,8 Seasons,76.0,"Pisarcik, Joe",joepisarcik/2523269,220.0,1977 - 1984,1978,New York Giants,15,301.0,143.0,47.5,20.1,,7.0,139.7,12.0,4.0,23.0,7.6,,0.0,0.0,28.0,205.0,52.1,QB
64.0,"Kingston , PA",7/2/1952,New Mexico State,,8 Seasons,76.0,"Pisarcik, Joe",joepisarcik/2523269,220.0,1977 - 1984,1977,New York Giants,13,241.0,103.0,42.7,18.5,,5.6,103.5,4.0,1.7,14.0,5.8,82.0,0.0,0.0,32.0,262.0,42.3,QB
52.0,"West Branch , MI",12/9/1964,Michigan Tech,,1 Season,75.0,"Walter, Dave",davewalter/2528179,230.0,1987 - 1987,1987,Cincinnati Bengals,3,21.0,10.0,47.6,7.0,113.0,5.4,37.7,0.0,0.0,0.0,0.0,35.0,0.0,0.0,2.0,15.0,64.2,QB
27.0,"Virginia Beach , VA",3/19/1990,Florida State,Oakland Raiders,5th season,76.0,"Manuel, EJ",ejmanuel/2539228,237.0,,2016,Buffalo Bills,6,26.0,11.0,42.3,4.3,131.0,5.0,21.8,0.0,0.0,0.0,0.0,35.0,1.0,0.0,3.0,20.0,58.3,QB
27.0,"Virginia Beach , VA",3/19/1990,Florida State,Oakland Raiders,5th season,76.0,"Manuel, EJ",ejmanuel/2539228,237.0,,2015,Buffalo Bills,7,84.0,52.0,61.9,12.0,561.0,6.7,80.1,3.0,3.6,3.0,3.6,,6.0,1.0,6.0,45.0,78.5,QB
27.0,"Virginia Beach , VA",3/19/1990,Florida State,Oakland Raiders,5th season,76.0,"Manuel, EJ",ejmanuel/2539228,237.0,,2014,Buffalo Bills,5,131.0,76.0,58.0,26.2,838.0,6.4,167.6,5.0,3.8,3.0,2.3,,13.0,1.0,6.0,44.0,80.3,QB
27.0,"Virginia Beach , VA",3/19/1990,Florida State,Oakland Raiders,5th season,76.0,"Manuel, EJ",ejmanuel/2539228,237.0,,2013,Buffalo Bills,10,306.0,180.0,58.8,30.6,,6.4,197.2,11.0,3.6,9.0,2.9,45.0,28.0,4.0,28.0,159.0,77.7,QB
,"Franklin , TX",9/3/1921,Texas A&M-Commerce,,2 Seasons,71.0,"Johnson, Cecil",ceciljohnson/2517584,197.0,1943 - 1944,1944,Brooklyn Tigers,7,25.0,10.0,40.0,3.6,193.0,7.7,27.6,2.0,8.0,4.0,16.0,,0.0,0.0,0.0,0.0,54.7,QB
55.0,"Gladewater , TX",3/2/1962,Texas A&M-Commerce,,4 Seasons,75.0,"Mackey, Kyle",kylemackey/2519921,220.0,1984 - 1989,1989,New York Jets,4,25.0,11.0,44.0,6.2,125.0,5.0,31.2,0.0,0.0,1.0,4.0,22.0,0.0,0.0,3.0,18.0,42.9,QB
55.0,"Gladewater , TX",3/2/1962,Texas A&M-Commerce,,4 Seasons,75.0,"Mackey, Kyle",kylemackey/2519921,220.0,1984 - 1989,1987,Miami Dolphins,3,109.0,57.0,52.3,36.3,604.0,5.5,201.3,3.0,2.8,5.0,4.6,30.0,0.0,0.0,4.0,24.0,58.8,QB
,"Temple , TX",3/17/1914,Texas Christian,,16 Seasons,74.0,"Baugh, Sammy",sammybaugh/2509183,182.0,1937 - 1952,1952,Washington Redskins,7,33.0,20.0,60.6,4.7,152.0,4.6,21.7,2.0,6.1,1.0,3.0,,0.0,0.0,0.0,14.0,79.4,QB
,"Temple , TX",3/17/1914,Texas Christian,,16 Seasons,74.0,"Baugh, Sammy",sammybaugh/2509183,182.0,1937 - 1952,1951,Washington Redskins,12,154.0,67.0,43.5,12.8,,7.2,92.0,7.0,4.5,17.0,11.0,,0.0,0.0,0.0,45.0,43.8,QB
,"Temple , TX",3/17/1914,Texas Christian,,16 Seasons,74.0,"Baugh, Sammy",sammybaugh/2509183,182.0,1937 - 1952,1950,Washington Redskins,11,166.0,90.0,54.2,15.1,,6.8,102.7,10.0,6.0,11.0,6.6,,0.0,0.0,0.0,55.0,68.1,QB
,"Temple , TX",3/17/1914,Texas Christian,,16 Seasons,74.0,"Baugh, Sammy",sammybaugh/2509183,182.0,1937 - 1952,1949,Washington Redskins,12,255.0,145.0,56.9,21.2,,7.5,158.6,18.0,7.1,14.0,5.5,,0.0,0.0,0.0,85.0,81.2,QB
,"Temple , TX",3/17/1914,Texas Christian,,16 Seasons,74.0,"Baugh, Sammy",sammybaugh/2509183,182.0,1937 - 1952,1948,Washington Redskins,12,315.0,185.0,58.7,26.2,,8.3,216.6,22.0,7.0,23.0,7.3,,0.0,0.0,0.0,69.0,78.3,QB
,"Temple , TX",3/17/1914,Texas Christian,,16 Seasons,74.0,"Baugh, Sammy",sammybaugh/2509183,182.0,1937 - 1952,1947,Washington Redskins,12,354.0,210.0,59.3,29.5,,8.3,244.8,25.0,7.1,15.0,4.2,,0.0,0.0,0.0,153.0,92.0,QB
,"Temple , TX",3/17/1914,Texas Christian,,16 Seasons,74.0,"Baugh, Sammy",sammybaugh/2509183,182.0,1937 - 1952,1946,Washington Redskins,11,161.0,87.0,54.0,14.6,,7.2,105.7,8.0,5.0,17.0,10.6,,0.0,0.0,0.0,0.0,54.2,QB
,"Temple , TX",3/17/1914,Texas Christian,,16 Seasons,74.0,"Baugh, Sammy",sammybaugh/2509183,182.0,1937 - 1952,1945,Washington Redskins,8,182.0,128.0,70.3,22.8,,9.2,208.6,11.0,6.0,4.0,2.2,,0.0,0.0,0.0,0.0,109.9,QB
,"Temple , TX",3/17/1914,Texas Christian,,16 Seasons,74.0,"Baugh, Sammy",sammybaugh/2509183,182.0,1937 - 1952,1944,Washington Redskins,8,146.0,82.0,56.2,18.2,849.0,5.8,106.1,4.0,2.7,8.0,5.5,,0.0,0.0,0.0,0.0,59.4,QB
,"Temple , TX",3/17/1914,Texas Christian,,16 Seasons,74.0,"Baugh, Sammy",sammybaugh/2509183,182.0,1937 - 1952,1943,Washington Redskins,10,239.0,133.0,55.6,23.9,,7.3,175.4,23.0,9.6,19.0,7.9,,0.0,0.0,0.0,0.0,78.0,QB
,"Temple , TX",3/17/1914,Texas Christian,,16 Seasons,74.0,"Baugh, Sammy",sammybaugh/2509183,182.0,1937 - 1952,1942,Washington Redskins,11,225.0,132.0,58.7,20.5,,6.8,138.5,16.0,7.1,11.0,4.9,,0.0,0.0,0.0,0.0,82.5,QB
,"Temple , TX",3/17/1914,Texas Christian,,16 Seasons,74.0,"Baugh, Sammy",sammybaugh/2509183,182.0,1937 - 1952,1941,Washington Redskins,11,193.0,106.0,54.9,17.5,,6.4,112.4,10.0,5.2,19.0,9.8,,0.0,0.0,0.0,0.0,52.2,QB
,"Temple , TX",3/17/1914,Texas Christian,,16 Seasons,74.0,"Baugh, Sammy",sammybaugh/2509183,182.0,1937 - 1952,1940,Washington Redskins,11,177.0,111.0,62.7,16.1,,7.7,124.3,12.0,6.8,10.0,5.6,,0.0,0.0,0.0,0.0,85.6,QB
,"Temple , TX",3/17/1914,Texas Christian,,16 Seasons,74.0,"Baugh, Sammy",sammybaugh/2509183,182.0,1937 - 1952,1939,Washington Redskins,9,96.0,53.0,55.2,10.7,518.0,5.4,57.6,6.0,6.3,9.0,9.4,,0.0,0.0,0.0,0.0,52.3,QB
,"Temple , TX",3/17/1914,Texas Christian,,16 Seasons,74.0,"Baugh, Sammy",sammybaugh/2509183,182.0,1937 - 1952,1938,Washington Redskins,9,128.0,63.0,49.2,14.2,853.0,6.7,94.8,5.0,3.9,11.0,8.6,,0.0,0.0,0.0,0.0,48.1,QB
,"Temple , TX",3/17/1914,Texas Christian,,16 Seasons,74.0,"Baugh, Sammy",sammybaugh/2509183,182.0,1937 - 1952,1937,Washington Redskins,11,171.0,81.0,47.4,15.5,,6.6,102.5,8.0,4.7,14.0,8.2,,0.0,0.0,0.0,0.0,50.5,QB
28.0,"Lubbock , TX",7/27/1988,Texas A&M,Miami Dolphins,6th season,76.0,"Tannehill, Ryan",ryantannehill/2532956,216.0,,2016,Miami Dolphins,13,389.0,261.0,67.1,29.9,,7.7,230.4,19.0,4.9,12.0,3.1,,37.0,11.0,29.0,216.0,93.5,QB
28.0,"Lubbock , TX",7/27/1988,Texas A&M,Miami Dolphins,6th season,76.0,"Tannehill, Ryan",ryantannehill/2532956,216.0,,2015,Miami Dolphins,16,586.0,363.0,61.9,36.6,,7.2,263.0,24.0,4.1,12.0,2.0,,57.0,13.0,45.0,420.0,88.7,QB
28.0,"Lubbock , TX",7/27/1988,Texas A&M,Miami Dolphins,6th season,76.0,"Tannehill, Ryan",ryantannehill/2532956,216.0,,2014,Miami Dolphins,16,590.0,392.0,66.4,36.9,,6.9,252.8,27.0,4.6,12.0,2.0,50.0,41.0,4.0,46.0,337.0,92.8,QB
28.0,"Lubbock , TX",7/27/1988,Texas A&M,Miami Dolphins,6th season,76.0,"Tannehill, Ryan",ryantannehill/2532956,216.0,,2013,Miami Dolphins,16,588.0,355.0,60.4,36.8,,6.7,244.6,24.0,4.1,17.0,2.9,67.0,46.0,10.0,58.0,399.0,81.7,QB
28.0,"Lubbock , TX",7/27/1988,Texas A&M,Miami Dolphins,6th season,76.0,"Tannehill, Ryan",ryantannehill/2532956,216.0,,2012,Miami Dolphins,16,484.0,282.0,58.3,30.2,,6.8,205.9,12.0,2.5,13.0,2.7,,40.0,3.0,35.0,234.0,76.1,QB
47.0,"Gilroy , CA",2/24/1970,San Jose State,,12 Seasons,73.0,"Garcia, Jeff",jeffgarcia/2500758,205.0,1999 - 2011,2008,Tampa Bay Buccaneers,12,376.0,244.0,64.9,31.3,,7.2,226.0,12.0,3.2,6.0,1.6,,33.0,5.0,23.0,100.0,90.2,QB
47.0,"Gilroy , CA",2/24/1970,San Jose State,,12 Seasons,73.0,"Garcia, Jeff",jeffgarcia/2500758,205.0,1999 - 2011,2007,Tampa Bay Buccaneers,13,327.0,209.0,63.9,25.2,,7.5,187.7,13.0,4.0,4.0,1.2,,29.0,8.0,19.0,104.0,94.6,QB
47.0,"Gilroy , CA",2/24/1970,San Jose State,,12 Seasons,73.0,"Garcia, Jeff",jeffgarcia/2500758,205.0,1999 - 2011,2006,Philadelphia Eagles,8,188.0,116.0,61.7,23.5,,7.0,163.6,10.0,5.3,2.0,1.1,65.0,16.0,4.0,6.0,40.0,95.8,QB
47.0,"Gilroy , CA",2/24/1970,San Jose State,,12 Seasons,73.0,"Garcia, Jeff",jeffgarcia/2500758,205.0,1999 - 2011,2005,Detroit Lions,6,173.0,102.0,59.0,28.8,937.0,5.4,156.2,3.0,1.7,6.0,3.5,49.0,11.0,2.0,6.0,34.0,65.1,QB
47.0,"Gilroy , CA",2/24/1970,San Jose State,,12 Seasons,73.0,"Garcia, Jeff",jeffgarcia/2500758,205.0,1999 - 2011,2004,Cleveland Browns,11,252.0,144.0,57.1,22.9,,6.9,157.4,10.0,4.0,9.0,3.6,,18.0,8.0,24.0,99.0,76.7,QB
47.0,"Gilroy , CA",2/24/1970,San Jose State,,12 Seasons,73.0,"Garcia, Jeff",jeffgarcia/2500758,205.0,1999 - 2011,2003,San Francisco 49ers,13,392.0,225.0,57.4,30.2,,6.9,208.0,18.0,4.6,13.0,3.3,,35.0,6.0,21.0,104.0,80.1,QB
47.0,"Gilroy , CA",2/24/1970,San Jose State,,12 Seasons,73.0,"Garcia, Jeff",jeffgarcia/2500758,205.0,1999 - 2011,2002,San Francisco 49ers,16,528.0,328.0,62.1,33.0,,6.3,209.0,21.0,4.0,10.0,1.9,,31.0,7.0,17.0,93.0,85.6,QB
47.0,"Gilroy , CA",2/24/1970,San Jose State,,12 Seasons,73.0,"Garcia, Jeff",jeffgarcia/2500758,205.0,1999 - 2011,2001,San Francisco 49ers,16,504.0,316.0,62.7,31.5,,7.0,221.1,32.0,6.3,12.0,2.4,,40.0,10.0,26.0,114.0,94.8,QB
47.0,"Gilroy , CA",2/24/1970,San Jose State,,12 Seasons,73.0,"Garcia, Jeff",jeffgarcia/2500758,205.0,1999 - 2011,2000,San Francisco 49ers,16,561.0,355.0,63.3,35.1,,7.6,267.4,31.0,5.5,10.0,1.8,,59.0,9.0,24.0,155.0,97.6,QB
47.0,"Gilroy , CA",2/24/1970,San Jose State,,12 Seasons,73.0,"Garcia, Jeff",jeffgarcia/2500758,205.0,1999 - 2011,1999,San Francisco 49ers,13,375.0,225.0,60.0,28.8,,6.8,195.7,11.0,2.9,11.0,2.9,62.0,28.0,7.0,15.0,104.0,77.9,QB
91.0,"Philadelphia , PA",7/8/1925,Nevada,,6 Seasons,71.0,"Mackrides, Bill",billmackrides/2519927,182.0,1947 - 1953,1953,Pittsburgh Steelers,4,94.0,48.0,51.1,23.5,453.0,4.8,113.2,1.0,1.1,5.0,5.3,,0.0,0.0,0.0,27.0,46.1,QB
91.0,"Philadelphia , PA",7/8/1925,Nevada,,6 Seasons,71.0,"Mackrides, Bill",billmackrides/2519927,182.0,1947 - 1953,1953,New York Giants,3,15.0,6.0,40.0,5.0,53.0,3.5,17.7,1.0,6.7,3.0,20.0,,0.0,0.0,0.0,0.0,32.8,QB
91.0,"Philadelphia , PA",7/8/1925,Nevada,,6 Seasons,71.0,"Mackrides, Bill",billmackrides/2519927,182.0,1947 - 1953,1951,Philadelphia Eagles,6,54.0,23.0,42.6,9.0,333.0,6.2,55.5,3.0,5.6,5.0,9.3,,0.0,0.0,0.0,11.0,43.2,QB
91.0,"Philadelphia , PA",7/8/1925,Nevada,,6 Seasons,71.0,"Mackrides, Bill",billmackrides/2519927,182.0,1947 - 1953,1950,Philadelphia Eagles,8,46.0,14.0,30.4,5.8,228.0,5.0,28.5,4.0,8.7,6.0,13.0,,0.0,0.0,0.0,8.0,37.5,QB
91.0,"Philadelphia , PA",7/8/1925,Nevada,,6 Seasons,71.0,"Mackrides, Bill",billmackrides/2519927,182.0,1947 - 1953,1949,Philadelphia Eagles,7,36.0,14.0,38.9,5.1,182.0,5.1,26.0,2.0,5.6,2.0,5.6,,0.0,0.0,0.0,12.0,50.9,QB
91.0,"Philadelphia , PA",7/8/1925,Nevada,,6 Seasons,71.0,"Mackrides, Bill",billmackrides/2519927,182.0,1947 - 1953,1948,Philadelphia Eagles,10,53.0,18.0,34.0,5.3,276.0,5.2,27.6,2.0,3.8,4.0,7.5,,0.0,0.0,0.0,0.0,33.2,QB
91.0,"Philadelphia , PA",7/8/1925,Nevada,,6 Seasons,71.0,"Mackrides, Bill",billmackrides/2519927,182.0,1947 - 1953,1947,Philadelphia Eagles,8,17.0,8.0,47.1,2.1,58.0,3.4,7.2,2.0,11.8,3.0,17.6,,0.0,0.0,0.0,9.0,55.1,QB
33.0,"Winnsboro , SC",4/14/1984,Coastal Carolina,,7 Seasons,73.0,"Thigpen, Tyler",tylerthigpen/2507244,216.0,2007 - 2014,2010,Miami Dolphins,5,62.0,33.0,53.2,12.4,435.0,7.0,87.0,2.0,3.2,2.0,3.2,35.0,7.0,0.0,8.0,50.0,73.0,QB
33.0,"Winnsboro , SC",4/14/1984,Coastal Carolina,,7 Seasons,73.0,"Thigpen, Tyler",tylerthigpen/2507244,216.0,2007 - 2014,2008,Kansas City Chiefs,14,420.0,230.0,54.8,30.0,,6.2,186.3,18.0,4.3,12.0,2.9,75.0,28.0,4.0,26.0,162.0,76.0,QB
65.0,"Long Beach , CA",7/26/1951,USC,,6 Seasons,72.0,"Rae, Mike",mikerae/2523687,193.0,1976 - 1981,1979,Tampa Bay Buccaneers,5,36.0,17.0,47.2,7.2,252.0,7.0,50.4,1.0,2.8,2.0,5.6,29.0,0.0,0.0,5.0,31.0,56.7,QB
65.0,"Long Beach , CA",7/26/1951,USC,,6 Seasons,72.0,"Rae, Mike",mikerae/2523687,193.0,1976 - 1981,1978,Tampa Bay Buccaneers,6,118.0,57.0,48.3,19.7,705.0,6.0,117.5,4.0,3.4,7.0,5.9,,0.0,0.0,37.0,288.0,53.8,QB
65.0,"Long Beach , CA",7/26/1951,USC,,6 Seasons,72.0,"Rae, Mike",mikerae/2523687,193.0,1976 - 1981,1977,Oakland Raiders,10,30.0,15.0,50.0,3.0,162.0,5.4,16.2,1.0,3.3,4.0,13.3,30.0,0.0,0.0,9.0,88.0,37.8,QB
65.0,"Long Beach , CA",7/26/1951,USC,,6 Seasons,72.0,"Rae, Mike",mikerae/2523687,193.0,1976 - 1981,1976,Oakland Raiders,7,65.0,35.0,53.8,9.3,417.0,6.4,59.6,6.0,9.2,1.0,1.5,,0.0,0.0,8.0,71.0,98.0,QB
28.0,"Atlanta , GA",5/11/1989,Auburn,Carolina Panthers,7th season,77.0,"Newton, Cam",camnewton/2495455,245.0,,2016,Carolina Panthers,15,510.0,270.0,52.9,34.0,,6.9,233.9,19.0,3.7,14.0,2.7,,42.0,8.0,36.0,277.0,75.8,QB
28.0,"Atlanta , GA",5/11/1989,Auburn,Carolina Panthers,7th season,77.0,"Newton, Cam",camnewton/2495455,245.0,,2015,Carolina Panthers,16,495.0,296.0,59.8,30.9,,7.8,239.8,35.0,7.1,10.0,2.0,,52.0,10.0,33.0,284.0,99.4,QB
28.0,"Atlanta , GA",5/11/1989,Auburn,Carolina Panthers,7th season,77.0,"Newton, Cam",camnewton/2495455,245.0,,2014,Carolina Panthers,14,448.0,262.0,58.5,32.0,,7.0,223.4,18.0,4.0,12.0,2.7,51.0,37.0,4.0,38.0,300.0,82.1,QB
28.0,"Atlanta , GA",5/11/1989,Auburn,Carolina Panthers,7th season,77.0,"Newton, Cam",camnewton/2495455,245.0,,2013,Carolina Panthers,16,473.0,292.0,61.7,29.6,,7.1,211.2,24.0,5.1,13.0,2.7,,33.0,7.0,43.0,336.0,88.8,QB
28.0,"Atlanta , GA",5/11/1989,Auburn,Carolina Panthers,7th season,77.0,"Newton, Cam",camnewton/2495455,245.0,,2012,Carolina Panthers,16,485.0,280.0,57.7,30.3,,8.0,241.8,19.0,3.9,12.0,2.5,82.0,57.0,11.0,36.0,244.0,86.2,QB
28.0,"Atlanta , GA",5/11/1989,Auburn,Carolina Panthers,7th season,77.0,"Newton, Cam",camnewton/2495455,245.0,,2011,Carolina Panthers,16,517.0,310.0,60.0,32.3,,7.8,253.2,21.0,4.1,17.0,3.3,,65.0,9.0,35.0,260.0,84.5,QB
23.0,"San Antonio , TX",2/12/1994,Memphis,Denver Broncos,2nd season,79.0,"Lynch, Paxton",paxtonlynch/2555316,244.0,,2016,Denver Broncos,3,83.0,49.0,59.0,27.7,497.0,6.0,165.7,2.0,2.4,1.0,1.2,31.0,3.0,0.0,9.0,42.0,79.2,QB
,"Wellsboro , PA",2/2/1915,Albright,,5 Seasons,73.0,"Riffle, Dick",dickriffle/2524159,200.0,1938 - 1942,1941,Pittsburgh Steelers,10,39.0,8.0,20.5,3.9,88.0,2.3,8.8,1.0,2.6,9.0,23.1,,0.0,0.0,0.0,0.0,8.5,QB
,"Wellsboro , PA",2/2/1915,Albright,,5 Seasons,73.0,"Riffle, Dick",dickriffle/2524159,200.0,1938 - 1942,1938,Philadelphia Eagles,11,31.0,9.0,29.0,2.8,178.0,5.7,16.2,2.0,6.5,4.0,12.9,,0.0,0.0,0.0,0.0,32.9,QB
33.0,"Imperial , PA",8/9/1983,Pittsburgh,,5 Seasons,73.0,"Palko, Tyler",tylerpalko/2507140,215.0,2007 - 2011,2011,Kansas City Chiefs,6,134.0,80.0,59.7,22.3,796.0,5.9,132.7,2.0,1.5,7.0,5.2,,10.0,0.0,11.0,83.0,59.8,QB
,"Portsmouth , VA",5/17/1912,Duke,,7 Seasons,72.0,"Parker, Ace",aceparker/2522734,178.0,1937 - 1946,1945,Boston Yanks,8,24.0,10.0,41.7,3.0,123.0,5.1,15.4,0.0,0.0,5.0,20.8,,0.0,0.0,0.0,0.0,18.6,QB
,"Portsmouth , VA",5/17/1912,Duke,,7 Seasons,72.0,"Parker, Ace",aceparker/2522734,178.0,1937 - 1946,1941,Brooklyn Dodgers,11,102.0,51.0,50.0,9.3,639.0,6.3,58.1,2.0,2.0,8.0,7.8,,0.0,0.0,0.0,0.0,43.7,QB
,"Portsmouth , VA",5/17/1912,Duke,,7 Seasons,72.0,"Parker, Ace",aceparker/2522734,178.0,1937 - 1946,1940,Brooklyn Dodgers,11,111.0,49.0,44.1,10.1,817.0,7.4,74.3,10.0,9.0,7.0,6.3,,0.0,0.0,0.0,0.0,73.3,QB
,"Portsmouth , VA",5/17/1912,Duke,,7 Seasons,72.0,"Parker, Ace",aceparker/2522734,178.0,1937 - 1946,1939,Brooklyn Dodgers,11,157.0,72.0,45.9,14.3,977.0,6.2,88.8,4.0,2.5,13.0,8.3,,0.0,0.0,0.0,0.0,40.2,QB
,"Portsmouth , VA",5/17/1912,Duke,,7 Seasons,72.0,"Parker, Ace",aceparker/2522734,178.0,1937 - 1946,1938,Brooklyn Dodgers,11,148.0,63.0,42.6,13.5,865.0,5.8,78.6,5.0,3.4,7.0,4.7,,0.0,0.0,0.0,0.0,53.5,QB
,"Portsmouth , VA",5/17/1912,Duke,,7 Seasons,72.0,"Parker, Ace",aceparker/2522734,178.0,1937 - 1946,1937,Brooklyn Dodgers,4,61.0,28.0,45.9,15.2,514.0,8.4,128.5,1.0,1.6,7.0,11.5,,0.0,0.0,0.0,0.0,41.3,QB
70.0,"Los Angeles , CA",3/3/1947,San Diego State,,8 Seasons,75.0,"Shaw, Dennis",dennisshaw/2525401,217.0,1970 - 1978,1973,Buffalo Bills,4,46.0,22.0,47.8,11.5,300.0,6.5,75.0,0.0,0.0,4.0,8.7,,0.0,0.0,11.0,75.0,32.9,QB
70.0,"Los Angeles , CA",3/3/1947,San Diego State,,8 Seasons,75.0,"Shaw, Dennis",dennisshaw/2525401,217.0,1970 - 1978,1972,Buffalo Bills,14,258.0,136.0,52.7,18.4,,6.5,119.0,14.0,5.4,17.0,6.6,,0.0,0.0,38.0,320.0,63.5,QB
70.0,"Los Angeles , CA",3/3/1947,San Diego State,,8 Seasons,75.0,"Shaw, Dennis",dennisshaw/2525401,217.0,1970 - 1978,1971,Buffalo Bills,13,291.0,149.0,51.2,22.4,,6.2,139.5,11.0,3.8,26.0,8.9,,0.0,0.0,33.0,276.0,46.1,QB
70.0,"Los Angeles , CA",3/3/1947,San Diego State,,8 Seasons,75.0,"Shaw, Dennis",dennisshaw/2525401,217.0,1970 - 1978,1970,Buffalo Bills,14,321.0,178.0,55.5,22.9,,7.8,179.1,10.0,3.1,20.0,6.2,,0.0,0.0,41.0,387.0,65.3,QB
62.0,"San Francisco , CA",1/20/1955,Northern Colorado,,10 Seasons,76.0,"Kenney, Bill",billkenney/2518350,211.0,1979 - 1988,1988,Kansas City Chiefs,16,114.0,58.0,50.9,7.1,549.0,4.8,34.3,0.0,0.0,5.0,4.4,25.0,0.0,0.0,13.0,107.0,46.3,QB
62.0,"San Francisco , CA",1/20/1955,Northern Colorado,,10 Seasons,76.0,"Kenney, Bill",billkenney/2518350,211.0,1979 - 1988,1987,Kansas City Chiefs,11,273.0,154.0,56.4,24.8,,7.7,191.5,15.0,5.5,9.0,3.3,,0.0,0.0,22.0,161.0,85.8,QB
62.0,"San Francisco , CA",1/20/1955,Northern Colorado,,10 Seasons,76.0,"Kenney, Bill",billkenney/2518350,211.0,1979 - 1988,1986,Kansas City Chiefs,15,308.0,161.0,52.3,20.5,,6.2,128.1,13.0,4.2,11.0,3.6,53.0,0.0,0.0,25.0,180.0,70.8,QB
62.0,"San Francisco , CA",1/20/1955,Northern Colorado,,10 Seasons,76.0,"Kenney, Bill",billkenney/2518350,211.0,1979 - 1988,1985,Kansas City Chiefs,16,338.0,181.0,53.6,21.1,,7.5,158.5,17.0,5.0,9.0,2.7,,0.0,0.0,28.0,223.0,83.6,QB
62.0,"San Francisco , CA",1/20/1955,Northern Colorado,,10 Seasons,76.0,"Kenney, Bill",billkenney/2518350,211.0,1979 - 1988,1984,Kansas City Chiefs,9,282.0,151.0,53.5,31.3,,7.4,233.1,15.0,5.3,10.0,3.5,,0.0,0.0,18.0,163.0,80.7,QB
62.0,"San Francisco , CA",1/20/1955,Northern Colorado,,10 Seasons,76.0,"Kenney, Bill",billkenney/2518350,211.0,1979 - 1988,1983,Kansas City Chiefs,16,603.0,346.0,57.4,37.7,,7.2,271.8,24.0,4.0,18.0,3.0,53.0,0.0,0.0,41.0,284.0,80.8,QB
62.0,"San Francisco , CA",1/20/1955,Northern Colorado,,10 Seasons,76.0,"Kenney, Bill",billkenney/2518350,211.0,1979 - 1988,1982,Kansas City Chiefs,7,169.0,95.0,56.2,24.1,,7.1,170.3,7.0,4.1,6.0,3.6,51.0,0.0,0.0,23.0,166.0,77.3,QB
62.0,"San Francisco , CA",1/20/1955,Northern Colorado,,10 Seasons,76.0,"Kenney, Bill",billkenney/2518350,211.0,1979 - 1988,1981,Kansas City Chiefs,13,274.0,147.0,53.6,21.1,,7.2,152.5,9.0,3.3,16.0,5.8,,0.0,0.0,20.0,160.0,63.6,QB
62.0,"San Francisco , CA",1/20/1955,Northern Colorado,,10 Seasons,76.0,"Kenney, Bill",billkenney/2518350,211.0,1979 - 1988,1980,Kansas City Chiefs,3,69.0,37.0,53.6,23.0,542.0,7.9,180.7,5.0,7.2,2.0,2.9,,0.0,0.0,5.0,43.0,91.6,QB
,"Leominster , MA",4/25/1915,Holy Cross,,1 Season,68.0,"Cahill, Ronnie",ronniecahill/2510899,170.0,1943 - 1943,1943,Chicago Cardinals,10,109.0,50.0,45.9,10.9,608.0,5.6,60.8,3.0,2.8,21.0,19.3,,0.0,0.0,0.0,0.0,33.1,QB
29.0,"Katy , TX",10/29/1987,Texas Christian,Cincinnati Bengals,7th season,74.0,"Dalton, Andy",andydalton/2495143,220.0,,2016,Cincinnati Bengals,16,563.0,364.0,64.7,35.2,,7.5,262.9,18.0,3.2,8.0,1.4,,53.0,13.0,41.0,264.0,91.8,QB
29.0,"Katy , TX",10/29/1987,Texas Christian,Cincinnati Bengals,7th season,74.0,"Dalton, Andy",andydalton/2495143,220.0,,2015,Cincinnati Bengals,13,386.0,255.0,66.1,29.7,,8.4,250.0,25.0,6.5,7.0,1.8,,52.0,11.0,20.0,118.0,106.2,QB
29.0,"Katy , TX",10/29/1987,Texas Christian,Cincinnati Bengals,7th season,74.0,"Dalton, Andy",andydalton/2495143,220.0,,2014,Cincinnati Bengals,16,481.0,309.0,64.2,30.1,,7.1,212.4,19.0,4.0,17.0,3.5,,33.0,7.0,21.0,124.0,83.5,QB
29.0,"Katy , TX",10/29/1987,Texas Christian,Cincinnati Bengals,7th season,74.0,"Dalton, Andy",andydalton/2495143,220.0,,2013,Cincinnati Bengals,16,586.0,363.0,61.9,36.6,,7.3,268.3,33.0,5.6,20.0,3.4,,56.0,15.0,29.0,182.0,88.8,QB
29.0,"Katy , TX",10/29/1987,Texas Christian,Cincinnati Bengals,7th season,74.0,"Dalton, Andy",andydalton/2495143,220.0,,2012,Cincinnati Bengals,16,528.0,329.0,62.3,33.0,,6.9,229.3,27.0,5.1,16.0,3.0,,37.0,12.0,46.0,229.0,87.4,QB
29.0,"Katy , TX",10/29/1987,Texas Christian,Cincinnati Bengals,7th season,74.0,"Dalton, Andy",andydalton/2495143,220.0,,2011,Cincinnati Bengals,16,516.0,300.0,58.1,32.2,,6.6,212.4,20.0,3.9,13.0,2.5,84.0,48.0,10.0,24.0,160.0,80.4,QB
67.0,"San Antonio , TX",3/9/1950,Utah State,,5 Seasons,72.0,"Adams, Tony",tonyadams/2508191,198.0,1975 - 1987,1987,Minnesota Vikings,3,89.0,49.0,55.1,29.7,607.0,6.8,202.3,3.0,3.4,5.0,5.6,,0.0,0.0,18.0,120.0,64.2,QB
67.0,"San Antonio , TX",3/9/1950,Utah State,,5 Seasons,72.0,"Adams, Tony",tonyadams/2508191,198.0,1975 - 1987,1978,Kansas City Chiefs,16,79.0,44.0,55.7,4.9,415.0,5.3,25.9,2.0,2.5,3.0,3.8,,0.0,0.0,3.0,27.0,63.0,QB
67.0,"San Antonio , TX",3/9/1950,Utah State,,5 Seasons,72.0,"Adams, Tony",tonyadams/2508191,198.0,1975 - 1987,1977,Kansas City Chiefs,14,92.0,47.0,51.1,6.6,691.0,7.5,49.4,2.0,2.2,11.0,12.0,63.0,0.0,0.0,18.0,136.0,43.6,QB
67.0,"San Antonio , TX",3/9/1950,Utah State,,5 Seasons,72.0,"Adams, Tony",tonyadams/2508191,198.0,1975 - 1987,1976,Kansas City Chiefs,14,71.0,36.0,50.7,5.1,575.0,8.1,41.1,3.0,4.2,4.0,5.6,,0.0,0.0,9.0,79.0,68.7,QB
67.0,"San Antonio , TX",3/9/1950,Utah State,,5 Seasons,72.0,"Adams, Tony",tonyadams/2508191,198.0,1975 - 1987,1975,Kansas City Chiefs,6,77.0,36.0,46.8,12.8,445.0,5.8,74.2,2.0,2.6,4.0,5.2,32.0,0.0,0.0,11.0,85.0,52.1,QB
34.0,"Burns , OR",6/6/1983,Oregon,Los Angeles Chargers,12th season,74.0,"Clemens, Kellen",kellenclemens/2506895,220.0,,2013,St. Louis Rams,10,242.0,142.0,58.7,24.2,,6.9,167.3,8.0,3.3,7.0,2.9,,22.0,2.0,21.0,138.0,78.8,QB
34.0,"Burns , OR",6/6/1983,Oregon,Los Angeles Chargers,12th season,74.0,"Clemens, Kellen",kellenclemens/2506895,220.0,,2011,St. Louis Rams,3,91.0,48.0,52.7,30.3,546.0,6.0,182.0,2.0,2.2,1.0,1.1,,7.0,0.0,9.0,68.0,73.8,QB
34.0,"Burns , OR",6/6/1983,Oregon,Los Angeles Chargers,12th season,74.0,"Clemens, Kellen",kellenclemens/2506895,220.0,,2009,New York Jets,10,26.0,13.0,50.0,2.6,125.0,4.8,12.5,0.0,0.0,0.0,0.0,26.0,2.0,0.0,4.0,21.0,63.8,QB
34.0,"Burns , OR",6/6/1983,Oregon,Los Angeles Chargers,12th season,74.0,"Clemens, Kellen",kellenclemens/2506895,220.0,,2007,New York Jets,10,250.0,130.0,52.0,25.0,,6.1,152.9,5.0,2.0,10.0,4.0,56.0,18.0,4.0,27.0,138.0,60.9,QB
30.0,"Birmingham , AL",11/14/1986,Alabama-Birmingham,Carolina Panthers,8th season,76.0,"Webb, Joe",joewebb/1037347,235.0,,2011,Minnesota Vikings,11,63.0,34.0,54.0,5.7,376.0,6.0,34.2,3.0,4.8,2.0,3.2,36.0,4.0,0.0,3.0,21.0,74.6,QB
30.0,"Birmingham , AL",11/14/1986,Alabama-Birmingham,Carolina Panthers,8th season,76.0,"Webb, Joe",joewebb/1037347,235.0,,2010,Minnesota Vikings,5,89.0,54.0,60.7,17.8,477.0,5.4,95.4,0.0,0.0,3.0,3.4,46.0,4.0,1.0,8.0,48.0,60.9,QB
,"Chicago , IL",2/28/1919,UCLA,,2 Seasons,72.0,"Cantor, Leo",leocantor/2511023,195.0,1942 - 1945,1945,Chicago Cardinals,10,18.0,3.0,16.7,1.8,116.0,6.4,11.6,0.0,0.0,4.0,22.2,,0.0,0.0,0.0,0.0,14.4,QB
,"Chicago , IL",2/28/1919,UCLA,,2 Seasons,72.0,"Cantor, Leo",leocantor/2511023,195.0,1942 - 1945,1942,New York Giants,10,29.0,12.0,41.4,2.9,155.0,5.3,15.5,1.0,3.4,1.0,3.4,,0.0,0.0,0.0,0.0,56.0,QB
53.0,"Pittsburgh , PA",7/1/1963,Tulane,,2 Seasons,75.0,"Karcher, Ken",kenkarcher/2518144,205.0,1987 - 1988,1987,Denver Broncos,3,102.0,56.0,54.9,34.0,628.0,6.2,209.3,5.0,4.9,4.0,3.9,49.0,0.0,0.0,5.0,45.0,73.5,QB
35.0,"Phoenix , AZ",5/11/1982,Arizona State,,5 Seasons,78.0,"Walter, Andrew",andrewwalter/2506408,230.0,2005 - 2009,2008,Oakland Raiders,2,49.0,22.0,44.9,24.5,204.0,4.2,102.0,0.0,0.0,3.0,6.1,28.0,1.0,0.0,5.0,39.0,31.3,QB
35.0,"Phoenix , AZ",5/11/1982,Arizona State,,5 Seasons,78.0,"Walter, Andrew",andrewwalter/2506408,230.0,2005 - 2009,2006,Oakland Raiders,12,276.0,147.0,53.3,23.0,,6.1,139.8,3.0,1.1,13.0,4.7,51.0,18.0,1.0,46.0,256.0,55.8,QB
38.0,"Ruston , LA",2/14/1979,Tulane,,9 Seasons,74.0,"Ramsey, Patrick",patrickramsey/2505223,225.0,2002 - 2010,2007,Denver Broncos,2,48.0,29.0,60.4,24.0,262.0,5.5,131.0,1.0,2.1,1.0,2.1,21.0,1.0,0.0,3.0,13.0,73.4,QB
38.0,"Ruston , LA",2/14/1979,Tulane,,9 Seasons,74.0,"Ramsey, Patrick",patrickramsey/2505223,225.0,2002 - 2010,2005,Washington Redskins,4,25.0,15.0,60.0,6.2,279.0,11.2,69.8,1.0,4.0,1.0,4.0,,4.0,2.0,4.0,27.0,95.2,QB
38.0,"Ruston , LA",2/14/1979,Tulane,,9 Seasons,74.0,"Ramsey, Patrick",patrickramsey/2505223,225.0,2002 - 2010,2004,Washington Redskins,9,272.0,169.0,62.1,30.2,,6.1,185.0,10.0,3.7,11.0,4.0,51.0,17.0,2.0,23.0,137.0,74.8,QB
38.0,"Ruston , LA",2/14/1979,Tulane,,9 Seasons,74.0,"Ramsey, Patrick",patrickramsey/2505223,225.0,2002 - 2010,2003,Washington Redskins,11,337.0,179.0,53.1,30.6,,6.4,196.9,14.0,4.2,9.0,2.7,64.0,34.0,3.0,30.0,206.0,75.8,QB
38.0,"Ruston , LA",2/14/1979,Tulane,,9 Seasons,74.0,"Ramsey, Patrick",patrickramsey/2505223,225.0,2002 - 2010,2002,Washington Redskins,9,227.0,117.0,51.5,25.2,,6.8,171.0,9.0,4.0,8.0,3.5,,19.0,5.0,18.0,132.0,71.8,QB
,"Streator , IL",11/13/1937,Bradley,,2 Seasons,73.0,"Jamieson, Dick",dickjamieson/2517398,190.0,1960 - 1961,1960,New York Titans,11,70.0,35.0,50.0,6.4,586.0,8.4,53.3,6.0,8.6,2.0,2.9,,0.0,0.0,0.0,0.0,95.3,QB
31.0,"Dallas , TX",9/11/1985,Colorado State,,7 Seasons,74.0,"Hanie, Caleb",calebhanie/2507385,235.0,2008 - 2014,2011,Chicago Bears,6,102.0,51.0,50.0,17.0,613.0,6.0,102.2,3.0,2.9,9.0,8.8,81.0,6.0,1.0,19.0,133.0,41.8,QB
,"Elmira , NY",7/26/1920,UCLA,,8 Seasons,73.0,"Waterfield, Bob",bobwaterfield/2528326,200.0,1945 - 1952,1952,Los Angeles Rams,12,109.0,51.0,46.8,9.1,655.0,6.0,54.6,3.0,2.8,11.0,10.1,,0.0,0.0,0.0,31.0,35.7,QB
,"Elmira , NY",7/26/1920,UCLA,,8 Seasons,73.0,"Waterfield, Bob",bobwaterfield/2528326,200.0,1945 - 1952,1951,Los Angeles Rams,11,176.0,88.0,50.0,16.0,,8.9,142.4,13.0,7.4,10.0,5.7,,0.0,0.0,0.0,37.0,81.8,QB
,"Elmira , NY",7/26/1920,UCLA,,8 Seasons,73.0,"Waterfield, Bob",bobwaterfield/2528326,200.0,1945 - 1952,1950,Los Angeles Rams,12,213.0,122.0,57.3,17.8,,7.2,128.3,11.0,5.2,13.0,6.1,,0.0,0.0,0.0,62.0,71.7,QB
,"Elmira , NY",7/26/1920,UCLA,,8 Seasons,73.0,"Waterfield, Bob",bobwaterfield/2528326,200.0,1945 - 1952,1949,Los Angeles Rams,12,296.0,154.0,52.0,24.7,,7.3,180.7,17.0,5.7,24.0,8.1,,0.0,0.0,0.0,61.0,61.3,QB
,"Elmira , NY",7/26/1920,UCLA,,8 Seasons,73.0,"Waterfield, Bob",bobwaterfield/2528326,200.0,1945 - 1952,1948,Los Angeles Rams,11,180.0,87.0,48.3,16.4,,7.5,123.1,14.0,7.8,18.0,10.0,,0.0,0.0,0.0,23.0,60.0,QB
,"Elmira , NY",7/26/1920,UCLA,,8 Seasons,73.0,"Waterfield, Bob",bobwaterfield/2528326,200.0,1945 - 1952,1947,Los Angeles Rams,12,221.0,96.0,43.4,18.4,,5.5,100.8,8.0,3.6,18.0,8.1,,0.0,0.0,0.0,41.0,39.2,QB
,"Elmira , NY",7/26/1920,UCLA,,8 Seasons,73.0,"Waterfield, Bob",bobwaterfield/2528326,200.0,1945 - 1952,1946,Los Angeles Rams,11,251.0,127.0,50.6,22.8,,7.0,158.8,17.0,6.8,17.0,6.8,,0.0,0.0,0.0,0.0,67.6,QB
,"Elmira , NY",7/26/1920,UCLA,,8 Seasons,73.0,"Waterfield, Bob",bobwaterfield/2528326,200.0,1945 - 1952,1945,Cleveland Rams,10,171.0,89.0,52.0,17.1,,9.4,160.9,14.0,8.2,17.0,9.9,,0.0,0.0,0.0,0.0,72.4,QB
64.0,"Shreveport , LA",9/1/1952,Wichita State,,10 Seasons,73.0,"Owen, Tom",tomowen/2522607,195.0,1974 - 1983,1981,New England Patriots,2,36.0,15.0,41.7,18.0,218.0,6.1,109.0,1.0,2.8,4.0,11.1,28.0,0.0,0.0,2.0,19.0,31.7,QB
64.0,"Shreveport , LA",9/1/1952,Wichita State,,10 Seasons,73.0,"Owen, Tom",tomowen/2522607,195.0,1974 - 1983,1979,New England Patriots,6,47.0,27.0,57.4,7.8,248.0,5.3,41.3,2.0,4.3,3.0,6.4,32.0,0.0,0.0,4.0,41.0,59.5,QB
64.0,"Shreveport , LA",9/1/1952,Wichita State,,10 Seasons,73.0,"Owen, Tom",tomowen/2522607,195.0,1974 - 1983,1978,New England Patriots,2,26.0,15.0,57.7,13.0,182.0,7.0,91.0,0.0,0.0,2.0,7.7,23.0,0.0,0.0,3.0,22.0,47.3,QB
64.0,"Shreveport , LA",9/1/1952,Wichita State,,10 Seasons,73.0,"Owen, Tom",tomowen/2522607,195.0,1974 - 1983,1975,San Francisco 49ers,4,51.0,24.0,47.1,12.8,318.0,6.2,79.5,1.0,2.0,2.0,3.9,24.0,0.0,0.0,6.0,57.0,57.5,QB
64.0,"Shreveport , LA",9/1/1952,Wichita State,,10 Seasons,73.0,"Owen, Tom",tomowen/2522607,195.0,1974 - 1983,1974,San Francisco 49ers,10,184.0,88.0,47.8,18.4,,7.2,132.7,10.0,5.4,15.0,8.2,,0.0,0.0,25.0,202.0,56.1,QB
71.0,"Neptune , NJ",9/15/1945,Virginia,,7 Seasons,74.0,"Davis, Bob",bobdavis/2512622,205.0,1967 - 1973,1973,New Orleans Saints,2,17.0,5.0,29.4,8.5,14.0,0.8,7.0,0.0,0.0,2.0,11.8,,0.0,0.0,5.0,36.0,0.0,QB
71.0,"Neptune , NJ",9/15/1945,Virginia,,7 Seasons,74.0,"Davis, Bob",bobdavis/2512622,205.0,1967 - 1973,1972,New York Jets,14,22.0,10.0,45.5,1.6,114.0,5.2,8.1,2.0,9.1,1.0,4.5,,0.0,0.0,6.0,52.0,72.9,QB
71.0,"Neptune , NJ",9/15/1945,Virginia,,7 Seasons,74.0,"Davis, Bob",bobdavis/2512622,205.0,1967 - 1973,1971,New York Jets,13,121.0,49.0,40.5,9.3,624.0,5.2,48.0,10.0,8.3,8.0,6.6,,0.0,0.0,14.0,92.0,57.3,QB
71.0,"Neptune , NJ",9/15/1945,Virginia,,7 Seasons,74.0,"Davis, Bob",bobdavis/2512622,205.0,1967 - 1973,1970,New York Jets,1,17.0,6.0,35.3,17.0,66.0,3.9,66.0,0.0,0.0,0.0,0.0,,0.0,0.0,0.0,0.0,47.7,QB
71.0,"Neptune , NJ",9/15/1945,Virginia,,7 Seasons,74.0,"Davis, Bob",bobdavis/2512622,205.0,1967 - 1973,1969,Houston Oilers,2,42.0,25.0,59.5,21.0,223.0,5.3,111.5,2.0,4.8,4.0,9.5,,0.0,0.0,3.0,32.0,50.1,QB
71.0,"Neptune , NJ",9/15/1945,Virginia,,7 Seasons,74.0,"Davis, Bob",bobdavis/2512622,205.0,1967 - 1973,1968,Houston Oilers,6,86.0,33.0,38.4,14.3,441.0,5.1,73.5,0.0,0.0,6.0,7.0,,0.0,0.0,6.0,72.0,26.4,QB
71.0,"Neptune , NJ",9/15/1945,Virginia,,7 Seasons,74.0,"Davis, Bob",bobdavis/2512622,205.0,1967 - 1973,1967,Houston Oilers,2,19.0,9.0,47.4,9.5,71.0,3.7,35.5,0.0,0.0,2.0,10.5,,0.0,0.0,2.0,10.0,17.5,QB
36.0,"Caldwell , ID",6/30/1980,Washington,,2 Seasons,75.0,"Pickett, Cody",codypickett/2505931,227.0,2004 - 2006,2005,San Francisco 49ers,5,35.0,14.0,40.0,7.0,140.0,4.0,28.0,0.0,0.0,2.0,5.7,28.0,2.0,0.0,3.0,16.0,28.3,QB
43.0,"Fort Lauderdale , FL",11/21/1973,Florida State,,7 Seasons,75.0,"Kanell, Danny",dannykanell/2501560,218.0,1996 - 2004,2003,Denver Broncos,5,103.0,53.0,51.5,20.6,442.0,4.3,88.4,2.0,1.9,5.0,4.9,26.0,3.0,0.0,2.0,24.0,49.1,QB
43.0,"Fort Lauderdale , FL",11/21/1973,Florida State,,7 Seasons,75.0,"Kanell, Danny",dannykanell/2501560,218.0,1996 - 2004,2000,Atlanta Falcons,5,116.0,57.0,49.1,23.2,524.0,4.5,104.8,2.0,1.7,5.0,4.3,35.0,2.0,0.0,8.0,60.0,49.6,QB
43.0,"Fort Lauderdale , FL",11/21/1973,Florida State,,7 Seasons,75.0,"Kanell, Danny",dannykanell/2501560,218.0,1996 - 2004,1999,Atlanta Falcons,3,84.0,42.0,50.0,28.0,593.0,7.1,197.7,4.0,4.8,4.0,4.8,52.0,7.0,2.0,5.0,37.0,69.2,QB
43.0,"Fort Lauderdale , FL",11/21/1973,Florida State,,7 Seasons,75.0,"Kanell, Danny",dannykanell/2501560,218.0,1996 - 2004,1998,New York Giants,10,299.0,160.0,53.5,29.9,,5.4,160.3,11.0,3.7,10.0,3.3,46.0,20.0,2.0,22.0,172.0,67.3,QB
43.0,"Fort Lauderdale , FL",11/21/1973,Florida State,,7 Seasons,75.0,"Kanell, Danny",dannykanell/2501560,218.0,1996 - 2004,1997,New York Giants,16,294.0,156.0,53.1,18.4,,5.9,108.8,11.0,3.7,9.0,3.1,,22.0,6.0,19.0,171.0,70.7,QB
43.0,"Fort Lauderdale , FL",11/21/1973,Florida State,,7 Seasons,75.0,"Kanell, Danny",dannykanell/2501560,218.0,1996 - 2004,1996,New York Giants,4,60.0,23.0,38.3,15.0,227.0,3.8,56.8,1.0,1.7,1.0,1.7,25.0,2.0,0.0,7.0,48.0,48.4,QB
,"Chicago , IL",1/27/1920,Stanford,,7 Seasons,70.0,"Albert, Frankie",frankiealbert/2508288,166.0,1946 - 1952,1952,San Francisco 49ers,12,129.0,71.0,55.0,10.8,964.0,7.5,80.3,8.0,6.2,10.0,7.8,,0.0,0.0,0.0,177.0,67.5,QB
,"Chicago , IL",1/27/1920,Stanford,,7 Seasons,70.0,"Albert, Frankie",frankiealbert/2508288,166.0,1946 - 1952,1951,San Francisco 49ers,12,166.0,90.0,54.2,13.8,,6.7,93.0,5.0,3.0,10.0,6.0,,0.0,0.0,0.0,171.0,60.2,QB
,"Chicago , IL",1/27/1920,Stanford,,7 Seasons,70.0,"Albert, Frankie",frankiealbert/2508288,166.0,1946 - 1952,1950,San Francisco 49ers,12,306.0,155.0,50.7,25.5,,5.8,147.2,14.0,4.6,23.0,7.5,,0.0,0.0,0.0,311.0,52.3,QB
,"Dayton , OH",7/19/1911,West Virginia Tech,,1 Season,73.0,"Rado, Alex",alexrado/2523682,200.0,1934 - 1934,1934,Pittsburgh Pirates,8,24.0,8.0,33.3,3.0,179.0,7.5,22.4,0.0,0.0,2.0,8.3,,0.0,0.0,0.0,0.0,26.2,QB
26.0,"Newport Beach , CA",9/8/1990,USC,San Francisco 49ers,5th season,74.0,"Barkley, Matt",mattbarkley/2539308,227.0,,2016,Chicago Bears,7,216.0,129.0,59.7,30.9,,7.5,230.1,8.0,3.7,14.0,6.5,37.0,21.0,0.0,6.0,43.0,68.3,QB
26.0,"Newport Beach , CA",9/8/1990,USC,San Francisco 49ers,5th season,74.0,"Barkley, Matt",mattbarkley/2539308,227.0,,2013,Philadelphia Eagles,3,49.0,30.0,61.2,16.3,300.0,6.1,100.0,0.0,0.0,4.0,8.2,26.0,3.0,0.0,3.0,24.0,44.6,QB
76.0,"Altoona , PA",8/14/1940,Penn State,,2 Seasons,70.0,"Hall, Galen",galenhall/2515630,216.0,1962 - 1963,1963,New York Jets,13,118.0,45.0,38.1,9.1,611.0,5.2,47.0,3.0,2.5,9.0,7.6,,0.0,0.0,0.0,0.0,32.1,QB
76.0,"Altoona , PA",8/14/1940,Penn State,,2 Seasons,70.0,"Hall, Galen",galenhall/2515630,216.0,1962 - 1963,1962,Washington Redskins,3,32.0,19.0,59.4,10.7,274.0,8.6,91.3,2.0,6.3,1.0,3.1,,0.0,0.0,0.0,16.0,95.1,QB
,"Reidsville , NC",6/10/1924,Wake Forest,,1 Season,71.0,"Sacrinty, Nick",nicksacrinty/2524787,185.0,1947 - 1947,1947,Chicago Bears,11,48.0,15.0,31.3,4.4,299.0,6.2,27.2,5.0,10.4,3.0,6.3,,0.0,0.0,0.0,41.0,62.8,QB
55.0,"Encino , CA",7/9/1961,UCLA,,5 Seasons,73.0,"Ramsey, Tom",tomramsey/2523726,189.0,1985 - 1989,1989,Indianapolis Colts,7,50.0,24.0,48.0,7.1,280.0,5.6,40.0,1.0,2.0,1.0,2.0,47.0,0.0,0.0,4.0,26.0,63.8,QB
55.0,"Encino , CA",7/9/1961,UCLA,,5 Seasons,73.0,"Ramsey, Tom",tomramsey/2523726,189.0,1985 - 1989,1988,New England Patriots,7,27.0,12.0,44.4,3.9,100.0,3.7,14.3,0.0,0.0,3.0,11.1,23.0,0.0,0.0,2.0,6.0,15.0,QB
55.0,"Encino , CA",7/9/1961,UCLA,,5 Seasons,73.0,"Ramsey, Tom",tomramsey/2523726,189.0,1985 - 1989,1987,New England Patriots,9,134.0,71.0,53.0,14.9,898.0,6.7,99.8,6.0,4.5,6.0,4.5,40.0,0.0,0.0,14.0,90.0,70.4,QB
64.0,"Whittier , CA",5/10/1953,Cal Poly-Pomona,,11 Seasons,74.0,"Zorn, Jim",jimzorn/2529688,200.0,1976 - 1987,1987,Tampa Bay Buccaneers,1,36.0,20.0,55.6,36.0,199.0,5.5,199.0,0.0,0.0,2.0,5.6,26.0,0.0,0.0,1.0,6.0,48.3,QB
64.0,"Whittier , CA",5/10/1953,Cal Poly-Pomona,,11 Seasons,74.0,"Zorn, Jim",jimzorn/2529688,200.0,1976 - 1987,1985,Green Bay Packers,13,123.0,56.0,45.5,9.5,794.0,6.5,61.1,4.0,3.3,6.0,4.9,,0.0,0.0,11.0,89.0,57.4,QB
64.0,"Whittier , CA",5/10/1953,Cal Poly-Pomona,,11 Seasons,74.0,"Zorn, Jim",jimzorn/2529688,200.0,1976 - 1987,1984,Seattle Seahawks,16,17.0,7.0,41.2,1.1,80.0,4.7,5.0,0.0,0.0,2.0,11.8,21.0,0.0,0.0,1.0,8.0,16.4,QB
64.0,"Whittier , CA",5/10/1953,Cal Poly-Pomona,,11 Seasons,74.0,"Zorn, Jim",jimzorn/2529688,200.0,1976 - 1987,1983,Seattle Seahawks,16,205.0,103.0,50.2,12.8,,5.7,72.9,7.0,3.4,7.0,3.4,43.0,0.0,0.0,9.0,64.0,64.8,QB
64.0,"Whittier , CA",5/10/1953,Cal Poly-Pomona,,11 Seasons,74.0,"Zorn, Jim",jimzorn/2529688,200.0,1976 - 1987,1982,Seattle Seahawks,9,245.0,126.0,51.4,27.2,,6.3,171.1,7.0,2.9,11.0,4.5,50.0,0.0,0.0,20.0,152.0,61.9,QB
64.0,"Whittier , CA",5/10/1953,Cal Poly-Pomona,,11 Seasons,74.0,"Zorn, Jim",jimzorn/2529688,200.0,1976 - 1987,1981,Seattle Seahawks,13,397.0,236.0,59.4,30.5,,7.0,214.5,13.0,3.3,9.0,2.3,,0.0,0.0,24.0,201.0,82.4,QB
64.0,"Whittier , CA",5/10/1953,Cal Poly-Pomona,,11 Seasons,74.0,"Zorn, Jim",jimzorn/2529688,200.0,1976 - 1987,1980,Seattle Seahawks,16,488.0,276.0,56.6,30.5,,6.9,209.1,17.0,3.5,20.0,4.1,,0.0,0.0,44.0,341.0,72.3,QB
64.0,"Whittier , CA",5/10/1953,Cal Poly-Pomona,,11 Seasons,74.0,"Zorn, Jim",jimzorn/2529688,200.0,1976 - 1987,1979,Seattle Seahawks,16,505.0,285.0,56.4,31.6,,7.2,228.8,20.0,4.0,18.0,3.6,,0.0,0.0,23.0,201.0,77.7,QB
64.0,"Whittier , CA",5/10/1953,Cal Poly-Pomona,,11 Seasons,74.0,"Zorn, Jim",jimzorn/2529688,200.0,1976 - 1987,1978,Seattle Seahawks,16,443.0,248.0,56.0,27.7,,7.4,205.2,15.0,3.4,20.0,4.5,,0.0,0.0,44.0,284.0,72.1,QB
64.0,"Whittier , CA",5/10/1953,Cal Poly-Pomona,,11 Seasons,74.0,"Zorn, Jim",jimzorn/2529688,200.0,1976 - 1987,1977,Seattle Seahawks,10,251.0,104.0,41.4,25.1,,6.7,168.7,16.0,6.4,19.0,7.6,,0.0,0.0,11.0,43.0,54.3,QB
64.0,"Whittier , CA",5/10/1953,Cal Poly-Pomona,,11 Seasons,74.0,"Zorn, Jim",jimzorn/2529688,200.0,1976 - 1987,1976,Seattle Seahawks,14,439.0,208.0,47.4,31.4,,5.9,183.6,12.0,2.7,27.0,6.2,,0.0,0.0,25.0,196.0,49.5,QB
54.0,"Carlisle , PA",12/4/1962,Maryland,,9 Seasons,75.0,"Gelbaugh, Stan",stangelbaugh/2500785,215.0,1986 - 1996,1992,Seattle Seahawks,10,255.0,121.0,47.5,25.5,,5.1,130.7,6.0,2.4,11.0,4.3,57.0,12.0,1.0,34.0,265.0,52.9,QB
54.0,"Carlisle , PA",12/4/1962,Maryland,,9 Seasons,75.0,"Gelbaugh, Stan",stangelbaugh/2500785,215.0,1986 - 1996,1991,Phoenix Cardinals,6,118.0,61.0,51.7,19.7,674.0,5.7,112.3,3.0,2.5,10.0,8.5,,8.0,0.0,10.0,94.0,42.1,QB
56.0,"Port Angeles , WA",6/28/1960,Stanford,,16 Seasons,75.0,"Elway, John",johnelway/2500547,215.0,1983 - 1998,1998,Denver Broncos,13,356.0,210.0,59.0,27.4,,7.9,215.8,22.0,6.2,10.0,2.8,58.0,34.0,6.0,18.0,135.0,93.0,QB
56.0,"Port Angeles , WA",6/28/1960,Stanford,,16 Seasons,75.0,"Elway, John",johnelway/2500547,215.0,1983 - 1998,1997,Denver Broncos,16,502.0,280.0,55.8,31.4,,7.2,227.2,27.0,5.4,11.0,2.2,78.0,52.0,10.0,34.0,203.0,87.5,QB
56.0,"Port Angeles , WA",6/28/1960,Stanford,,16 Seasons,75.0,"Elway, John",johnelway/2500547,215.0,1983 - 1998,1996,Denver Broncos,15,466.0,287.0,61.6,31.1,,7.1,221.9,26.0,5.6,14.0,3.0,51.0,44.0,5.0,26.0,194.0,89.2,QB
56.0,"Port Angeles , WA",6/28/1960,Stanford,,16 Seasons,75.0,"Elway, John",johnelway/2500547,215.0,1983 - 1998,1995,Denver Broncos,16,542.0,316.0,58.3,33.9,,7.3,248.1,26.0,4.8,14.0,2.6,,52.0,10.0,22.0,180.0,86.4,QB
56.0,"Port Angeles , WA",6/28/1960,Stanford,,16 Seasons,75.0,"Elway, John",johnelway/2500547,215.0,1983 - 1998,1994,Denver Broncos,14,494.0,307.0,62.1,35.3,,7.1,249.3,16.0,3.2,10.0,2.0,63.0,41.0,11.0,46.0,303.0,85.7,QB
56.0,"Port Angeles , WA",6/28/1960,Stanford,,16 Seasons,75.0,"Elway, John",johnelway/2500547,215.0,1983 - 1998,1993,Denver Broncos,16,551.0,348.0,63.2,34.4,,7.3,251.9,25.0,4.5,10.0,1.8,63.0,50.0,10.0,39.0,293.0,92.8,QB
56.0,"Port Angeles , WA",6/28/1960,Stanford,,16 Seasons,75.0,"Elway, John",johnelway/2500547,215.0,1983 - 1998,1992,Denver Broncos,12,316.0,174.0,55.1,26.3,,7.1,186.8,10.0,3.2,17.0,5.4,,29.0,9.0,36.0,272.0,65.7,QB
56.0,"Port Angeles , WA",6/28/1960,Stanford,,16 Seasons,75.0,"Elway, John",johnelway/2500547,215.0,1983 - 1998,1991,Denver Broncos,16,451.0,242.0,53.7,28.2,,7.2,203.3,13.0,2.9,12.0,2.7,71.0,49.0,9.0,45.0,305.0,75.4,QB
56.0,"Port Angeles , WA",6/28/1960,Stanford,,16 Seasons,75.0,"Elway, John",johnelway/2500547,215.0,1983 - 1998,1990,Denver Broncos,16,502.0,294.0,58.6,31.4,,7.0,220.4,15.0,3.0,14.0,2.8,66.0,0.0,0.0,43.0,311.0,78.5,QB
56.0,"Port Angeles , WA",6/28/1960,Stanford,,16 Seasons,75.0,"Elway, John",johnelway/2500547,215.0,1983 - 1998,1989,Denver Broncos,15,416.0,223.0,53.6,27.7,,7.3,203.4,18.0,4.3,18.0,4.3,69.0,0.0,0.0,35.0,298.0,73.7,QB
56.0,"Port Angeles , WA",6/28/1960,Stanford,,16 Seasons,75.0,"Elway, John",johnelway/2500547,215.0,1983 - 1998,1988,Denver Broncos,15,496.0,274.0,55.2,33.1,,6.7,220.6,17.0,3.4,19.0,3.8,86.0,0.0,0.0,30.0,237.0,71.4,QB
56.0,"Port Angeles , WA",6/28/1960,Stanford,,16 Seasons,75.0,"Elway, John",johnelway/2500547,215.0,1983 - 1998,1987,Denver Broncos,12,410.0,224.0,54.6,34.2,,7.8,266.5,19.0,4.6,12.0,2.9,,0.0,0.0,20.0,138.0,83.4,QB
56.0,"Port Angeles , WA",6/28/1960,Stanford,,16 Seasons,75.0,"Elway, John",johnelway/2500547,215.0,1983 - 1998,1986,Denver Broncos,16,504.0,280.0,55.6,31.5,,6.9,217.8,19.0,3.8,13.0,2.6,53.0,0.0,0.0,32.0,233.0,79.0,QB
56.0,"Port Angeles , WA",6/28/1960,Stanford,,16 Seasons,75.0,"Elway, John",johnelway/2500547,215.0,1983 - 1998,1985,Denver Broncos,16,605.0,327.0,54.0,37.8,,6.4,243.2,22.0,3.6,23.0,3.8,,0.0,0.0,38.0,307.0,70.2,QB
56.0,"Port Angeles , WA",6/28/1960,Stanford,,16 Seasons,75.0,"Elway, John",johnelway/2500547,215.0,1983 - 1998,1984,Denver Broncos,15,380.0,214.0,56.3,25.3,,6.8,173.2,18.0,4.7,15.0,3.9,73.0,0.0,0.0,24.0,158.0,76.8,QB
56.0,"Port Angeles , WA",6/28/1960,Stanford,,16 Seasons,75.0,"Elway, John",johnelway/2500547,215.0,1983 - 1998,1983,Denver Broncos,11,259.0,123.0,47.5,23.5,,6.4,151.2,7.0,2.7,14.0,5.4,,0.0,0.0,28.0,218.0,54.9,QB
35.0,"Hayward , CA",8/21/1981,Brigham Young,,6 Seasons,74.0,"Beck, John",johnbeck/2507171,217.0,2007 - 2012,2011,Washington Redskins,4,132.0,80.0,60.6,33.0,858.0,6.5,214.5,2.0,1.5,4.0,3.0,32.0,8.0,0.0,16.0,84.0,72.1,QB
35.0,"Hayward , CA",8/21/1981,Brigham Young,,6 Seasons,74.0,"Beck, John",johnbeck/2507171,217.0,2007 - 2012,2007,Miami Dolphins,5,107.0,60.0,56.1,21.4,559.0,5.2,111.8,1.0,0.9,3.0,2.8,,8.0,0.0,10.0,69.0,62.0,QB
25.0,"Windermere , FL",12/26/1991,Northwestern,Denver Broncos,3rd season,75.0,"Siemian, Trevor",trevorsiemian/2553457,220.0,,2016,Denver Broncos,14,486.0,289.0,59.5,34.7,,7.0,242.9,18.0,3.7,10.0,2.1,,37.0,8.0,31.0,187.0,84.6,QB
29.0,Makati City Philippines,8/14/1987,Florida,,5 Seasons,75.0,"Tebow, Tim",timtebow/497135,245.0,2010 - 2015,2011,Denver Broncos,14,271.0,126.0,46.5,19.4,,6.4,123.5,12.0,4.4,6.0,2.2,,25.0,6.0,33.0,225.0,72.9,QB
29.0,Makati City Philippines,8/14/1987,Florida,,5 Seasons,75.0,"Tebow, Tim",timtebow/497135,245.0,2010 - 2015,2010,Denver Broncos,9,82.0,41.0,50.0,9.1,654.0,8.0,72.7,5.0,6.1,3.0,3.7,50.0,10.0,2.0,6.0,26.0,82.1,QB
29.0,"Brownwood , TX",2/17/1988,Houston,Minnesota Vikings,6th season,73.0,"Keenum, Case",casekeenum/2532888,205.0,,2016,Los Angeles Rams,10,322.0,196.0,60.9,32.2,,6.8,220.1,9.0,2.8,11.0,3.4,,31.0,8.0,23.0,140.0,76.4,QB
29.0,"Brownwood , TX",2/17/1988,Houston,Minnesota Vikings,6th season,73.0,"Keenum, Case",casekeenum/2532888,205.0,,2015,St. Louis Rams,6,125.0,76.0,60.8,20.8,828.0,6.6,138.0,4.0,3.2,1.0,0.8,,7.0,2.0,4.0,28.0,87.7,QB
29.0,"Brownwood , TX",2/17/1988,Houston,Minnesota Vikings,6th season,73.0,"Keenum, Case",casekeenum/2532888,205.0,,2014,Houston Texans,2,77.0,45.0,58.4,38.5,435.0,5.6,217.5,2.0,2.6,2.0,2.6,35.0,6.0,0.0,3.0,15.0,72.2,QB
29.0,"Brownwood , TX",2/17/1988,Houston,Minnesota Vikings,6th season,73.0,"Keenum, Case",casekeenum/2532888,205.0,,2013,Houston Texans,8,253.0,137.0,54.2,31.6,,7.0,220.0,9.0,3.6,6.0,2.4,66.0,26.0,6.0,19.0,201.0,78.2,QB
37.0,"Middleburg , OH",10/3/1979,Louisville,,3 Seasons,75.0,"Ragone, Dave",daveragone/2505594,221.0,2003 - 2006,2003,Houston Texans,2,40.0,20.0,50.0,20.0,135.0,3.4,67.5,0.0,0.0,1.0,2.5,24.0,1.0,0.0,8.0,39.0,47.4,QB
24.0,"Miami , FL",11/10/1992,Louisville,Minnesota Vikings,4th season,74.0,"Bridgewater, Teddy",teddybridgewater/2543465,215.0,,2015,Minnesota Vikings,16,447.0,292.0,65.3,27.9,,7.2,201.9,14.0,3.1,9.0,2.0,52.0,41.0,6.0,44.0,307.0,88.7,QB
24.0,"Miami , FL",11/10/1992,Louisville,Minnesota Vikings,4th season,74.0,"Bridgewater, Teddy",teddybridgewater/2543465,215.0,,2014,Minnesota Vikings,13,402.0,259.0,64.4,30.9,,7.3,224.5,14.0,3.5,12.0,3.0,,38.0,7.0,39.0,249.0,85.2,QB
62.0,"Van Nuys , CA",5/21/1955,Wichita State,,6 Seasons,74.0,"Adkins, Sam",samadkins/2508248,214.0,1977 - 1982,1980,Seattle Seahawks,4,23.0,10.0,43.5,5.8,136.0,5.9,34.0,1.0,4.3,3.0,13.0,22.0,0.0,0.0,6.0,51.0,37.9,QB
70.0,"Charlotte , NC",2/26/1947,Tulsa,,4 Seasons,74.0,"Arrington, Rick",rickarrington/2508672,200.0,1970 - 1973,1971,Philadelphia Eagles,10,118.0,55.0,46.6,11.8,576.0,4.9,57.6,2.0,1.7,5.0,4.2,,0.0,0.0,13.0,95.0,49.3,QB
70.0,"Charlotte , NC",2/26/1947,Tulsa,,4 Seasons,74.0,"Arrington, Rick",rickarrington/2508672,200.0,1970 - 1973,1970,Philadelphia Eagles,6,73.0,37.0,50.7,12.2,328.0,4.5,54.7,1.0,1.4,3.0,4.1,,0.0,0.0,2.0,19.0,50.5,QB
,"Hokendauqua , PA",12/10/1917,Temple,,2 Seasons,72.0,"Tomasic, Andy",andytomasic/2527513,175.0,1942 - 1946,1942,Pittsburgh Steelers,11,54.0,11.0,20.4,4.9,174.0,3.2,15.8,0.0,0.0,5.0,9.3,,0.0,0.0,0.0,0.0,1.9,QB
,"Memphis , TX",11/17/1917,West Texas A&M,,2 Seasons,69.0,"Watkins, Foster",fosterwatkins/2528335,163.0,1940 - 1941,1940,Philadelphia Eagles,9,85.0,28.0,32.9,9.4,565.0,6.6,62.8,1.0,1.2,3.0,3.5,,0.0,0.0,0.0,0.0,46.4,QB
48.0,"Houston , TX",2/17/1969,Houston,,6 Seasons,75.0,"Klingler, David",davidklingler/2501636,215.0,1992 - 1997,1996,Oakland Raiders,1,24.0,10.0,41.7,24.0,87.0,3.6,87.0,0.0,0.0,0.0,0.0,20.0,1.0,0.0,4.0,16.0,51.9,QB
48.0,"Houston , TX",2/17/1969,Houston,,6 Seasons,75.0,"Klingler, David",davidklingler/2501636,215.0,1992 - 1997,1995,Cincinnati Bengals,3,15.0,7.0,46.7,5.0,88.0,5.9,29.3,1.0,6.7,1.0,6.7,33.0,2.0,0.0,1.0,10.0,59.9,QB
48.0,"Houston , TX",2/17/1969,Houston,,6 Seasons,75.0,"Klingler, David",davidklingler/2501636,215.0,1992 - 1997,1994,Cincinnati Bengals,10,231.0,131.0,56.7,23.1,,5.7,132.7,6.0,2.6,9.0,3.9,56.0,15.0,4.0,24.0,165.0,65.7,QB
48.0,"Houston , TX",2/17/1969,Houston,,6 Seasons,75.0,"Klingler, David",davidklingler/2501636,215.0,1992 - 1997,1993,Cincinnati Bengals,14,343.0,190.0,55.4,24.5,,5.6,138.2,6.0,1.7,9.0,2.6,51.0,26.0,3.0,40.0,202.0,66.6,QB
48.0,"Houston , TX",2/17/1969,Houston,,6 Seasons,75.0,"Klingler, David",davidklingler/2501636,215.0,1992 - 1997,1992,Cincinnati Bengals,4,98.0,47.0,48.0,24.5,530.0,5.4,132.5,3.0,3.1,2.0,2.0,,3.0,1.0,18.0,146.0,66.3,QB
64.0,"Westbury , NY",1/23/1953,USC,,6 Seasons,71.0,"Haden, Pat",pathaden/2515552,182.0,1976 - 1981,1981,Los Angeles Rams,13,267.0,138.0,51.7,20.5,,6.8,139.6,9.0,3.4,13.0,4.9,,0.0,0.0,28.0,227.0,64.4,QB
64.0,"Westbury , NY",1/23/1953,USC,,6 Seasons,71.0,"Haden, Pat",pathaden/2515552,182.0,1976 - 1981,1980,Los Angeles Rams,4,41.0,19.0,46.3,10.2,185.0,4.5,46.2,0.0,0.0,4.0,9.8,24.0,0.0,0.0,4.0,30.0,19.9,QB
64.0,"Westbury , NY",1/23/1953,USC,,6 Seasons,71.0,"Haden, Pat",pathaden/2515552,182.0,1976 - 1981,1979,Los Angeles Rams,10,290.0,163.0,56.2,29.0,,6.4,185.4,11.0,3.8,14.0,4.8,50.0,0.0,0.0,21.0,178.0,68.1,QB
64.0,"Westbury , NY",1/23/1953,USC,,6 Seasons,71.0,"Haden, Pat",pathaden/2515552,182.0,1976 - 1981,1978,Los Angeles Rams,16,444.0,229.0,51.6,27.8,,6.7,187.2,13.0,2.9,19.0,4.3,,0.0,0.0,32.0,216.0,65.1,QB
64.0,"Westbury , NY",1/23/1953,USC,,6 Seasons,71.0,"Haden, Pat",pathaden/2515552,182.0,1976 - 1981,1977,Los Angeles Rams,12,216.0,122.0,56.5,18.0,,7.2,129.2,11.0,5.1,6.0,2.8,58.0,0.0,0.0,17.0,151.0,84.5,QB
64.0,"Westbury , NY",1/23/1953,USC,,6 Seasons,71.0,"Haden, Pat",pathaden/2515552,182.0,1976 - 1981,1976,Los Angeles Rams,10,105.0,60.0,57.1,10.5,896.0,8.5,89.6,8.0,7.6,4.0,3.8,,0.0,0.0,13.0,86.0,94.8,QB
56.0,"Rockville Centre , NY",11/27/1960,California-Davis,,11 Seasons,76.0,"O'Brien, Ken",keno'brien/2502323,210.0,1983 - 1993,1993,Philadelphia Eagles,5,137.0,71.0,51.8,27.4,708.0,5.2,141.6,4.0,2.9,3.0,2.2,41.0,5.0,1.0,15.0,116.0,67.4,QB
56.0,"Rockville Centre , NY",11/27/1960,California-Davis,,11 Seasons,76.0,"O'Brien, Ken",keno'brien/2502323,210.0,1983 - 1993,1992,New York Jets,10,98.0,55.0,56.1,9.8,642.0,6.6,64.2,5.0,5.1,6.0,6.1,,7.0,1.0,10.0,61.0,67.6,QB
56.0,"Rockville Centre , NY",11/27/1960,California-Davis,,11 Seasons,76.0,"O'Brien, Ken",keno'brien/2502323,210.0,1983 - 1993,1991,New York Jets,16,489.0,287.0,58.7,30.6,,6.7,206.2,10.0,2.0,11.0,2.2,53.0,42.0,3.0,33.0,273.0,76.6,QB
56.0,"Rockville Centre , NY",11/27/1960,California-Davis,,11 Seasons,76.0,"O'Brien, Ken",keno'brien/2502323,210.0,1983 - 1993,1990,New York Jets,16,411.0,226.0,55.0,25.7,,6.9,178.4,13.0,3.2,10.0,2.4,,0.0,0.0,34.0,262.0,77.3,QB
56.0,"Rockville Centre , NY",11/27/1960,California-Davis,,11 Seasons,76.0,"O'Brien, Ken",keno'brien/2502323,210.0,1983 - 1993,1989,New York Jets,15,477.0,288.0,60.4,31.8,,7.0,223.1,12.0,2.5,18.0,3.8,57.0,0.0,0.0,50.0,391.0,74.3,QB
56.0,"Rockville Centre , NY",11/27/1960,California-Davis,,11 Seasons,76.0,"O'Brien, Ken",keno'brien/2502323,210.0,1983 - 1993,1988,New York Jets,14,424.0,236.0,55.7,30.3,,6.1,183.4,15.0,3.5,7.0,1.7,,0.0,0.0,37.0,267.0,78.6,QB
56.0,"Rockville Centre , NY",11/27/1960,California-Davis,,11 Seasons,76.0,"O'Brien, Ken",keno'brien/2502323,210.0,1983 - 1993,1987,New York Jets,12,393.0,234.0,59.5,32.8,,6.9,224.7,13.0,3.3,8.0,2.0,59.0,0.0,0.0,50.0,364.0,82.8,QB
56.0,"Rockville Centre , NY",11/27/1960,California-Davis,,11 Seasons,76.0,"O'Brien, Ken",keno'brien/2502323,210.0,1983 - 1993,1986,New York Jets,15,482.0,300.0,62.2,32.1,,7.7,246.0,25.0,5.2,20.0,4.1,,0.0,0.0,40.0,353.0,85.8,QB
56.0,"Rockville Centre , NY",11/27/1960,California-Davis,,11 Seasons,76.0,"O'Brien, Ken",keno'brien/2502323,210.0,1983 - 1993,1985,New York Jets,16,488.0,297.0,60.9,30.5,,8.0,243.0,25.0,5.1,8.0,1.6,,0.0,0.0,62.0,399.0,96.2,QB
56.0,"Rockville Centre , NY",11/27/1960,California-Davis,,11 Seasons,76.0,"O'Brien, Ken",keno'brien/2502323,210.0,1983 - 1993,1984,New York Jets,10,203.0,116.0,57.1,20.3,,6.9,140.2,6.0,3.0,7.0,3.4,49.0,0.0,0.0,22.0,168.0,74.0,QB
,"Brooklyn , NY",9/5/1921,USC,,2 Seasons,70.0,"Margucci, Joe",joemargucci/2520140,182.0,1947 - 1948,1947,Detroit Lions,11,31.0,13.0,41.9,2.8,171.0,5.5,15.5,1.0,3.2,5.0,16.1,,0.0,0.0,0.0,20.0,31.2,QB
69.0,"Newport , RI",1/8/1948,Mississippi State,,8 Seasons,73.0,"Reed, Joe",joereed/2523867,195.0,1972 - 1979,1979,Detroit Lions,2,32.0,14.0,43.8,16.0,164.0,5.1,82.0,2.0,6.3,1.0,3.1,50.0,0.0,0.0,5.0,27.0,67.7,QB
69.0,"Newport , RI",1/8/1948,Mississippi State,,8 Seasons,73.0,"Reed, Joe",joereed/2523867,195.0,1972 - 1979,1977,Detroit Lions,3,40.0,13.0,32.5,13.3,150.0,3.8,50.0,0.0,0.0,4.0,10.0,26.0,0.0,0.0,11.0,75.0,5.2,QB
69.0,"Newport , RI",1/8/1948,Mississippi State,,8 Seasons,73.0,"Reed, Joe",joereed/2523867,195.0,1972 - 1979,1976,Detroit Lions,13,62.0,32.0,51.6,4.8,425.0,6.9,32.7,3.0,4.8,3.0,4.8,57.0,0.0,0.0,12.0,93.0,69.6,QB
69.0,"Newport , RI",1/8/1948,Mississippi State,,8 Seasons,73.0,"Reed, Joe",joereed/2523867,195.0,1972 - 1979,1975,Detroit Lions,10,191.0,86.0,45.0,19.1,,6.2,118.1,9.0,4.7,10.0,5.2,,0.0,0.0,14.0,119.0,59.3,QB
69.0,"Newport , RI",1/8/1948,Mississippi State,,8 Seasons,73.0,"Reed, Joe",joereed/2523867,195.0,1972 - 1979,1974,San Francisco 49ers,6,74.0,29.0,39.2,12.3,316.0,4.3,52.7,2.0,2.7,7.0,9.5,,0.0,0.0,7.0,50.0,22.1,QB
69.0,"Newport , RI",1/8/1948,Mississippi State,,8 Seasons,73.0,"Reed, Joe",joereed/2523867,195.0,1972 - 1979,1973,San Francisco 49ers,6,114.0,51.0,44.7,19.0,589.0,5.2,98.2,2.0,1.8,6.0,5.3,,0.0,0.0,10.0,56.0,44.8,QB
32.0,"Victoria , TX",8/24/1984,Houston,,7 Seasons,75.0,"Kolb, Kevin",kevinkolb/2507169,218.0,2007 - 2013,2012,Arizona Cardinals,6,183.0,109.0,59.6,30.5,,6.4,194.8,8.0,4.4,3.0,1.6,,13.0,1.0,27.0,159.0,86.1,QB
32.0,"Victoria , TX",8/24/1984,Houston,,7 Seasons,75.0,"Kolb, Kevin",kevinkolb/2507169,218.0,2007 - 2013,2011,Arizona Cardinals,9,253.0,146.0,57.7,28.1,,7.7,217.2,9.0,3.6,8.0,3.2,,23.0,8.0,30.0,219.0,81.1,QB
32.0,"Victoria , TX",8/24/1984,Houston,,7 Seasons,75.0,"Kolb, Kevin",kevinkolb/2507169,218.0,2007 - 2013,2010,Philadelphia Eagles,7,189.0,115.0,60.8,27.0,,6.3,171.0,7.0,3.7,7.0,3.7,,13.0,3.0,15.0,99.0,76.1,QB
32.0,"Victoria , TX",8/24/1984,Houston,,7 Seasons,75.0,"Kolb, Kevin",kevinkolb/2507169,218.0,2007 - 2013,2009,Philadelphia Eagles,5,96.0,62.0,64.6,19.2,741.0,7.7,148.2,4.0,4.2,3.0,3.1,,8.0,3.0,3.0,27.0,88.9,QB
32.0,"Victoria , TX",8/24/1984,Houston,,7 Seasons,75.0,"Kolb, Kevin",kevinkolb/2507169,218.0,2007 - 2013,2008,Philadelphia Eagles,6,34.0,17.0,50.0,5.7,144.0,4.2,24.0,0.0,0.0,4.0,11.8,16.0,0.0,0.0,0.0,0.0,21.8,QB
47.0,"Pittsburgh , PA",5/1/1970,Pittsburgh,,11 Seasons,73.0,"Van Pelt, Alex",alexvanpelt/2503454,220.0,1993 - 2003,2001,Buffalo Bills,12,307.0,178.0,58.0,25.6,,6.7,171.3,12.0,3.9,11.0,3.6,,26.0,6.0,14.0,73.0,76.4,QB
47.0,"Pittsburgh , PA",5/1/1970,Pittsburgh,,11 Seasons,73.0,"Van Pelt, Alex",alexvanpelt/2503454,220.0,1993 - 2003,1997,Buffalo Bills,6,124.0,60.0,48.4,20.7,684.0,5.5,114.0,2.0,1.6,10.0,8.1,39.0,8.0,0.0,4.0,33.0,37.2,QB
47.0,"Pittsburgh , PA",5/1/1970,Pittsburgh,,11 Seasons,73.0,"Van Pelt, Alex",alexvanpelt/2503454,220.0,1993 - 2003,1995,Buffalo Bills,1,18.0,10.0,55.6,18.0,106.0,5.9,106.0,2.0,11.1,0.0,0.0,,0.0,0.0,0.0,0.0,110.0,QB
39.0,"Gainesville , FL",10/27/1977,Florida,,7 Seasons,74.0,"Johnson, Doug",dougjohnson/2503961,218.0,2000 - 2007,2003,Atlanta Falcons,10,243.0,136.0,56.0,24.3,,6.8,165.5,8.0,3.3,12.0,4.9,,22.0,7.0,19.0,121.0,67.5,QB
39.0,"Gainesville , FL",10/27/1977,Florida,,7 Seasons,74.0,"Johnson, Doug",dougjohnson/2503961,218.0,2000 - 2007,2002,Atlanta Falcons,6,57.0,37.0,64.9,9.5,448.0,7.9,74.7,2.0,3.5,3.0,5.3,63.0,4.0,1.0,3.0,11.0,78.7,QB
39.0,"Gainesville , FL",10/27/1977,Florida,,7 Seasons,74.0,"Johnson, Doug",dougjohnson/2503961,218.0,2000 - 2007,2000,Atlanta Falcons,4,67.0,36.0,53.7,16.8,406.0,6.1,101.5,2.0,3.0,3.0,4.5,26.0,5.0,0.0,13.0,75.0,63.4,QB
31.0,"Lakewood , OH",10/13/1985,Michigan State,San Francisco 49ers,9th season,74.0,"Hoyer, Brian",brianhoyer/81294,215.0,,2016,Chicago Bears,6,200.0,134.0,67.0,33.3,,7.2,240.8,6.0,3.0,0.0,0.0,64.0,13.0,1.0,4.0,18.0,98.0,QB
31.0,"Lakewood , OH",10/13/1985,Michigan State,San Francisco 49ers,9th season,74.0,"Hoyer, Brian",brianhoyer/81294,215.0,,2015,Houston Texans,11,369.0,224.0,60.7,33.5,,7.1,236.9,19.0,5.1,7.0,1.9,49.0,32.0,5.0,25.0,185.0,91.4,QB
31.0,"Lakewood , OH",10/13/1985,Michigan State,San Francisco 49ers,9th season,74.0,"Hoyer, Brian",brianhoyer/81294,215.0,,2014,Cleveland Browns,14,438.0,242.0,55.3,31.3,,7.6,237.6,12.0,2.7,13.0,3.0,,51.0,10.0,24.0,160.0,76.5,QB
31.0,"Lakewood , OH",10/13/1985,Michigan State,San Francisco 49ers,9th season,74.0,"Hoyer, Brian",brianhoyer/81294,215.0,,2013,Cleveland Browns,3,96.0,57.0,59.4,32.0,615.0,6.4,205.0,5.0,5.2,3.0,3.1,,6.0,1.0,6.0,48.0,82.6,QB
31.0,"Lakewood , OH",10/13/1985,Michigan State,San Francisco 49ers,9th season,74.0,"Hoyer, Brian",brianhoyer/81294,215.0,,2012,Arizona Cardinals,2,53.0,30.0,56.6,26.5,330.0,6.2,165.0,1.0,1.9,2.0,3.8,53.0,4.0,1.0,4.0,30.0,65.8,QB
31.0,"Lakewood , OH",10/13/1985,Michigan State,San Francisco 49ers,9th season,74.0,"Hoyer, Brian",brianhoyer/81294,215.0,,2010,New England Patriots,5,15.0,7.0,46.7,3.0,122.0,8.1,24.4,1.0,6.7,1.0,6.7,,1.0,1.0,0.0,0.0,69.3,QB
31.0,"Lakewood , OH",10/13/1985,Michigan State,San Francisco 49ers,9th season,74.0,"Hoyer, Brian",brianhoyer/81294,215.0,,2009,New England Patriots,5,27.0,19.0,70.4,5.4,142.0,5.3,28.4,0.0,0.0,0.0,0.0,17.0,0.0,0.0,2.0,18.0,82.6,QB
72.0,"Miami , FL",10/12/1944,Florida State,,3 Seasons,73.0,"Hammond, Kim",kimhammond/2515715,190.0,1968 - 1970,1968,Miami Dolphins,3,26.0,13.0,50.0,8.7,116.0,4.5,38.7,0.0,0.0,2.0,7.7,,0.0,0.0,3.0,28.0,30.3,QB
53.0,"Buffalo , NY",2/25/1964,Virginia,,10 Seasons,74.0,"Majkowski, Don",donmajkowski/2501847,208.0,1987 - 1996,1996,Detroit Lions,5,102.0,55.0,53.9,20.4,554.0,5.4,110.8,3.0,2.9,3.0,2.9,27.0,2.0,0.0,10.0,61.0,67.2,QB
53.0,"Buffalo , NY",2/25/1964,Virginia,,10 Seasons,74.0,"Majkowski, Don",donmajkowski/2501847,208.0,1987 - 1996,1995,Detroit Lions,5,20.0,15.0,75.0,4.0,161.0,8.1,32.2,1.0,5.0,0.0,0.0,22.0,1.0,0.0,1.0,5.0,114.8,QB
53.0,"Buffalo , NY",2/25/1964,Virginia,,10 Seasons,74.0,"Majkowski, Don",donmajkowski/2501847,208.0,1987 - 1996,1994,Indianapolis Colts,9,152.0,84.0,55.3,16.9,,6.6,112.2,6.0,3.9,7.0,4.6,29.0,13.0,0.0,9.0,76.0,69.8,QB
53.0,"Buffalo , NY",2/25/1964,Virginia,,10 Seasons,74.0,"Majkowski, Don",donmajkowski/2501847,208.0,1987 - 1996,1993,Indianapolis Colts,3,24.0,13.0,54.2,8.0,105.0,4.4,35.0,0.0,0.0,1.0,4.2,17.0,0.0,0.0,1.0,5.0,48.1,QB
53.0,"Buffalo , NY",2/25/1964,Virginia,,10 Seasons,74.0,"Majkowski, Don",donmajkowski/2501847,208.0,1987 - 1996,1992,Green Bay Packers,14,55.0,38.0,69.1,3.9,271.0,4.9,19.4,2.0,3.6,2.0,3.6,32.0,1.0,0.0,9.0,60.0,77.2,QB
53.0,"Buffalo , NY",2/25/1964,Virginia,,10 Seasons,74.0,"Majkowski, Don",donmajkowski/2501847,208.0,1987 - 1996,1991,Green Bay Packers,9,226.0,115.0,50.9,25.1,,6.0,151.3,3.0,1.3,8.0,3.5,39.0,16.0,0.0,30.0,152.0,59.3,QB
53.0,"Buffalo , NY",2/25/1964,Virginia,,10 Seasons,74.0,"Majkowski, Don",donmajkowski/2501847,208.0,1987 - 1996,1990,Green Bay Packers,9,264.0,150.0,56.8,29.3,,7.3,213.9,10.0,3.8,12.0,4.5,,0.0,0.0,32.0,178.0,73.5,QB
53.0,"Buffalo , NY",2/25/1964,Virginia,,10 Seasons,74.0,"Majkowski, Don",donmajkowski/2501847,208.0,1987 - 1996,1989,Green Bay Packers,16,599.0,353.0,58.9,37.4,,7.2,269.9,27.0,4.5,20.0,3.3,,0.0,0.0,47.0,268.0,82.3,QB
53.0,"Buffalo , NY",2/25/1964,Virginia,,10 Seasons,74.0,"Majkowski, Don",donmajkowski/2501847,208.0,1987 - 1996,1988,Green Bay Packers,13,336.0,178.0,53.0,25.8,,6.3,163.0,9.0,2.7,11.0,3.3,56.0,0.0,0.0,31.0,176.0,67.8,QB
53.0,"Buffalo , NY",2/25/1964,Virginia,,10 Seasons,74.0,"Majkowski, Don",donmajkowski/2501847,208.0,1987 - 1996,1987,Green Bay Packers,7,127.0,55.0,43.3,18.1,875.0,6.9,125.0,5.0,3.9,3.0,2.4,,0.0,0.0,10.0,77.0,70.2,QB
,"Fresno , CA",5/18/1935,Fresno State,,1 Season,71.0,"Papac, Nick",nickpapac/2522707,190.0,1961 - 1961,1961,Oakland Raiders,14,44.0,13.0,29.5,3.1,173.0,3.9,12.4,2.0,4.5,7.0,15.9,,0.0,0.0,0.0,0.0,19.0,QB
,"Superior , WI",11/12/1912,George Washington,,8 Seasons,72.0,"Leemans, Tuffy",tuffyleemans/2519304,195.0,1936 - 1943,1943,New York Giants,10,87.0,37.0,42.5,8.7,360.0,4.1,36.0,5.0,5.7,5.0,5.7,,0.0,0.0,0.0,0.0,50.0,QB
,"Superior , WI",11/12/1912,George Washington,,8 Seasons,72.0,"Leemans, Tuffy",tuffyleemans/2519304,195.0,1936 - 1943,1942,New York Giants,8,69.0,35.0,50.7,8.6,555.0,8.0,69.4,7.0,10.1,4.0,5.8,,0.0,0.0,0.0,0.0,87.5,QB
,"Superior , WI",11/12/1912,George Washington,,8 Seasons,72.0,"Leemans, Tuffy",tuffyleemans/2519304,195.0,1936 - 1943,1941,New York Giants,11,66.0,31.0,47.0,6.0,475.0,7.2,43.2,4.0,6.1,5.0,7.6,,0.0,0.0,0.0,0.0,59.8,QB
,"Superior , WI",11/12/1912,George Washington,,8 Seasons,72.0,"Leemans, Tuffy",tuffyleemans/2519304,195.0,1936 - 1943,1940,New York Giants,10,31.0,15.0,48.4,3.1,159.0,5.1,15.9,2.0,6.5,3.0,9.7,,0.0,0.0,0.0,0.0,45.7,QB
,"Superior , WI",11/12/1912,George Washington,,8 Seasons,72.0,"Leemans, Tuffy",tuffyleemans/2519304,195.0,1936 - 1943,1939,New York Giants,10,26.0,12.0,46.2,2.6,198.0,7.6,19.8,0.0,0.0,2.0,7.7,,0.0,0.0,0.0,0.0,40.2,QB
,"Superior , WI",11/12/1912,George Washington,,8 Seasons,72.0,"Leemans, Tuffy",tuffyleemans/2519304,195.0,1936 - 1943,1938,New York Giants,10,42.0,19.0,45.2,4.2,249.0,5.9,24.9,3.0,7.1,6.0,14.3,,0.0,0.0,0.0,0.0,48.7,QB
,"Superior , WI",11/12/1912,George Washington,,8 Seasons,72.0,"Leemans, Tuffy",tuffyleemans/2519304,195.0,1936 - 1943,1937,New York Giants,9,20.0,5.0,25.0,2.2,64.0,3.2,7.1,1.0,5.0,1.0,5.0,,0.0,0.0,0.0,0.0,36.2,QB
,"Superior , WI",11/12/1912,George Washington,,8 Seasons,72.0,"Leemans, Tuffy",tuffyleemans/2519304,195.0,1936 - 1943,1936,New York Giants,12,42.0,13.0,31.0,3.5,258.0,6.1,21.5,3.0,7.1,6.0,14.3,,0.0,0.0,0.0,0.0,37.7,QB
61.0,"Milwaukee , WI",6/10/1955,Northwestern,,3 Seasons,75.0,"Dean, Randy",randydean/2512687,195.0,1977 - 1979,1979,New York Giants,16,26.0,11.0,42.3,1.6,91.0,3.5,5.7,0.0,0.0,2.0,7.7,20.0,0.0,0.0,3.0,23.0,19.9,QB
61.0,"Milwaukee , WI",6/10/1955,Northwestern,,3 Seasons,75.0,"Dean, Randy",randydean/2512687,195.0,1977 - 1979,1978,New York Giants,6,39.0,19.0,48.7,6.5,188.0,4.8,31.3,1.0,2.6,3.0,7.7,48.0,0.0,0.0,2.0,16.0,39.3,QB
,"St. Louis , MO",3/5/1918,Missouri,,6 Seasons,72.0,"Christman, Paul",paulchristman/2511470,210.0,1945 - 1950,1950,Green Bay Packers,11,126.0,51.0,40.5,11.5,545.0,4.3,49.5,7.0,5.6,7.0,5.6,,0.0,0.0,0.0,132.0,49.2,QB
,"St. Louis , MO",3/5/1918,Missouri,,6 Seasons,72.0,"Christman, Paul",paulchristman/2511470,210.0,1945 - 1950,1949,Chicago Cardinals,12,151.0,75.0,49.7,12.6,,6.7,84.6,11.0,7.3,13.0,8.6,,0.0,0.0,0.0,108.0,59.9,QB
,"St. Louis , MO",3/5/1918,Missouri,,6 Seasons,72.0,"Christman, Paul",paulchristman/2511470,210.0,1945 - 1950,1948,Chicago Cardinals,7,114.0,51.0,44.7,16.3,740.0,6.5,105.7,5.0,4.4,4.0,3.5,,0.0,0.0,0.0,54.0,66.4,QB
,"St. Louis , MO",3/5/1918,Missouri,,6 Seasons,72.0,"Christman, Paul",paulchristman/2511470,210.0,1945 - 1950,1947,Chicago Cardinals,12,301.0,138.0,45.8,25.1,,7.3,182.6,17.0,5.6,22.0,7.3,,0.0,0.0,0.0,121.0,59.0,QB
,"St. Louis , MO",3/5/1918,Missouri,,6 Seasons,72.0,"Christman, Paul",paulchristman/2511470,210.0,1945 - 1950,1946,Chicago Cardinals,11,229.0,100.0,43.7,20.8,,7.2,150.5,13.0,5.7,18.0,7.9,,0.0,0.0,0.0,0.0,54.8,QB
,"St. Louis , MO",3/5/1918,Missouri,,6 Seasons,72.0,"Christman, Paul",paulchristman/2511470,210.0,1945 - 1950,1945,Chicago Cardinals,8,219.0,89.0,40.6,27.4,,5.2,143.4,5.0,2.3,12.0,5.5,,0.0,0.0,0.0,0.0,42.6,QB
29.0,"Oklahoma City , OK",11/8/1987,Oklahoma,Minnesota Vikings,8th season,76.0,"Bradford, Sam",sambradford/497095,224.0,,2016,Minnesota Vikings,15,552.0,395.0,71.6,36.8,,7.0,258.5,20.0,3.6,5.0,0.9,,49.0,8.0,37.0,276.0,99.3,QB
29.0,"Oklahoma City , OK",11/8/1987,Oklahoma,Minnesota Vikings,8th season,76.0,"Bradford, Sam",sambradford/497095,224.0,,2015,Philadelphia Eagles,14,532.0,346.0,65.0,38.0,,7.0,266.1,19.0,3.6,14.0,2.6,,46.0,13.0,28.0,200.0,86.4,QB
29.0,"Oklahoma City , OK",11/8/1987,Oklahoma,Minnesota Vikings,8th season,76.0,"Bradford, Sam",sambradford/497095,224.0,,2013,St. Louis Rams,7,262.0,159.0,60.7,37.4,,6.4,241.0,14.0,5.3,4.0,1.5,73.0,19.0,3.0,15.0,97.0,90.9,QB
29.0,"Oklahoma City , OK",11/8/1987,Oklahoma,Minnesota Vikings,8th season,76.0,"Bradford, Sam",sambradford/497095,224.0,,2012,St. Louis Rams,16,551.0,328.0,59.5,34.4,,6.7,231.4,21.0,3.8,13.0,2.4,,41.0,8.0,35.0,233.0,82.6,QB
29.0,"Oklahoma City , OK",11/8/1987,Oklahoma,Minnesota Vikings,8th season,76.0,"Bradford, Sam",sambradford/497095,224.0,,2011,St. Louis Rams,10,357.0,191.0,53.5,35.7,,6.1,216.4,6.0,1.7,6.0,1.7,68.0,25.0,3.0,36.0,248.0,70.5,QB
29.0,"Oklahoma City , OK",11/8/1987,Oklahoma,Minnesota Vikings,8th season,76.0,"Bradford, Sam",sambradford/497095,224.0,,2010,St. Louis Rams,16,590.0,354.0,60.0,36.9,,6.0,219.5,18.0,3.1,15.0,2.5,49.0,36.0,4.0,34.0,244.0,76.5,QB
78.0,"Big Spring , TX",11/22/1938,New Mexico State,,15 Seasons,73.0,"Johnson, Charley",charleyjohnson/2517588,200.0,1961 - 1975,1975,Denver Broncos,14,142.0,65.0,45.8,10.1,,7.2,72.9,5.0,3.5,12.0,8.5,,0.0,0.0,10.0,79.0,46.7,QB
78.0,"Big Spring , TX",11/22/1938,New Mexico State,,15 Seasons,73.0,"Johnson, Charley",charleyjohnson/2517588,200.0,1961 - 1975,1974,Denver Broncos,14,244.0,136.0,55.7,17.4,,8.1,140.6,13.0,5.3,9.0,3.7,,0.0,0.0,36.0,270.0,84.5,QB
78.0,"Big Spring , TX",11/22/1938,New Mexico State,,15 Seasons,73.0,"Johnson, Charley",charleyjohnson/2517588,200.0,1961 - 1975,1973,Denver Broncos,14,346.0,184.0,53.2,24.7,,7.1,176.1,20.0,5.8,17.0,4.9,,0.0,0.0,26.0,177.0,74.9,QB
78.0,"Big Spring , TX",11/22/1938,New Mexico State,,15 Seasons,73.0,"Johnson, Charley",charleyjohnson/2517588,200.0,1961 - 1975,1972,Denver Broncos,12,238.0,132.0,55.5,19.8,,7.5,148.6,14.0,5.9,14.0,5.9,,0.0,0.0,12.0,82.0,74.6,QB
78.0,"Big Spring , TX",11/22/1938,New Mexico State,,15 Seasons,73.0,"Johnson, Charley",charleyjohnson/2517588,200.0,1961 - 1975,1971,Houston Oilers,14,94.0,46.0,48.9,6.7,592.0,6.3,42.3,3.0,3.2,7.0,7.4,,0.0,0.0,8.0,61.0,48.7,QB
78.0,"Big Spring , TX",11/22/1938,New Mexico State,,15 Seasons,73.0,"Johnson, Charley",charleyjohnson/2517588,200.0,1961 - 1975,1970,Houston Oilers,10,281.0,144.0,51.2,28.1,,5.9,165.2,7.0,2.5,12.0,4.3,,0.0,0.0,15.0,124.0,59.8,QB
78.0,"Big Spring , TX",11/22/1938,New Mexico State,,15 Seasons,73.0,"Johnson, Charley",charleyjohnson/2517588,200.0,1961 - 1975,1969,St. Louis Cardinals,12,260.0,131.0,50.4,21.7,,7.1,153.9,13.0,5.0,13.0,5.0,,0.0,0.0,11.0,101.0,69.5,QB
78.0,"Big Spring , TX",11/22/1938,New Mexico State,,15 Seasons,73.0,"Johnson, Charley",charleyjohnson/2517588,200.0,1961 - 1975,1968,St. Louis Cardinals,7,67.0,29.0,43.3,9.6,330.0,4.9,47.1,1.0,1.5,1.0,1.5,,0.0,0.0,7.0,64.0,57.4,QB
78.0,"Big Spring , TX",11/22/1938,New Mexico State,,15 Seasons,73.0,"Johnson, Charley",charleyjohnson/2517588,200.0,1961 - 1975,1967,St. Louis Cardinals,5,29.0,12.0,41.4,5.8,162.0,5.6,32.4,1.0,3.4,3.0,10.3,,0.0,0.0,2.0,10.0,31.8,QB
78.0,"Big Spring , TX",11/22/1938,New Mexico State,,15 Seasons,73.0,"Johnson, Charley",charleyjohnson/2517588,200.0,1961 - 1975,1966,St. Louis Cardinals,9,205.0,103.0,50.2,22.8,,6.5,148.2,10.0,4.9,11.0,5.4,,0.0,0.0,18.0,170.0,65.0,QB
78.0,"Big Spring , TX",11/22/1938,New Mexico State,,15 Seasons,73.0,"Johnson, Charley",charleyjohnson/2517588,200.0,1961 - 1975,1965,St. Louis Cardinals,11,322.0,155.0,48.1,29.3,,7.6,221.7,18.0,5.6,15.0,4.7,,0.0,0.0,20.0,184.0,73.0,QB
78.0,"Big Spring , TX",11/22/1938,New Mexico State,,15 Seasons,73.0,"Johnson, Charley",charleyjohnson/2517588,200.0,1961 - 1975,1964,St. Louis Cardinals,14,420.0,223.0,53.1,30.0,,7.3,217.5,21.0,5.0,24.0,5.7,,0.0,0.0,37.0,298.0,69.4,QB
78.0,"Big Spring , TX",11/22/1938,New Mexico State,,15 Seasons,73.0,"Johnson, Charley",charleyjohnson/2517588,200.0,1961 - 1975,1963,St. Louis Cardinals,14,423.0,222.0,52.5,30.2,,7.8,234.3,28.0,6.6,21.0,5.0,,0.0,0.0,40.0,372.0,79.5,QB
78.0,"Big Spring , TX",11/22/1938,New Mexico State,,15 Seasons,73.0,"Johnson, Charley",charleyjohnson/2517588,200.0,1961 - 1975,1962,St. Louis Cardinals,11,308.0,150.0,48.7,28.0,,7.9,221.8,16.0,5.2,20.0,6.5,,0.0,0.0,0.0,184.0,65.9,QB
87.0,"Rochester , PA",5/7/1930,Kentucky,,15 Seasons,73.0,"Parilli, Babe",babeparilli/2522723,196.0,1952 - 1969,1969,New York Jets,14,24.0,14.0,58.3,1.7,138.0,5.8,9.9,2.0,8.3,1.0,4.2,,0.0,0.0,0.0,0.0,85.1,QB
87.0,"Rochester , PA",5/7/1930,Kentucky,,15 Seasons,73.0,"Parilli, Babe",babeparilli/2522723,196.0,1952 - 1969,1968,New York Jets,14,55.0,29.0,52.7,3.9,401.0,7.3,28.6,5.0,9.1,2.0,3.6,,0.0,0.0,3.0,23.0,91.6,QB
87.0,"Rochester , PA",5/7/1930,Kentucky,,15 Seasons,73.0,"Parilli, Babe",babeparilli/2522723,196.0,1952 - 1969,1967,Boston Patriots,14,344.0,161.0,46.8,24.6,,6.7,165.5,19.0,5.5,24.0,7.0,,0.0,0.0,29.0,250.0,58.5,QB
87.0,"Rochester , PA",5/7/1930,Kentucky,,15 Seasons,73.0,"Parilli, Babe",babeparilli/2522723,196.0,1952 - 1969,1966,Boston Patriots,14,382.0,181.0,47.4,27.3,,7.1,194.4,20.0,5.2,20.0,5.2,,0.0,0.0,0.0,0.0,66.9,QB
87.0,"Rochester , PA",5/7/1930,Kentucky,,15 Seasons,73.0,"Parilli, Babe",babeparilli/2522723,196.0,1952 - 1969,1965,Boston Patriots,14,426.0,173.0,40.6,30.4,,6.1,185.5,18.0,4.2,26.0,6.1,,0.0,0.0,0.0,0.0,50.0,QB
87.0,"Rochester , PA",5/7/1930,Kentucky,,15 Seasons,73.0,"Parilli, Babe",babeparilli/2522723,196.0,1952 - 1969,1964,Boston Patriots,14,473.0,228.0,48.2,33.8,,7.3,247.5,31.0,6.6,27.0,5.7,,0.0,0.0,0.0,0.0,70.8,QB
87.0,"Rochester , PA",5/7/1930,Kentucky,,15 Seasons,73.0,"Parilli, Babe",babeparilli/2522723,196.0,1952 - 1969,1963,Boston Patriots,14,337.0,153.0,45.4,24.1,,7.0,167.5,13.0,3.9,24.0,7.1,,0.0,0.0,0.0,0.0,52.1,QB
87.0,"Rochester , PA",5/7/1930,Kentucky,,15 Seasons,73.0,"Parilli, Babe",babeparilli/2522723,196.0,1952 - 1969,1962,Boston Patriots,10,253.0,140.0,55.3,25.3,,7.9,198.8,18.0,7.1,8.0,3.2,,0.0,0.0,0.0,0.0,91.5,QB
87.0,"Rochester , PA",5/7/1930,Kentucky,,15 Seasons,73.0,"Parilli, Babe",babeparilli/2522723,196.0,1952 - 1969,1961,Boston Patriots,14,198.0,104.0,52.5,14.1,,6.6,93.9,13.0,6.6,9.0,4.5,,0.0,0.0,0.0,0.0,76.5,QB
87.0,"Rochester , PA",5/7/1930,Kentucky,,15 Seasons,73.0,"Parilli, Babe",babeparilli/2522723,196.0,1952 - 1969,1960,Oakland Raiders,14,187.0,87.0,46.5,13.4,,5.4,71.6,5.0,2.7,11.0,5.9,,0.0,0.0,0.0,0.0,47.6,QB
87.0,"Rochester , PA",5/7/1930,Kentucky,,15 Seasons,73.0,"Parilli, Babe",babeparilli/2522723,196.0,1952 - 1969,1958,Green Bay Packers,12,157.0,68.0,43.3,13.1,,6.8,89.0,10.0,6.4,13.0,8.3,,0.0,0.0,0.0,89.0,53.3,QB
87.0,"Rochester , PA",5/7/1930,Kentucky,,15 Seasons,73.0,"Parilli, Babe",babeparilli/2522723,196.0,1952 - 1969,1957,Green Bay Packers,12,102.0,39.0,38.2,8.5,669.0,6.6,55.8,4.0,3.9,12.0,11.8,,0.0,0.0,0.0,125.0,34.8,QB
87.0,"Rochester , PA",5/7/1930,Kentucky,,15 Seasons,73.0,"Parilli, Babe",babeparilli/2522723,196.0,1952 - 1969,1956,Cleveland Browns,5,49.0,24.0,49.0,9.8,409.0,8.3,81.8,3.0,6.1,7.0,14.3,,0.0,0.0,0.0,63.0,58.5,QB
87.0,"Rochester , PA",5/7/1930,Kentucky,,15 Seasons,73.0,"Parilli, Babe",babeparilli/2522723,196.0,1952 - 1969,1953,Green Bay Packers,12,166.0,74.0,44.6,13.8,830.0,5.0,69.2,4.0,2.4,19.0,11.4,,0.0,0.0,0.0,161.0,28.5,QB
87.0,"Rochester , PA",5/7/1930,Kentucky,,15 Seasons,73.0,"Parilli, Babe",babeparilli/2522723,196.0,1952 - 1969,1952,Green Bay Packers,12,177.0,77.0,43.5,14.8,,8.0,118.0,13.0,7.3,17.0,9.6,,0.0,0.0,0.0,127.0,56.6,QB
,"Conshohocken , PA",11/30/1901,Syracuse,,10 Seasons,71.0,"McBride, Jack",jackmcbride/2520478,185.0,1925 - 1934,1933,New York Giants,11,24.0,11.0,45.8,2.2,138.0,5.8,12.5,2.0,8.3,2.0,8.3,,0.0,0.0,0.0,0.0,57.3,QB
,"Conshohocken , PA",11/30/1901,Syracuse,,10 Seasons,71.0,"McBride, Jack",jackmcbride/2520478,185.0,1925 - 1934,1932,New York Giants,9,74.0,36.0,48.6,8.2,363.0,4.9,40.3,6.0,8.1,9.0,12.2,,0.0,0.0,0.0,0.0,50.5,QB
,"Bronx , NY",1/5/1921,Columbia,,3 Seasons,71.0,"Governali, Paul",paulgovernali/2515123,193.0,1946 - 1948,1948,New York Giants,9,56.0,27.0,48.2,6.2,280.0,5.0,31.1,1.0,1.8,1.0,1.8,,0.0,0.0,0.0,45.0,61.6,QB
,"Bronx , NY",1/5/1921,Columbia,,3 Seasons,71.0,"Governali, Paul",paulgovernali/2515123,193.0,1946 - 1948,1947,New York Giants,8,197.0,85.0,43.1,24.6,,7.4,182.6,14.0,7.1,16.0,8.1,,0.0,0.0,0.0,280.0,58.8,QB
,"Bronx , NY",1/5/1921,Columbia,,3 Seasons,71.0,"Governali, Paul",paulgovernali/2515123,193.0,1946 - 1948,1947,Boston Yanks,4,55.0,23.0,41.8,13.8,314.0,5.7,78.5,3.0,5.5,6.0,10.9,,0.0,0.0,0.0,62.0,39.3,QB
,"Bronx , NY",1/5/1921,Columbia,,3 Seasons,71.0,"Governali, Paul",paulgovernali/2515123,193.0,1946 - 1948,1946,Boston Yanks,11,192.0,83.0,43.2,17.5,,6.7,117.5,13.0,6.8,10.0,5.2,,0.0,0.0,0.0,0.0,67.0,QB
,"San Diego , CA",10/28/1914,Washington State,,2 Seasons,70.0,"Goddard, Ed",edgoddard/2514977,183.0,1937 - 1938,1938,Cleveland Rams,10,43.0,19.0,44.2,4.3,238.0,5.5,23.8,0.0,0.0,6.0,14.0,,0.0,0.0,0.0,0.0,22.4,QB
,"San Diego , CA",10/28/1914,Washington State,,2 Seasons,70.0,"Goddard, Ed",edgoddard/2514977,183.0,1937 - 1938,1937,Cleveland Rams,4,18.0,9.0,50.0,4.5,134.0,7.4,33.5,0.0,0.0,3.0,16.7,,0.0,0.0,0.0,0.0,35.2,QB
,"San Diego , CA",10/28/1914,Washington State,,2 Seasons,70.0,"Goddard, Ed",edgoddard/2514977,183.0,1937 - 1938,1937,Brooklyn Dodgers,4,23.0,4.0,17.4,5.8,46.0,2.0,11.5,1.0,4.3,5.0,21.7,,0.0,0.0,0.0,0.0,14.5,QB
,"Salt Lake City , UT",7/13/1938,Utah,,7 Seasons,76.0,"Nofsinger, Terry",terrynofsinger/2522202,215.0,1961 - 1967,1967,Atlanta Falcons,7,60.0,30.0,50.0,8.6,352.0,5.9,50.3,1.0,1.7,2.0,3.3,,0.0,0.0,5.0,45.0,59.9,QB
,"Salt Lake City , UT",7/13/1938,Utah,,7 Seasons,76.0,"Nofsinger, Terry",terrynofsinger/2522202,215.0,1961 - 1967,1966,St. Louis Cardinals,7,162.0,68.0,42.0,23.1,799.0,4.9,114.1,2.0,1.2,8.0,4.9,,0.0,0.0,17.0,153.0,41.2,QB
,"Salt Lake City , UT",7/13/1938,Utah,,7 Seasons,76.0,"Nofsinger, Terry",terrynofsinger/2522202,215.0,1961 - 1967,1965,St. Louis Cardinals,1,20.0,8.0,40.0,20.0,47.0,2.4,47.0,1.0,5.0,1.0,5.0,,0.0,0.0,2.0,23.0,43.8,QB
54.0,"Chicago , IL",10/23/1962,Ohio State,,16 Seasons,73.0,"Tomczak, Mike",miketomczak/2503373,210.0,1985 - 2000,1999,Pittsburgh Steelers,16,258.0,139.0,53.9,16.1,,6.3,101.6,12.0,4.7,8.0,3.1,49.0,20.0,1.0,15.0,104.0,75.8,QB
54.0,"Chicago , IL",10/23/1962,Ohio State,,16 Seasons,73.0,"Tomczak, Mike",miketomczak/2503373,210.0,1985 - 2000,1998,Pittsburgh Steelers,16,30.0,21.0,70.0,1.9,204.0,6.8,12.8,2.0,6.7,2.0,6.7,42.0,2.0,1.0,2.0,18.0,83.2,QB
54.0,"Chicago , IL",10/23/1962,Ohio State,,16 Seasons,73.0,"Tomczak, Mike",miketomczak/2503373,210.0,1985 - 2000,1997,Pittsburgh Steelers,16,24.0,16.0,66.7,1.5,185.0,7.7,11.6,1.0,4.2,2.0,8.3,,1.0,0.0,0.0,0.0,68.9,QB
54.0,"Chicago , IL",10/23/1962,Ohio State,,16 Seasons,73.0,"Tomczak, Mike",miketomczak/2503373,210.0,1985 - 2000,1996,Pittsburgh Steelers,16,401.0,222.0,55.4,25.1,,6.9,172.9,15.0,3.7,17.0,4.2,,36.0,7.0,16.0,105.0,71.8,QB
54.0,"Chicago , IL",10/23/1962,Ohio State,,16 Seasons,73.0,"Tomczak, Mike",miketomczak/2503373,210.0,1985 - 2000,1995,Pittsburgh Steelers,7,113.0,65.0,57.5,16.1,666.0,5.9,95.1,1.0,0.9,9.0,8.0,29.0,5.0,0.0,6.0,42.0,44.3,QB
54.0,"Chicago , IL",10/23/1962,Ohio State,,16 Seasons,73.0,"Tomczak, Mike",miketomczak/2503373,210.0,1985 - 2000,1994,Pittsburgh Steelers,6,93.0,54.0,58.1,15.5,804.0,8.6,134.0,4.0,4.3,0.0,0.0,,14.0,3.0,4.0,33.0,100.8,QB
54.0,"Chicago , IL",10/23/1962,Ohio State,,16 Seasons,73.0,"Tomczak, Mike",miketomczak/2503373,210.0,1985 - 2000,1993,Pittsburgh Steelers,7,54.0,29.0,53.7,7.7,398.0,7.4,56.9,2.0,3.7,5.0,9.3,,5.0,0.0,7.0,43.0,51.3,QB
54.0,"Chicago , IL",10/23/1962,Ohio State,,16 Seasons,73.0,"Tomczak, Mike",miketomczak/2503373,210.0,1985 - 2000,1992,Cleveland Browns,12,211.0,120.0,56.9,17.6,,8.0,141.1,7.0,3.3,7.0,3.3,52.0,24.0,7.0,12.0,85.0,80.1,QB
54.0,"Chicago , IL",10/23/1962,Ohio State,,16 Seasons,73.0,"Tomczak, Mike",miketomczak/2503373,210.0,1985 - 2000,1991,Green Bay Packers,12,238.0,128.0,53.8,19.8,,6.3,124.2,11.0,4.6,9.0,3.8,,18.0,2.0,13.0,105.0,72.6,QB
54.0,"Chicago , IL",10/23/1962,Ohio State,,16 Seasons,73.0,"Tomczak, Mike",miketomczak/2503373,210.0,1985 - 2000,1990,Chicago Bears,16,104.0,39.0,37.5,6.5,521.0,5.0,32.6,3.0,2.9,5.0,4.8,48.0,0.0,0.0,11.0,70.0,43.8,QB
54.0,"Chicago , IL",10/23/1962,Ohio State,,16 Seasons,73.0,"Tomczak, Mike",miketomczak/2503373,210.0,1985 - 2000,1989,Chicago Bears,16,306.0,156.0,51.0,19.1,,6.7,128.6,16.0,5.2,16.0,5.2,,0.0,0.0,10.0,68.0,68.2,QB
54.0,"Chicago , IL",10/23/1962,Ohio State,,16 Seasons,73.0,"Tomczak, Mike",miketomczak/2503373,210.0,1985 - 2000,1988,Chicago Bears,14,170.0,86.0,50.6,12.1,,7.7,93.6,7.0,4.1,6.0,3.5,,0.0,0.0,5.0,47.0,75.4,QB
54.0,"Chicago , IL",10/23/1962,Ohio State,,16 Seasons,73.0,"Tomczak, Mike",miketomczak/2503373,210.0,1985 - 2000,1987,Chicago Bears,12,178.0,97.0,54.5,14.8,,6.9,101.7,5.0,2.8,10.0,5.6,,0.0,0.0,9.0,59.0,62.0,QB
54.0,"Chicago , IL",10/23/1962,Ohio State,,16 Seasons,73.0,"Tomczak, Mike",miketomczak/2503373,210.0,1985 - 2000,1986,Chicago Bears,13,151.0,74.0,49.0,11.6,,7.3,85.0,2.0,1.3,10.0,6.6,85.0,0.0,0.0,4.0,30.0,50.2,QB
50.0,"Morristown , NJ",7/3/1966,Maryland,,14 Seasons,75.0,"O'Donnell, Neil",neilo'donnell/2502324,228.0,1990 - 2003,2003,Tennessee Titans,1,27.0,18.0,66.7,27.0,232.0,8.6,232.0,2.0,7.4,1.0,3.7,,4.0,0.0,0.0,0.0,102.7,QB
50.0,"Morristown , NJ",7/3/1966,Maryland,,14 Seasons,75.0,"O'Donnell, Neil",neilo'donnell/2502324,228.0,1990 - 2003,2001,Tennessee Titans,5,76.0,42.0,55.3,15.2,496.0,6.5,99.2,2.0,2.6,2.0,2.6,,3.0,0.0,6.0,58.0,73.1,QB
50.0,"Morristown , NJ",7/3/1966,Maryland,,14 Seasons,75.0,"O'Donnell, Neil",neilo'donnell/2502324,228.0,1990 - 2003,2000,Tennessee Titans,7,64.0,36.0,56.3,9.1,530.0,8.3,75.7,2.0,3.1,3.0,4.7,67.0,8.0,1.0,3.0,23.0,74.3,QB
50.0,"Morristown , NJ",7/3/1966,Maryland,,14 Seasons,75.0,"O'Donnell, Neil",neilo'donnell/2502324,228.0,1990 - 2003,1999,Tennessee Titans,8,195.0,116.0,59.5,24.4,,7.1,172.8,10.0,5.1,5.0,2.6,,22.0,1.0,9.0,63.0,87.6,QB
50.0,"Morristown , NJ",7/3/1966,Maryland,,14 Seasons,75.0,"O'Donnell, Neil",neilo'donnell/2502324,228.0,1990 - 2003,1998,Cincinnati Bengals,13,343.0,212.0,61.8,26.4,,6.5,170.5,15.0,4.4,4.0,1.2,,24.0,8.0,30.0,217.0,90.2,QB
50.0,"Morristown , NJ",7/3/1966,Maryland,,14 Seasons,75.0,"O'Donnell, Neil",neilo'donnell/2502324,228.0,1990 - 2003,1997,New York Jets,15,460.0,259.0,56.3,30.7,,6.1,186.4,17.0,3.7,7.0,1.5,70.0,32.0,2.0,45.0,289.0,80.3,QB
50.0,"Morristown , NJ",7/3/1966,Maryland,,14 Seasons,75.0,"O'Donnell, Neil",neilo'donnell/2502324,228.0,1990 - 2003,1996,New York Jets,6,188.0,110.0,58.5,31.3,,6.1,191.2,4.0,2.1,7.0,3.7,,10.0,3.0,18.0,127.0,67.8,QB
50.0,"Morristown , NJ",7/3/1966,Maryland,,14 Seasons,75.0,"O'Donnell, Neil",neilo'donnell/2502324,228.0,1990 - 2003,1995,Pittsburgh Steelers,12,416.0,246.0,59.1,34.7,,7.1,247.5,17.0,4.1,7.0,1.7,,44.0,4.0,15.0,126.0,87.7,QB
50.0,"Morristown , NJ",7/3/1966,Maryland,,14 Seasons,75.0,"O'Donnell, Neil",neilo'donnell/2502324,228.0,1990 - 2003,1994,Pittsburgh Steelers,14,370.0,212.0,57.3,26.4,,6.6,174.5,13.0,3.5,9.0,2.4,,26.0,7.0,35.0,250.0,78.9,QB
50.0,"Morristown , NJ",7/3/1966,Maryland,,14 Seasons,75.0,"O'Donnell, Neil",neilo'donnell/2502324,228.0,1990 - 2003,1993,Pittsburgh Steelers,16,486.0,270.0,55.6,30.4,,6.6,200.5,14.0,2.9,7.0,1.4,,32.0,8.0,41.0,331.0,79.5,QB
50.0,"Morristown , NJ",7/3/1966,Maryland,,14 Seasons,75.0,"O'Donnell, Neil",neilo'donnell/2502324,228.0,1990 - 2003,1992,Pittsburgh Steelers,12,313.0,185.0,59.1,26.1,,7.3,190.2,13.0,4.2,9.0,2.9,51.0,27.0,5.0,27.0,208.0,83.6,QB
50.0,"Morristown , NJ",7/3/1966,Maryland,,14 Seasons,75.0,"O'Donnell, Neil",neilo'donnell/2502324,228.0,1990 - 2003,1991,Pittsburgh Steelers,12,286.0,156.0,54.5,23.8,,6.9,163.6,11.0,3.8,7.0,2.4,,23.0,4.0,30.0,214.0,78.8,QB
53.0,"Brooklyn , NY",11/13/1963,Miami (Fla.),,21 Seasons,77.0,"Testaverde, Vinny",vinnytestaverde/2503284,233.0,1987 - 2007,2007,Carolina Panthers,7,172.0,94.0,54.7,24.6,952.0,5.5,136.0,5.0,2.9,6.0,3.5,,12.0,3.0,9.0,46.0,65.8,QB
53.0,"Brooklyn , NY",11/13/1963,Miami (Fla.),,21 Seasons,77.0,"Testaverde, Vinny",vinnytestaverde/2503284,233.0,1987 - 2007,2005,New York Jets,6,106.0,60.0,56.6,17.7,777.0,7.3,129.5,1.0,0.9,6.0,5.7,47.0,9.0,1.0,12.0,102.0,59.4,QB
53.0,"Brooklyn , NY",11/13/1963,Miami (Fla.),,21 Seasons,77.0,"Testaverde, Vinny",vinnytestaverde/2503284,233.0,1987 - 2007,2004,Dallas Cowboys,16,495.0,297.0,60.0,30.9,,7.1,220.8,17.0,3.4,20.0,4.0,53.0,47.0,4.0,34.0,182.0,76.4,QB
53.0,"Brooklyn , NY",11/13/1963,Miami (Fla.),,21 Seasons,77.0,"Testaverde, Vinny",vinnytestaverde/2503284,233.0,1987 - 2007,2003,New York Jets,7,198.0,123.0,62.1,28.3,,7.0,197.9,7.0,3.5,2.0,1.0,61.0,18.0,2.0,6.0,48.0,90.6,QB
53.0,"Brooklyn , NY",11/13/1963,Miami (Fla.),,21 Seasons,77.0,"Testaverde, Vinny",vinnytestaverde/2503284,233.0,1987 - 2007,2002,New York Jets,5,83.0,54.0,65.1,16.6,499.0,6.0,99.8,3.0,3.6,3.0,3.6,35.0,4.0,0.0,9.0,62.0,78.3,QB
53.0,"Brooklyn , NY",11/13/1963,Miami (Fla.),,21 Seasons,77.0,"Testaverde, Vinny",vinnytestaverde/2503284,233.0,1987 - 2007,2001,New York Jets,16,441.0,260.0,59.0,27.6,,6.2,172.0,15.0,3.4,14.0,3.2,,38.0,1.0,18.0,122.0,75.3,QB
53.0,"Brooklyn , NY",11/13/1963,Miami (Fla.),,21 Seasons,77.0,"Testaverde, Vinny",vinnytestaverde/2503284,233.0,1987 - 2007,2000,New York Jets,16,590.0,328.0,55.6,36.9,,6.3,233.2,21.0,3.6,25.0,4.2,63.0,47.0,7.0,13.0,71.0,69.0,QB
53.0,"Brooklyn , NY",11/13/1963,Miami (Fla.),,21 Seasons,77.0,"Testaverde, Vinny",vinnytestaverde/2503284,233.0,1987 - 2007,1999,New York Jets,1,15.0,10.0,66.7,15.0,96.0,6.4,96.0,1.0,6.7,1.0,6.7,,1.0,0.0,0.0,0.0,78.8,QB
53.0,"Brooklyn , NY",11/13/1963,Miami (Fla.),,21 Seasons,77.0,"Testaverde, Vinny",vinnytestaverde/2503284,233.0,1987 - 2007,1998,New York Jets,14,421.0,259.0,61.5,30.1,,7.7,232.6,29.0,6.9,7.0,1.7,,42.0,6.0,19.0,140.0,101.6,QB
53.0,"Brooklyn , NY",11/13/1963,Miami (Fla.),,21 Seasons,77.0,"Testaverde, Vinny",vinnytestaverde/2503284,233.0,1987 - 2007,1997,Baltimore Ravens,13,470.0,271.0,57.7,36.2,,6.3,228.5,18.0,3.8,15.0,3.2,,32.0,6.0,20.0,129.0,75.9,QB
53.0,"Brooklyn , NY",11/13/1963,Miami (Fla.),,21 Seasons,77.0,"Testaverde, Vinny",vinnytestaverde/2503284,233.0,1987 - 2007,1996,Baltimore Ravens,16,549.0,325.0,59.2,34.3,,7.6,261.1,33.0,6.0,19.0,3.5,,59.0,10.0,34.0,270.0,88.7,QB
53.0,"Brooklyn , NY",11/13/1963,Miami (Fla.),,21 Seasons,77.0,"Testaverde, Vinny",vinnytestaverde/2503284,233.0,1987 - 2007,1995,Cleveland Browns,13,392.0,241.0,61.5,30.2,,7.4,221.8,17.0,4.3,10.0,2.6,,42.0,4.0,17.0,87.0,87.8,QB
53.0,"Brooklyn , NY",11/13/1963,Miami (Fla.),,21 Seasons,77.0,"Testaverde, Vinny",vinnytestaverde/2503284,233.0,1987 - 2007,1994,Cleveland Browns,14,376.0,207.0,55.1,26.9,,6.8,183.9,16.0,4.3,18.0,4.8,,33.0,7.0,12.0,83.0,70.7,QB
53.0,"Brooklyn , NY",11/13/1963,Miami (Fla.),,21 Seasons,77.0,"Testaverde, Vinny",vinnytestaverde/2503284,233.0,1987 - 2007,1993,Cleveland Browns,10,230.0,130.0,56.5,23.0,,7.8,179.7,14.0,6.1,9.0,3.9,,25.0,8.0,17.0,101.0,85.7,QB
53.0,"Brooklyn , NY",11/13/1963,Miami (Fla.),,21 Seasons,77.0,"Testaverde, Vinny",vinnytestaverde/2503284,233.0,1987 - 2007,1992,Tampa Bay Buccaneers,14,358.0,206.0,57.5,25.6,,7.1,182.4,14.0,3.9,16.0,4.5,,37.0,5.0,35.0,259.0,74.2,QB
53.0,"Brooklyn , NY",11/13/1963,Miami (Fla.),,21 Seasons,77.0,"Testaverde, Vinny",vinnytestaverde/2503284,233.0,1987 - 2007,1991,Tampa Bay Buccaneers,13,326.0,166.0,50.9,25.1,,6.1,153.4,8.0,2.5,15.0,4.6,,21.0,2.0,35.0,234.0,59.0,QB
53.0,"Brooklyn , NY",11/13/1963,Miami (Fla.),,21 Seasons,77.0,"Testaverde, Vinny",vinnytestaverde/2503284,233.0,1987 - 2007,1990,Tampa Bay Buccaneers,14,365.0,203.0,55.6,26.1,,7.7,201.3,17.0,4.7,18.0,4.9,,0.0,0.0,38.0,330.0,75.6,QB
53.0,"Brooklyn , NY",11/13/1963,Miami (Fla.),,21 Seasons,77.0,"Testaverde, Vinny",vinnytestaverde/2503284,233.0,1987 - 2007,1989,Tampa Bay Buccaneers,14,480.0,258.0,53.8,34.3,,6.5,223.8,20.0,4.2,22.0,4.6,,0.0,0.0,38.0,294.0,68.9,QB
53.0,"Brooklyn , NY",11/13/1963,Miami (Fla.),,21 Seasons,77.0,"Testaverde, Vinny",vinnytestaverde/2503284,233.0,1987 - 2007,1988,Tampa Bay Buccaneers,15,466.0,222.0,47.6,31.1,,7.0,216.0,13.0,2.8,35.0,7.5,,0.0,0.0,33.0,292.0,48.8,QB
53.0,"Brooklyn , NY",11/13/1963,Miami (Fla.),,21 Seasons,77.0,"Testaverde, Vinny",vinnytestaverde/2503284,233.0,1987 - 2007,1987,Tampa Bay Buccaneers,6,165.0,71.0,43.0,27.5,,6.6,180.2,5.0,3.0,6.0,3.6,40.0,0.0,0.0,18.0,140.0,60.2,QB
29.0,"Dallas , TX",2/25/1988,Florida State,San Francisco 49ers,6th season,74.0,"Ponder, Christian",christianponder/2495215,230.0,,2014,Minnesota Vikings,2,44.0,22.0,50.0,22.0,222.0,5.0,111.0,0.0,0.0,2.0,4.5,18.0,0.0,0.0,6.0,34.0,45.8,QB
29.0,"Dallas , TX",2/25/1988,Florida State,San Francisco 49ers,6th season,74.0,"Ponder, Christian",christianponder/2495215,230.0,,2013,Minnesota Vikings,9,239.0,152.0,63.6,26.6,,6.9,183.1,7.0,2.9,9.0,3.8,47.0,26.0,2.0,27.0,119.0,77.9,QB
29.0,"Dallas , TX",2/25/1988,Florida State,San Francisco 49ers,6th season,74.0,"Ponder, Christian",christianponder/2495215,230.0,,2012,Minnesota Vikings,16,483.0,300.0,62.1,30.2,,6.1,183.4,18.0,3.7,12.0,2.5,65.0,28.0,3.0,32.0,184.0,81.2,QB
29.0,"Dallas , TX",2/25/1988,Florida State,San Francisco 49ers,6th season,74.0,"Ponder, Christian",christianponder/2495215,230.0,,2011,Minnesota Vikings,11,291.0,158.0,54.3,26.5,,6.4,168.5,13.0,4.5,13.0,4.5,72.0,23.0,4.0,30.0,164.0,70.1,QB
49.0,"Cuero , TX",10/13/1967,Baylor,,5 Seasons,75.0,"Goebel, Brad",bradgoebel/2500825,214.0,1991 - 1995,1991,Philadelphia Eagles,5,56.0,30.0,53.6,11.2,267.0,4.8,53.4,0.0,0.0,6.0,10.7,26.0,4.0,0.0,6.0,37.0,27.0,QB
40.0,"Elyria , OH",3/15/1977,Louisiana Tech,,8 Seasons,72.0,"Rattay, Tim",timrattay/2504237,200.0,2000 - 2007,2007,Arizona Cardinals,4,27.0,15.0,55.6,6.8,164.0,6.1,41.0,3.0,11.1,3.0,11.1,42.0,2.0,1.0,0.0,0.0,71.1,QB
40.0,"Elyria , OH",3/15/1977,Louisiana Tech,,8 Seasons,72.0,"Rattay, Tim",timrattay/2504237,200.0,2000 - 2007,2006,Tampa Bay Buccaneers,4,101.0,61.0,60.4,25.2,748.0,7.4,187.0,4.0,4.0,2.0,2.0,,8.0,3.0,4.0,18.0,88.2,QB
40.0,"Elyria , OH",3/15/1977,Louisiana Tech,,8 Seasons,72.0,"Rattay, Tim",timrattay/2504237,200.0,2000 - 2007,2005,San Francisco 49ers,4,97.0,56.0,57.7,24.2,667.0,6.9,166.8,5.0,5.2,6.0,6.2,,6.0,1.0,10.0,63.0,70.3,QB
40.0,"Elyria , OH",3/15/1977,Louisiana Tech,,8 Seasons,72.0,"Rattay, Tim",timrattay/2504237,200.0,2000 - 2007,2004,San Francisco 49ers,9,325.0,198.0,60.9,36.1,,6.7,241.0,10.0,3.1,10.0,3.1,65.0,19.0,2.0,37.0,211.0,78.1,QB
40.0,"Elyria , OH",3/15/1977,Louisiana Tech,,8 Seasons,72.0,"Rattay, Tim",timrattay/2504237,200.0,2000 - 2007,2003,San Francisco 49ers,11,118.0,73.0,61.9,10.7,856.0,7.3,77.8,7.0,5.9,2.0,1.7,,11.0,1.0,7.0,54.0,96.6,QB
40.0,"Elyria , OH",3/15/1977,Louisiana Tech,,8 Seasons,72.0,"Rattay, Tim",timrattay/2504237,200.0,2000 - 2007,2002,San Francisco 49ers,4,43.0,26.0,60.5,10.8,232.0,5.4,58.0,2.0,4.7,0.0,0.0,,1.0,0.0,5.0,26.0,90.5,QB
65.0,"Detroit , MI",9/10/1951,Purdue,,11 Seasons,74.0,"Danielson, Gary",garydanielson/2512449,195.0,1976 - 1988,1988,Cleveland Browns,2,52.0,31.0,59.6,26.0,324.0,6.2,162.0,0.0,0.0,1.0,1.9,26.0,0.0,0.0,6.0,43.0,69.7,QB
65.0,"Detroit , MI",9/10/1951,Purdue,,11 Seasons,74.0,"Danielson, Gary",garydanielson/2512449,195.0,1976 - 1988,1987,Cleveland Browns,6,33.0,25.0,75.8,5.5,281.0,8.5,46.8,4.0,12.1,0.0,0.0,23.0,0.0,0.0,2.0,4.0,140.3,QB
65.0,"Detroit , MI",9/10/1951,Purdue,,11 Seasons,74.0,"Danielson, Gary",garydanielson/2512449,195.0,1976 - 1988,1985,Cleveland Browns,8,163.0,97.0,59.5,20.4,,7.8,159.2,8.0,4.9,6.0,3.7,,0.0,0.0,17.0,128.0,85.3,QB
65.0,"Detroit , MI",9/10/1951,Purdue,,11 Seasons,74.0,"Danielson, Gary",garydanielson/2512449,195.0,1976 - 1988,1984,Detroit Lions,15,410.0,252.0,61.5,27.3,,7.5,205.1,17.0,4.1,15.0,3.7,,0.0,0.0,41.0,335.0,83.1,QB
65.0,"Detroit , MI",9/10/1951,Purdue,,11 Seasons,74.0,"Danielson, Gary",garydanielson/2512449,195.0,1976 - 1988,1983,Detroit Lions,10,113.0,59.0,52.2,11.3,720.0,6.4,72.0,7.0,6.2,4.0,3.5,54.0,0.0,0.0,8.0,68.0,78.0,QB
65.0,"Detroit , MI",9/10/1951,Purdue,,11 Seasons,74.0,"Danielson, Gary",garydanielson/2512449,195.0,1976 - 1988,1982,Detroit Lions,8,197.0,100.0,50.8,24.6,,6.8,167.9,10.0,5.1,14.0,7.1,,0.0,0.0,19.0,145.0,60.1,QB
65.0,"Detroit , MI",9/10/1951,Purdue,,11 Seasons,74.0,"Danielson, Gary",garydanielson/2512449,195.0,1976 - 1988,1981,Detroit Lions,6,96.0,56.0,58.3,16.0,784.0,8.2,130.7,3.0,3.1,5.0,5.2,45.0,0.0,0.0,12.0,84.0,73.4,QB
65.0,"Detroit , MI",9/10/1951,Purdue,,11 Seasons,74.0,"Danielson, Gary",garydanielson/2512449,195.0,1976 - 1988,1980,Detroit Lions,16,417.0,244.0,58.5,26.1,,7.7,201.4,13.0,3.1,11.0,2.6,,0.0,0.0,44.0,338.0,82.4,QB
65.0,"Detroit , MI",9/10/1951,Purdue,,11 Seasons,74.0,"Danielson, Gary",garydanielson/2512449,195.0,1976 - 1988,1978,Detroit Lions,16,351.0,199.0,56.7,21.9,,6.5,143.4,18.0,5.1,17.0,4.8,47.0,0.0,0.0,25.0,237.0,73.5,QB
65.0,"Detroit , MI",9/10/1951,Purdue,,11 Seasons,74.0,"Danielson, Gary",garydanielson/2512449,195.0,1976 - 1988,1977,Detroit Lions,13,100.0,42.0,42.0,7.7,445.0,4.5,34.2,1.0,1.0,5.0,5.0,61.0,0.0,0.0,9.0,64.0,38.1,QB
33.0,"Portland , OR",6/15/1983,Oregon State,Carolina Panthers,13th season,78.0,"Anderson, Derek",derekanderson/2506546,235.0,,2016,Carolina Panthers,5,53.0,36.0,67.9,10.6,453.0,8.5,90.6,2.0,3.8,5.0,9.4,48.0,7.0,1.0,0.0,0.0,67.6,QB
33.0,"Portland , OR",6/15/1983,Oregon State,Carolina Panthers,13th season,78.0,"Anderson, Derek",derekanderson/2506546,235.0,,2014,Carolina Panthers,6,97.0,65.0,67.0,16.2,701.0,7.2,116.8,5.0,5.2,0.0,0.0,,6.0,0.0,4.0,17.0,105.2,QB
33.0,"Portland , OR",6/15/1983,Oregon State,Carolina Panthers,13th season,78.0,"Anderson, Derek",derekanderson/2506546,235.0,,2010,Arizona Cardinals,12,327.0,169.0,51.7,27.2,,6.3,172.1,7.0,2.1,10.0,3.1,43.0,32.0,1.0,25.0,176.0,65.9,QB
33.0,"Portland , OR",6/15/1983,Oregon State,Carolina Panthers,13th season,78.0,"Anderson, Derek",derekanderson/2506546,235.0,,2009,Cleveland Browns,8,182.0,81.0,44.5,22.8,888.0,4.9,111.0,3.0,1.6,10.0,5.5,43.0,13.0,1.0,11.0,75.0,42.1,QB
33.0,"Portland , OR",6/15/1983,Oregon State,Carolina Panthers,13th season,78.0,"Anderson, Derek",derekanderson/2506546,235.0,,2008,Cleveland Browns,10,283.0,142.0,50.2,28.3,,5.7,161.5,9.0,3.2,8.0,2.8,70.0,16.0,5.0,14.0,87.0,66.5,QB
33.0,"Portland , OR",6/15/1983,Oregon State,Carolina Panthers,13th season,78.0,"Anderson, Derek",derekanderson/2506546,235.0,,2007,Cleveland Browns,16,527.0,298.0,56.5,32.9,,7.2,236.7,29.0,5.5,19.0,3.6,,53.0,6.0,14.0,109.0,82.5,QB
33.0,"Portland , OR",6/15/1983,Oregon State,Carolina Panthers,13th season,78.0,"Anderson, Derek",derekanderson/2506546,235.0,,2006,Cleveland Browns,5,117.0,66.0,56.4,23.4,793.0,6.8,158.6,5.0,4.3,8.0,6.8,54.0,8.0,2.0,8.0,66.0,63.1,QB
94.0,"San Pedro , CA",4/24/1923,USC,,7 Seasons,72.0,"Hardy, Jim",jimhardy/2515825,180.0,1946 - 1952,1952,Detroit Lions,9,59.0,28.0,47.5,6.6,434.0,7.4,48.2,3.0,5.1,5.0,8.5,,0.0,0.0,0.0,55.0,53.9,QB
94.0,"San Pedro , CA",4/24/1923,USC,,7 Seasons,72.0,"Hardy, Jim",jimhardy/2515825,180.0,1946 - 1952,1951,Chicago Cardinals,7,114.0,56.0,49.1,16.3,809.0,7.1,115.6,3.0,2.6,10.0,8.8,,0.0,0.0,0.0,112.0,44.8,QB
94.0,"San Pedro , CA",4/24/1923,USC,,7 Seasons,72.0,"Hardy, Jim",jimhardy/2515825,180.0,1946 - 1952,1950,Chicago Cardinals,11,257.0,117.0,45.5,23.4,,6.4,148.7,17.0,6.6,24.0,9.3,,0.0,0.0,0.0,255.0,49.7,QB
94.0,"San Pedro , CA",4/24/1923,USC,,7 Seasons,72.0,"Hardy, Jim",jimhardy/2515825,180.0,1946 - 1952,1949,Chicago Cardinals,12,150.0,63.0,42.0,12.5,748.0,5.0,62.3,10.0,6.7,13.0,8.7,,0.0,0.0,0.0,68.0,44.0,QB
94.0,"San Pedro , CA",4/24/1923,USC,,7 Seasons,72.0,"Hardy, Jim",jimhardy/2515825,180.0,1946 - 1952,1948,Los Angeles Rams,12,211.0,112.0,53.1,17.6,,6.6,115.8,14.0,6.6,7.0,3.3,,0.0,0.0,0.0,11.0,82.1,QB
94.0,"San Pedro , CA",4/24/1923,USC,,7 Seasons,72.0,"Hardy, Jim",jimhardy/2515825,180.0,1946 - 1952,1947,Los Angeles Rams,9,57.0,23.0,40.4,6.3,388.0,6.8,43.1,5.0,8.8,7.0,12.3,,0.0,0.0,0.0,24.0,53.7,QB
94.0,"San Pedro , CA",4/24/1923,USC,,7 Seasons,72.0,"Hardy, Jim",jimhardy/2515825,180.0,1946 - 1952,1946,Los Angeles Rams,9,64.0,24.0,37.5,7.1,285.0,4.5,31.7,2.0,3.1,7.0,10.9,,0.0,0.0,0.0,0.0,22.7,QB
38.0,"Portland , OR",10/21/1978,Oregon,,8 Seasons,76.0,"Harrington, Joey",joeyharrington/2505011,210.0,2002 - 2009,2007,Atlanta Falcons,12,348.0,215.0,61.8,29.0,,6.4,184.6,7.0,2.0,8.0,2.3,,26.0,2.0,32.0,192.0,77.2,QB
38.0,"Portland , OR",10/21/1978,Oregon,,8 Seasons,76.0,"Harrington, Joey",joeyharrington/2505011,210.0,2002 - 2009,2006,Miami Dolphins,11,388.0,223.0,57.5,35.3,,5.8,203.3,12.0,3.1,15.0,3.9,48.0,21.0,5.0,15.0,116.0,68.2,QB
38.0,"Portland , OR",10/21/1978,Oregon,,8 Seasons,76.0,"Harrington, Joey",joeyharrington/2505011,210.0,2002 - 2009,2005,Detroit Lions,12,330.0,188.0,57.0,27.5,,6.1,168.4,12.0,3.6,12.0,3.6,86.0,23.0,6.0,24.0,136.0,72.0,QB
38.0,"Portland , OR",10/21/1978,Oregon,,8 Seasons,76.0,"Harrington, Joey",joeyharrington/2505011,210.0,2002 - 2009,2004,Detroit Lions,16,489.0,274.0,56.0,30.6,,6.2,190.4,19.0,3.9,12.0,2.5,62.0,43.0,4.0,36.0,196.0,77.5,QB
38.0,"Portland , OR",10/21/1978,Oregon,,8 Seasons,76.0,"Harrington, Joey",joeyharrington/2505011,210.0,2002 - 2009,2003,Detroit Lions,16,554.0,309.0,55.8,34.6,,5.2,180.0,17.0,3.1,22.0,4.0,,24.0,3.0,9.0,55.0,63.9,QB
38.0,"Portland , OR",10/21/1978,Oregon,,8 Seasons,76.0,"Harrington, Joey",joeyharrington/2505011,210.0,2002 - 2009,2002,Detroit Lions,14,429.0,215.0,50.1,30.6,,5.3,163.9,12.0,2.8,16.0,3.7,,28.0,6.0,8.0,75.0,59.9,QB
63.0,"Woodland , CA",7/25/1953,San Diego State,,5 Seasons,75.0,"Penrose, Craig",craigpenrose/2522986,211.0,1976 - 1980,1978,Denver Broncos,4,37.0,16.0,43.2,9.2,185.0,5.0,46.2,2.0,5.4,4.0,10.8,29.0,0.0,0.0,0.0,0.0,37.4,QB
63.0,"Woodland , CA",7/25/1953,San Diego State,,5 Seasons,75.0,"Penrose, Craig",craigpenrose/2522986,211.0,1976 - 1980,1977,Denver Broncos,8,39.0,21.0,53.8,4.9,217.0,5.6,27.1,0.0,0.0,4.0,10.3,35.0,0.0,0.0,5.0,49.0,30.6,QB
63.0,"Woodland , CA",7/25/1953,San Diego State,,5 Seasons,75.0,"Penrose, Craig",craigpenrose/2522986,211.0,1976 - 1980,1976,Denver Broncos,4,36.0,16.0,44.4,9.0,265.0,7.4,66.2,3.0,8.3,3.0,8.3,41.0,0.0,0.0,0.0,0.0,62.8,QB
55.0,"Freeport , NY",12/4/1961,Maryland,,14 Seasons,76.0,"Reich, Frank",frankreich/2502624,210.0,1985 - 1998,1998,Detroit Lions,6,110.0,63.0,57.3,18.3,768.0,7.0,128.0,5.0,4.5,4.0,3.6,41.0,11.0,1.0,4.0,18.0,78.9,QB
55.0,"Freeport , NY",12/4/1961,Maryland,,14 Seasons,76.0,"Reich, Frank",frankreich/2502624,210.0,1985 - 1998,1997,Detroit Lions,6,30.0,11.0,36.7,5.0,121.0,4.0,20.2,0.0,0.0,2.0,6.7,27.0,2.0,0.0,0.0,0.0,21.7,QB
55.0,"Freeport , NY",12/4/1961,Maryland,,14 Seasons,76.0,"Reich, Frank",frankreich/2502624,210.0,1985 - 1998,1996,New York Jets,10,331.0,175.0,52.9,33.1,,6.7,220.5,15.0,4.5,16.0,4.8,,25.0,6.0,14.0,94.0,68.9,QB
55.0,"Freeport , NY",12/4/1961,Maryland,,14 Seasons,76.0,"Reich, Frank",frankreich/2502624,210.0,1985 - 1998,1995,Carolina Panthers,3,84.0,37.0,44.0,28.0,441.0,5.3,147.0,2.0,2.4,2.0,2.4,46.0,5.0,2.0,12.0,100.0,58.7,QB
55.0,"Freeport , NY",12/4/1961,Maryland,,14 Seasons,76.0,"Reich, Frank",frankreich/2502624,210.0,1985 - 1998,1994,Buffalo Bills,16,93.0,56.0,60.2,5.8,568.0,6.1,35.5,1.0,1.1,4.0,4.3,47.0,9.0,1.0,7.0,57.0,63.4,QB
55.0,"Freeport , NY",12/4/1961,Maryland,,14 Seasons,76.0,"Reich, Frank",frankreich/2502624,210.0,1985 - 1998,1993,Buffalo Bills,15,26.0,16.0,61.5,1.7,153.0,5.9,10.2,2.0,7.7,0.0,0.0,,2.0,0.0,6.0,47.0,103.5,QB
55.0,"Freeport , NY",12/4/1961,Maryland,,14 Seasons,76.0,"Reich, Frank",frankreich/2502624,210.0,1985 - 1998,1992,Buffalo Bills,16,47.0,24.0,51.1,2.9,221.0,4.7,13.8,0.0,0.0,2.0,4.3,21.0,2.0,0.0,9.0,76.0,46.5,QB
55.0,"Freeport , NY",12/4/1961,Maryland,,14 Seasons,76.0,"Reich, Frank",frankreich/2502624,210.0,1985 - 1998,1991,Buffalo Bills,16,41.0,27.0,65.9,2.6,305.0,7.4,19.1,6.0,14.6,2.0,4.9,29.0,6.0,0.0,4.0,42.0,107.2,QB
55.0,"Freeport , NY",12/4/1961,Maryland,,14 Seasons,76.0,"Reich, Frank",frankreich/2502624,210.0,1985 - 1998,1990,Buffalo Bills,16,63.0,36.0,57.1,3.9,469.0,7.4,29.3,2.0,3.2,0.0,0.0,43.0,0.0,0.0,6.0,41.0,91.3,QB
55.0,"Freeport , NY",12/4/1961,Maryland,,14 Seasons,76.0,"Reich, Frank",frankreich/2502624,210.0,1985 - 1998,1989,Buffalo Bills,7,87.0,53.0,60.9,12.4,701.0,8.1,100.1,7.0,8.0,2.0,2.3,,0.0,0.0,4.0,24.0,103.7,QB
55.0,"Freeport , NY",12/4/1961,Maryland,,14 Seasons,76.0,"Reich, Frank",frankreich/2502624,210.0,1985 - 1998,1986,Buffalo Bills,3,19.0,9.0,47.4,6.3,104.0,5.5,34.7,0.0,0.0,2.0,10.5,37.0,0.0,0.0,2.0,4.0,24.8,QB
,"Eagle Butte , SD",3/15/1926,Oregon,,12 Seasons,73.0,"Van Brocklin, Norm",normvanbrocklin/2527839,190.0,1949 - 1960,1960,Philadelphia Eagles,12,284.0,153.0,53.9,23.7,,8.7,205.9,24.0,8.5,17.0,6.0,,0.0,0.0,0.0,96.0,86.5,QB
,"Eagle Butte , SD",3/15/1926,Oregon,,12 Seasons,73.0,"Van Brocklin, Norm",normvanbrocklin/2527839,190.0,1949 - 1960,1959,Philadelphia Eagles,12,340.0,191.0,56.2,28.3,,7.7,218.1,16.0,4.7,14.0,4.1,,0.0,0.0,0.0,72.0,79.5,QB
,"Eagle Butte , SD",3/15/1926,Oregon,,12 Seasons,73.0,"Van Brocklin, Norm",normvanbrocklin/2527839,190.0,1949 - 1960,1958,Philadelphia Eagles,12,374.0,198.0,52.9,31.2,,6.4,200.8,15.0,4.0,20.0,5.3,,0.0,0.0,0.0,46.0,64.1,QB
,"Eagle Butte , SD",3/15/1926,Oregon,,12 Seasons,73.0,"Van Brocklin, Norm",normvanbrocklin/2527839,190.0,1949 - 1960,1957,Los Angeles Rams,12,265.0,132.0,49.8,22.1,,7.9,175.4,20.0,7.5,21.0,7.9,,0.0,0.0,0.0,114.0,68.8,QB
,"Eagle Butte , SD",3/15/1926,Oregon,,12 Seasons,73.0,"Van Brocklin, Norm",normvanbrocklin/2527839,190.0,1949 - 1960,1956,Los Angeles Rams,12,124.0,68.0,54.8,10.3,966.0,7.8,80.5,7.0,5.6,12.0,9.7,,0.0,0.0,0.0,15.0,59.5,QB
,"Eagle Butte , SD",3/15/1926,Oregon,,12 Seasons,73.0,"Van Brocklin, Norm",normvanbrocklin/2527839,190.0,1949 - 1960,1955,Los Angeles Rams,12,272.0,144.0,52.9,22.7,,6.9,157.5,8.0,2.9,15.0,5.5,,0.0,0.0,0.0,76.0,62.0,QB
,"Eagle Butte , SD",3/15/1926,Oregon,,12 Seasons,73.0,"Van Brocklin, Norm",normvanbrocklin/2527839,190.0,1949 - 1960,1954,Los Angeles Rams,12,260.0,139.0,53.5,21.7,,10.1,219.8,13.0,5.0,21.0,8.1,,0.0,0.0,0.0,80.0,71.9,QB
,"Eagle Butte , SD",3/15/1926,Oregon,,12 Seasons,73.0,"Van Brocklin, Norm",normvanbrocklin/2527839,190.0,1949 - 1960,1953,Los Angeles Rams,12,286.0,156.0,54.5,23.8,,8.4,199.4,19.0,6.6,14.0,4.9,,0.0,0.0,0.0,61.0,84.1,QB
,"Eagle Butte , SD",3/15/1926,Oregon,,12 Seasons,73.0,"Van Brocklin, Norm",normvanbrocklin/2527839,190.0,1949 - 1960,1952,Los Angeles Rams,12,205.0,113.0,55.1,17.1,,8.5,144.7,14.0,6.8,17.0,8.3,,0.0,0.0,0.0,97.0,71.5,QB
,"Eagle Butte , SD",3/15/1926,Oregon,,12 Seasons,73.0,"Van Brocklin, Norm",normvanbrocklin/2527839,190.0,1949 - 1960,1951,Los Angeles Rams,12,194.0,100.0,51.5,16.2,,8.9,143.8,13.0,6.7,11.0,5.7,,0.0,0.0,0.0,60.0,80.8,QB
,"Eagle Butte , SD",3/15/1926,Oregon,,12 Seasons,73.0,"Van Brocklin, Norm",normvanbrocklin/2527839,190.0,1949 - 1960,1950,Los Angeles Rams,12,233.0,127.0,54.5,19.4,,8.8,171.8,18.0,7.7,14.0,6.0,,0.0,0.0,0.0,103.0,85.1,QB
,"Eagle Butte , SD",3/15/1926,Oregon,,12 Seasons,73.0,"Van Brocklin, Norm",normvanbrocklin/2527839,190.0,1949 - 1960,1949,Los Angeles Rams,8,58.0,32.0,55.2,7.2,601.0,10.4,75.1,6.0,10.3,2.0,3.4,,0.0,0.0,0.0,69.0,111.4,QB
68.0,"Kingston , NC",3/3/1949,Duke,,2 Seasons,75.0,"Hart, Leo",leohart/2516029,203.0,1971 - 1972,1972,Buffalo Bills,2,15.0,6.0,40.0,7.5,53.0,3.5,26.5,0.0,0.0,3.0,20.0,,0.0,0.0,4.0,32.0,10.6,QB
,"Hope , RI",12/13/1911,Oregon State,,3 Seasons,70.0,"Franklin, Red",redfranklin/2514371,163.0,1935 - 1937,1935,Brooklyn Dodgers,12,57.0,12.0,21.1,4.8,175.0,3.1,14.6,2.0,3.5,7.0,12.3,,0.0,0.0,0.0,0.0,12.0,QB
51.0,"Everett , WA",10/12/1965,Washington,,17 Seasons,76.0,"Chandler, Chris",chrischandler/2500048,224.0,1988 - 2004,2004,St. Louis Rams,5,62.0,35.0,56.5,12.4,463.0,7.5,92.6,2.0,3.2,8.0,12.9,,8.0,2.0,7.0,54.0,51.4,QB
51.0,"Everett , WA",10/12/1965,Washington,,17 Seasons,76.0,"Chandler, Chris",chrischandler/2500048,224.0,1988 - 2004,2003,Chicago Bears,8,192.0,107.0,55.7,24.0,,5.5,131.2,3.0,1.6,7.0,3.6,37.0,11.0,0.0,14.0,101.0,61.3,QB
51.0,"Everett , WA",10/12/1965,Washington,,17 Seasons,76.0,"Chandler, Chris",chrischandler/2500048,224.0,1988 - 2004,2002,Chicago Bears,9,161.0,103.0,64.0,17.9,,6.4,113.7,4.0,2.5,4.0,2.5,,15.0,3.0,23.0,144.0,79.8,QB
51.0,"Everett , WA",10/12/1965,Washington,,17 Seasons,76.0,"Chandler, Chris",chrischandler/2500048,224.0,1988 - 2004,2001,Atlanta Falcons,14,365.0,223.0,61.1,26.1,,7.8,203.4,16.0,4.4,14.0,3.8,,34.0,9.0,41.0,261.0,84.1,QB
51.0,"Everett , WA",10/12/1965,Washington,,17 Seasons,76.0,"Chandler, Chris",chrischandler/2500048,224.0,1988 - 2004,2000,Atlanta Falcons,14,331.0,192.0,58.0,23.6,,6.8,159.7,10.0,3.0,12.0,3.6,55.0,25.0,5.0,40.0,251.0,73.5,QB
51.0,"Everett , WA",10/12/1965,Washington,,17 Seasons,76.0,"Chandler, Chris",chrischandler/2500048,224.0,1988 - 2004,1999,Atlanta Falcons,12,307.0,174.0,56.7,25.6,,7.6,194.9,16.0,5.2,11.0,3.6,,36.0,6.0,32.0,230.0,83.5,QB
51.0,"Everett , WA",10/12/1965,Washington,,17 Seasons,76.0,"Chandler, Chris",chrischandler/2500048,224.0,1988 - 2004,1998,Atlanta Falcons,14,327.0,190.0,58.1,23.4,,9.6,225.3,25.0,7.6,12.0,3.7,,51.0,11.0,45.0,283.0,100.9,QB
51.0,"Everett , WA",10/12/1965,Washington,,17 Seasons,76.0,"Chandler, Chris",chrischandler/2500048,224.0,1988 - 2004,1997,Atlanta Falcons,14,342.0,202.0,59.1,24.4,,7.9,192.3,20.0,5.8,7.0,2.0,56.0,34.0,8.0,39.0,261.0,95.1,QB
51.0,"Everett , WA",10/12/1965,Washington,,17 Seasons,76.0,"Chandler, Chris",chrischandler/2500048,224.0,1988 - 2004,1996,Houston Oilers,12,320.0,184.0,57.5,26.7,,6.6,174.9,16.0,5.0,11.0,3.4,,21.0,3.0,25.0,153.0,79.7,QB
51.0,"Everett , WA",10/12/1965,Washington,,17 Seasons,76.0,"Chandler, Chris",chrischandler/2500048,224.0,1988 - 2004,1995,Houston Oilers,13,356.0,225.0,63.2,27.4,,6.9,189.2,17.0,4.8,10.0,2.8,,26.0,6.0,21.0,173.0,87.8,QB
51.0,"Everett , WA",10/12/1965,Washington,,17 Seasons,76.0,"Chandler, Chris",chrischandler/2500048,224.0,1988 - 2004,1994,Los Angeles Rams,12,176.0,108.0,61.4,14.7,,7.7,112.7,7.0,4.0,2.0,1.1,,14.0,6.0,7.0,46.0,93.8,QB
51.0,"Everett , WA",10/12/1965,Washington,,17 Seasons,76.0,"Chandler, Chris",chrischandler/2500048,224.0,1988 - 2004,1993,Phoenix Cardinals,4,103.0,52.0,50.5,25.8,471.0,4.6,117.8,3.0,2.9,2.0,1.9,,3.0,0.0,4.0,25.0,64.8,QB
51.0,"Everett , WA",10/12/1965,Washington,,17 Seasons,76.0,"Chandler, Chris",chrischandler/2500048,224.0,1988 - 2004,1992,Phoenix Cardinals,15,413.0,245.0,59.3,27.5,,6.9,188.8,15.0,3.6,15.0,3.6,,32.0,9.0,29.0,226.0,77.1,QB
51.0,"Everett , WA",10/12/1965,Washington,,17 Seasons,76.0,"Chandler, Chris",chrischandler/2500048,224.0,1988 - 2004,1991,Phoenix Cardinals,3,50.0,25.0,50.0,16.7,289.0,5.8,96.3,1.0,2.0,2.0,4.0,,2.0,1.0,7.0,58.0,57.8,QB
51.0,"Everett , WA",10/12/1965,Washington,,17 Seasons,76.0,"Chandler, Chris",chrischandler/2500048,224.0,1988 - 2004,1991,Tampa Bay Buccaneers,6,104.0,53.0,51.0,17.3,557.0,5.4,92.8,4.0,3.8,8.0,7.7,35.0,2.0,0.0,10.0,76.0,47.6,QB
51.0,"Everett , WA",10/12/1965,Washington,,17 Seasons,76.0,"Chandler, Chris",chrischandler/2500048,224.0,1988 - 2004,1990,Tampa Bay Buccaneers,7,83.0,42.0,50.6,11.9,464.0,5.6,66.3,1.0,1.2,6.0,7.2,,0.0,0.0,15.0,103.0,41.4,QB
51.0,"Everett , WA",10/12/1965,Washington,,17 Seasons,76.0,"Chandler, Chris",chrischandler/2500048,224.0,1988 - 2004,1989,Indianapolis Colts,3,80.0,39.0,48.8,26.7,537.0,6.7,179.0,2.0,2.5,3.0,3.8,,0.0,0.0,3.0,17.0,63.4,QB
51.0,"Everett , WA",10/12/1965,Washington,,17 Seasons,76.0,"Chandler, Chris",chrischandler/2500048,224.0,1988 - 2004,1988,Indianapolis Colts,15,233.0,129.0,55.4,15.5,,6.9,107.9,8.0,3.4,12.0,5.2,54.0,0.0,0.0,18.0,128.0,67.2,QB
25.0,"Altamonte Springs , FL",4/28/1992,Central Florida,Jacksonville Jaguars,4th season,77.0,"Bortles, Blake",blakebortles/2543477,239.0,,2016,Jacksonville Jaguars,16,625.0,368.0,58.9,39.1,,6.2,244.1,23.0,3.7,16.0,2.6,,43.0,4.0,34.0,197.0,78.8,QB
25.0,"Altamonte Springs , FL",4/28/1992,Central Florida,Jacksonville Jaguars,4th season,77.0,"Bortles, Blake",blakebortles/2543477,239.0,,2015,Jacksonville Jaguars,16,606.0,355.0,58.6,37.9,,7.3,276.8,35.0,5.8,18.0,3.0,,72.0,11.0,51.0,320.0,88.2,QB
25.0,"Altamonte Springs , FL",4/28/1992,Central Florida,Jacksonville Jaguars,4th season,77.0,"Bortles, Blake",blakebortles/2543477,239.0,,2014,Jacksonville Jaguars,14,475.0,280.0,58.9,33.9,,6.1,207.7,11.0,2.3,17.0,3.6,,37.0,6.0,55.0,345.0,69.5,QB
47.0,"Pascagoula , MS",6/1/1970,Florida,,14 Seasons,75.0,"Matthews, Shane",shanematthews/2501913,199.0,1993 - 2006,2002,Washington Redskins,8,237.0,124.0,52.3,29.6,,5.3,156.4,11.0,4.6,6.0,2.5,,9.0,1.0,9.0,54.0,72.6,QB
47.0,"Pascagoula , MS",6/1/1970,Florida,,14 Seasons,75.0,"Matthews, Shane",shanematthews/2501913,199.0,1993 - 2006,2001,Chicago Bears,4,129.0,84.0,65.1,32.2,694.0,5.4,173.5,5.0,3.9,6.0,4.7,,6.0,0.0,6.0,48.0,72.3,QB
47.0,"Pascagoula , MS",6/1/1970,Florida,,14 Seasons,75.0,"Matthews, Shane",shanematthews/2501913,199.0,1993 - 2006,2000,Chicago Bears,6,178.0,102.0,57.3,29.7,964.0,5.4,160.7,3.0,1.7,6.0,3.4,41.0,7.0,1.0,5.0,24.0,64.0,QB
47.0,"Pascagoula , MS",6/1/1970,Florida,,14 Seasons,75.0,"Matthews, Shane",shanematthews/2501913,199.0,1993 - 2006,1999,Chicago Bears,8,275.0,167.0,60.7,34.4,,6.0,205.6,10.0,3.6,6.0,2.2,56.0,18.0,1.0,13.0,79.0,80.6,QB
47.0,"Pascagoula , MS",6/1/1970,Florida,,14 Seasons,75.0,"Matthews, Shane",shanematthews/2501913,199.0,1993 - 2006,1996,Chicago Bears,2,17.0,13.0,76.5,8.5,158.0,9.3,79.0,1.0,5.9,0.0,0.0,26.0,2.0,0.0,1.0,3.0,124.1,QB
,"Apollo , PA",2/5/1927,Notre Dame,,3 Seasons,76.0,"Gasparella, Joe",joegasparella/2514691,222.0,1948 - 1951,1950,Pittsburgh Steelers,11,54.0,23.0,42.6,4.9,383.0,7.1,34.8,3.0,5.6,5.0,9.3,,0.0,0.0,0.0,0.0,47.1,QB
,"Apollo , PA",2/5/1927,Notre Dame,,3 Seasons,76.0,"Gasparella, Joe",joegasparella/2514691,222.0,1948 - 1951,1948,Pittsburgh Steelers,9,57.0,23.0,40.4,6.3,294.0,5.2,32.7,0.0,0.0,4.0,7.0,,0.0,0.0,0.0,18.0,28.0,QB
77.0,"Topeka , KS",9/5/1939,UCLA,,16 Seasons,72.0,"Kilmer, Billy",billykilmer/2518441,204.0,1961 - 1978,1978,Washington Redskins,5,46.0,23.0,50.0,9.2,316.0,6.9,63.2,4.0,8.7,3.0,6.5,,0.0,0.0,4.0,22.0,74.2,QB
77.0,"Topeka , KS",9/5/1939,UCLA,,16 Seasons,72.0,"Kilmer, Billy",billykilmer/2518441,204.0,1961 - 1978,1977,Washington Redskins,8,201.0,99.0,49.3,25.1,,5.9,148.4,8.0,4.0,7.0,3.5,,0.0,0.0,22.0,180.0,66.5,QB
77.0,"Topeka , KS",9/5/1939,UCLA,,16 Seasons,72.0,"Kilmer, Billy",billykilmer/2518441,204.0,1961 - 1978,1976,Washington Redskins,10,206.0,108.0,52.4,20.6,,6.1,125.2,12.0,5.8,10.0,4.9,,0.0,0.0,15.0,125.0,70.3,QB
77.0,"Topeka , KS",9/5/1939,UCLA,,16 Seasons,72.0,"Kilmer, Billy",billykilmer/2518441,204.0,1961 - 1978,1975,Washington Redskins,12,346.0,178.0,51.4,28.8,,7.1,203.3,23.0,6.6,16.0,4.6,,0.0,0.0,23.0,138.0,77.2,QB
77.0,"Topeka , KS",9/5/1939,UCLA,,16 Seasons,72.0,"Kilmer, Billy",billykilmer/2518441,204.0,1961 - 1978,1974,Washington Redskins,11,234.0,137.0,58.5,21.3,,7.0,148.4,10.0,4.3,6.0,2.6,,0.0,0.0,13.0,96.0,83.5,QB
77.0,"Topeka , KS",9/5/1939,UCLA,,16 Seasons,72.0,"Kilmer, Billy",billykilmer/2518441,204.0,1961 - 1978,1973,Washington Redskins,10,227.0,122.0,53.7,22.7,,7.3,165.6,14.0,6.2,9.0,4.0,,0.0,0.0,15.0,88.0,81.3,QB
77.0,"Topeka , KS",9/5/1939,UCLA,,16 Seasons,72.0,"Kilmer, Billy",billykilmer/2518441,204.0,1961 - 1978,1972,Washington Redskins,12,225.0,120.0,53.3,18.8,,7.3,137.3,19.0,8.4,11.0,4.9,,0.0,0.0,9.0,67.0,84.8,QB
77.0,"Topeka , KS",9/5/1939,UCLA,,16 Seasons,72.0,"Kilmer, Billy",billykilmer/2518441,204.0,1961 - 1978,1971,Washington Redskins,14,306.0,166.0,54.2,21.9,,7.3,158.6,13.0,4.2,13.0,4.2,,0.0,0.0,16.0,110.0,74.0,QB
77.0,"Topeka , KS",9/5/1939,UCLA,,16 Seasons,72.0,"Kilmer, Billy",billykilmer/2518441,204.0,1961 - 1978,1970,New Orleans Saints,13,237.0,135.0,57.0,18.2,,6.6,119.8,6.0,2.5,17.0,7.2,,0.0,0.0,19.0,155.0,55.5,QB
77.0,"Topeka , KS",9/5/1939,UCLA,,16 Seasons,72.0,"Kilmer, Billy",billykilmer/2518441,204.0,1961 - 1978,1969,New Orleans Saints,14,360.0,193.0,53.6,25.7,,7.0,180.9,20.0,5.6,17.0,4.7,,0.0,0.0,22.0,212.0,74.9,QB
77.0,"Topeka , KS",9/5/1939,UCLA,,16 Seasons,72.0,"Kilmer, Billy",billykilmer/2518441,204.0,1961 - 1978,1968,New Orleans Saints,12,315.0,167.0,53.0,26.2,,6.5,171.7,15.0,4.8,17.0,5.4,,0.0,0.0,26.0,170.0,66.9,QB
77.0,"Topeka , KS",9/5/1939,UCLA,,16 Seasons,72.0,"Kilmer, Billy",billykilmer/2518441,204.0,1961 - 1978,1967,New Orleans Saints,10,204.0,97.0,47.5,20.4,,6.6,134.1,6.0,2.9,11.0,5.4,,0.0,0.0,18.0,147.0,56.4,QB
77.0,"Topeka , KS",9/5/1939,UCLA,,16 Seasons,72.0,"Kilmer, Billy",billykilmer/2518441,204.0,1961 - 1978,1966,San Francisco 49ers,6,16.0,5.0,31.3,2.7,84.0,5.3,14.0,0.0,0.0,1.0,6.3,,0.0,0.0,2.0,12.0,24.0,QB
77.0,"Topeka , KS",9/5/1939,UCLA,,16 Seasons,72.0,"Kilmer, Billy",billykilmer/2518441,204.0,1961 - 1978,1961,San Francisco 49ers,11,34.0,19.0,55.9,3.1,286.0,8.4,26.0,0.0,0.0,4.0,11.8,,0.0,0.0,0.0,71.0,44.1,QB
,"Chicago , IL",5/5/1919,Gonzaga,,11 Seasons,71.0,"Canadeo, Tony",tonycanadeo/2511006,190.0,1941 - 1952,1946,Green Bay Packers,11,27.0,7.0,25.9,2.5,189.0,7.0,17.2,1.0,3.7,3.0,11.1,,0.0,0.0,0.0,0.0,29.0,QB
,"Chicago , IL",5/5/1919,Gonzaga,,11 Seasons,71.0,"Canadeo, Tony",tonycanadeo/2511006,190.0,1941 - 1952,1944,Green Bay Packers,3,20.0,9.0,45.0,6.7,89.0,4.5,29.7,0.0,0.0,0.0,0.0,,0.0,0.0,0.0,0.0,58.1,QB
,"Chicago , IL",5/5/1919,Gonzaga,,11 Seasons,71.0,"Canadeo, Tony",tonycanadeo/2511006,190.0,1941 - 1952,1943,Green Bay Packers,10,129.0,56.0,43.4,12.9,875.0,6.8,87.5,9.0,7.0,12.0,9.3,,0.0,0.0,0.0,0.0,51.0,QB
,"Chicago , IL",5/5/1919,Gonzaga,,11 Seasons,71.0,"Canadeo, Tony",tonycanadeo/2511006,190.0,1941 - 1952,1942,Green Bay Packers,11,59.0,24.0,40.7,5.4,310.0,5.3,28.2,3.0,5.1,4.0,6.8,,0.0,0.0,0.0,0.0,46.6,QB
,"Chicago , IL",5/5/1919,Gonzaga,,11 Seasons,71.0,"Canadeo, Tony",tonycanadeo/2511006,190.0,1941 - 1952,1941,Green Bay Packers,9,16.0,4.0,25.0,1.8,54.0,3.4,6.0,2.0,12.5,0.0,0.0,,0.0,0.0,0.0,0.0,80.7,QB
,"Goodlettsville , TN",6/23/1919,Hardin-Simmons,,2 Seasons,73.0,"Evans, Murray",murrayevans/2513755,210.0,1942 - 1943,1942,Detroit Lions,10,17.0,7.0,41.2,1.7,64.0,3.8,6.4,0.0,0.0,1.0,5.9,,0.0,0.0,0.0,0.0,27.6,QB
81.0,"Pittsburgh , PA",3/26/1936,Penn State,,3 Seasons,75.0,"Scrabis, Bob",bobscrabis/2525238,225.0,1960 - 1962,1961,New York Titans,11,21.0,7.0,33.3,1.9,82.0,3.9,7.5,1.0,4.8,2.0,9.5,,0.0,0.0,0.0,0.0,22.4,QB
32.0,"Audubon , NJ",1/16/1985,Delaware,Baltimore Ravens,10th season,78.0,"Flacco, Joe",joeflacco/382,245.0,,2016,Baltimore Ravens,16,672.0,436.0,64.9,42.0,,6.4,269.8,20.0,3.0,15.0,2.2,,40.0,11.0,33.0,243.0,83.5,QB
32.0,"Audubon , NJ",1/16/1985,Delaware,Baltimore Ravens,10th season,78.0,"Flacco, Joe",joeflacco/382,245.0,,2015,Baltimore Ravens,10,413.0,266.0,64.4,41.3,,6.8,279.1,14.0,3.4,12.0,2.9,,36.0,4.0,16.0,124.0,83.1,QB
32.0,"Audubon , NJ",1/16/1985,Delaware,Baltimore Ravens,10th season,78.0,"Flacco, Joe",joeflacco/382,245.0,,2014,Baltimore Ravens,16,554.0,344.0,62.1,34.6,,7.2,249.1,27.0,4.9,12.0,2.2,,50.0,7.0,19.0,167.0,91.0,QB
32.0,"Audubon , NJ",1/16/1985,Delaware,Baltimore Ravens,10th season,78.0,"Flacco, Joe",joeflacco/382,245.0,,2013,Baltimore Ravens,16,614.0,362.0,59.0,38.4,,6.4,244.5,19.0,3.1,22.0,3.6,74.0,45.0,14.0,48.0,324.0,73.1,QB
32.0,"Audubon , NJ",1/16/1985,Delaware,Baltimore Ravens,10th season,78.0,"Flacco, Joe",joeflacco/382,245.0,,2012,Baltimore Ravens,16,531.0,317.0,59.7,33.2,,7.2,238.6,22.0,4.1,10.0,1.9,,60.0,12.0,35.0,227.0,87.7,QB
32.0,"Audubon , NJ",1/16/1985,Delaware,Baltimore Ravens,10th season,78.0,"Flacco, Joe",joeflacco/382,245.0,,2011,Baltimore Ravens,16,542.0,312.0,57.6,33.9,,6.7,225.6,20.0,3.7,12.0,2.2,,44.0,7.0,31.0,203.0,80.9,QB
32.0,"Audubon , NJ",1/16/1985,Delaware,Baltimore Ravens,10th season,78.0,"Flacco, Joe",joeflacco/382,245.0,,2010,Baltimore Ravens,16,489.0,306.0,62.6,30.6,,7.4,226.4,25.0,5.1,10.0,2.0,67.0,40.0,7.0,40.0,294.0,93.6,QB
32.0,"Audubon , NJ",1/16/1985,Delaware,Baltimore Ravens,10th season,78.0,"Flacco, Joe",joeflacco/382,245.0,,2009,Baltimore Ravens,16,499.0,315.0,63.1,31.2,,7.2,225.8,21.0,4.2,12.0,2.4,,44.0,8.0,36.0,218.0,88.9,QB
32.0,"Audubon , NJ",1/16/1985,Delaware,Baltimore Ravens,10th season,78.0,"Flacco, Joe",joeflacco/382,245.0,,2008,Baltimore Ravens,16,428.0,257.0,60.0,26.8,,6.9,185.7,14.0,3.3,12.0,2.8,,37.0,10.0,32.0,276.0,80.3,QB
38.0,"Granite City , CA",9/18/1978,Stanford,,1 Season,75.0,"Fasani, Randy",randyfasani/2505123,234.0,2002 - 2002,2002,Carolina Panthers,4,44.0,15.0,34.1,11.0,171.0,3.9,42.8,0.0,0.0,4.0,9.1,27.0,3.0,0.0,7.0,60.0,8.8,QB
70.0,"Greensburg , PA",3/9/1947,Illinois,,1 Season,72.0,"Naponic, Bob",bobnaponic/2521949,190.0,1970 - 1970,1970,Houston Oilers,2,20.0,6.0,30.0,10.0,85.0,4.3,42.5,0.0,0.0,2.0,10.0,,0.0,0.0,8.0,53.0,5.2,QB
57.0,"Santa Ana , CA",7/11/1959,Dartmouth,,11 Seasons,72.0,"Kemp, Jeff",jeffkemp/2501589,201.0,1981 - 1991,1991,Philadelphia Eagles,7,114.0,57.0,50.0,16.3,546.0,4.8,78.0,5.0,4.4,5.0,4.4,57.0,5.0,1.0,12.0,61.0,60.1,QB
57.0,"Santa Ana , CA",7/11/1959,Dartmouth,,11 Seasons,72.0,"Kemp, Jeff",jeffkemp/2501589,201.0,1981 - 1991,1991,Seattle Seahawks,7,181.0,94.0,51.9,25.9,,6.7,172.4,4.0,2.2,12.0,6.6,52.0,10.0,3.0,8.0,38.0,52.9,QB
57.0,"Santa Ana , CA",7/11/1959,Dartmouth,,11 Seasons,72.0,"Kemp, Jeff",jeffkemp/2501589,201.0,1981 - 1991,1988,Seattle Seahawks,11,35.0,13.0,37.1,3.2,132.0,3.8,12.0,0.0,0.0,5.0,14.3,19.0,0.0,0.0,3.0,21.0,9.2,QB
57.0,"Santa Ana , CA",7/11/1959,Dartmouth,,11 Seasons,72.0,"Kemp, Jeff",jeffkemp/2501589,201.0,1981 - 1991,1987,Seattle Seahawks,13,33.0,23.0,69.7,2.5,396.0,12.0,30.5,5.0,15.2,1.0,3.0,55.0,0.0,0.0,3.0,20.0,137.1,QB
57.0,"Santa Ana , CA",7/11/1959,Dartmouth,,11 Seasons,72.0,"Kemp, Jeff",jeffkemp/2501589,201.0,1981 - 1991,1986,San Francisco 49ers,10,200.0,119.0,59.5,20.0,,7.8,155.4,11.0,5.5,8.0,4.0,,0.0,0.0,8.0,56.0,85.7,QB
57.0,"Santa Ana , CA",7/11/1959,Dartmouth,,11 Seasons,72.0,"Kemp, Jeff",jeffkemp/2501589,201.0,1981 - 1991,1985,Los Angeles Rams,5,38.0,16.0,42.1,7.6,214.0,5.6,42.8,0.0,0.0,1.0,2.6,35.0,0.0,0.0,6.0,58.0,49.7,QB
57.0,"Santa Ana , CA",7/11/1959,Dartmouth,,11 Seasons,72.0,"Kemp, Jeff",jeffkemp/2501589,201.0,1981 - 1991,1984,Los Angeles Rams,14,284.0,143.0,50.4,20.3,,7.1,144.4,13.0,4.6,7.0,2.5,,0.0,0.0,24.0,190.0,78.7,QB
57.0,"Santa Ana , CA",7/11/1959,Dartmouth,,11 Seasons,72.0,"Kemp, Jeff",jeffkemp/2501589,201.0,1981 - 1991,1983,Los Angeles Rams,4,25.0,12.0,48.0,6.2,135.0,5.4,33.8,1.0,4.0,0.0,0.0,21.0,0.0,0.0,2.0,12.0,77.9,QB
85.0,"Conemaugh , PA",5/9/1932,Michigan State,,6 Seasons,71.0,"Yewcic, Tom",tomyewcic/2529517,185.0,1961 - 1966,1963,Boston Patriots,14,70.0,29.0,41.4,5.0,444.0,6.3,31.7,4.0,5.7,5.0,7.1,,0.0,0.0,0.0,0.0,52.3,QB
85.0,"Conemaugh , PA",5/9/1932,Michigan State,,6 Seasons,71.0,"Yewcic, Tom",tomyewcic/2529517,185.0,1961 - 1966,1962,Boston Patriots,14,126.0,54.0,42.9,9.0,903.0,7.2,64.5,7.0,5.6,5.0,4.0,,0.0,0.0,0.0,0.0,69.6,QB
50.0,"St. Paul , MN",12/1/1966,Miami (Fla.),,11 Seasons,75.0,"Walsh, Steve",stevewalsh/2503524,215.0,1989 - 1999,1998,Tampa Bay Buccaneers,5,19.0,9.0,47.4,3.8,58.0,3.1,11.6,0.0,0.0,3.0,15.8,12.0,0.0,0.0,1.0,9.0,14.7,QB
50.0,"St. Paul , MN",12/1/1966,Miami (Fla.),,11 Seasons,75.0,"Walsh, Steve",stevewalsh/2503524,215.0,1989 - 1999,1997,Tampa Bay Buccaneers,12,17.0,6.0,35.3,1.4,58.0,3.4,4.8,0.0,0.0,1.0,5.9,38.0,1.0,0.0,0.0,0.0,21.2,QB
50.0,"St. Paul , MN",12/1/1966,Miami (Fla.),,11 Seasons,75.0,"Walsh, Steve",stevewalsh/2503524,215.0,1989 - 1999,1996,St. Louis Rams,3,77.0,33.0,42.9,25.7,344.0,4.5,114.7,0.0,0.0,5.0,6.5,32.0,1.0,0.0,4.0,27.0,29.4,QB
50.0,"St. Paul , MN",12/1/1966,Miami (Fla.),,11 Seasons,75.0,"Walsh, Steve",stevewalsh/2503524,215.0,1989 - 1999,1994,Chicago Bears,12,343.0,208.0,60.6,28.6,,6.1,173.2,10.0,2.9,8.0,2.3,50.0,21.0,3.0,11.0,52.0,77.9,QB
50.0,"St. Paul , MN",12/1/1966,Miami (Fla.),,11 Seasons,75.0,"Walsh, Steve",stevewalsh/2503524,215.0,1989 - 1999,1993,New Orleans Saints,2,38.0,20.0,52.6,19.0,271.0,7.1,135.5,2.0,5.3,3.0,7.9,,2.0,2.0,0.0,0.0,60.3,QB
50.0,"St. Paul , MN",12/1/1966,Miami (Fla.),,11 Seasons,75.0,"Walsh, Steve",stevewalsh/2503524,215.0,1989 - 1999,1991,New Orleans Saints,8,255.0,141.0,55.3,31.9,,6.4,204.8,11.0,4.3,6.0,2.4,41.0,22.0,1.0,3.0,26.0,79.5,QB
50.0,"St. Paul , MN",12/1/1966,Miami (Fla.),,11 Seasons,75.0,"Walsh, Steve",stevewalsh/2503524,215.0,1989 - 1999,1990,New Orleans Saints,12,327.0,175.0,53.5,27.2,,6.0,164.2,12.0,3.7,13.0,4.0,58.0,0.0,0.0,10.0,76.0,67.5,QB
50.0,"St. Paul , MN",12/1/1966,Miami (Fla.),,11 Seasons,75.0,"Walsh, Steve",stevewalsh/2503524,215.0,1989 - 1999,1989,Dallas Cowboys,8,219.0,110.0,50.2,27.4,,6.3,171.4,5.0,2.3,9.0,4.1,46.0,0.0,0.0,11.0,84.0,60.5,QB
62.0,"Hartford , CT",5/15/1955,New Mexico State,,5 Seasons,77.0,"Olander, Cliff",cliffolander/2522428,191.0,1977 - 1981,1977,San Diego Chargers,2,16.0,7.0,43.8,8.0,76.0,4.8,38.0,0.0,0.0,2.0,12.5,15.0,0.0,0.0,1.0,4.0,18.8,QB
71.0,"Anabella , UT",11/9/1945,Brigham Young,,7 Seasons,73.0,"Carter, Virgil",virgilcarter/2511213,192.0,1968 - 1976,1972,Cincinnati Bengals,10,82.0,47.0,57.3,8.2,579.0,7.1,57.9,3.0,3.7,4.0,4.9,,0.0,0.0,6.0,37.0,71.1,QB
71.0,"Anabella , UT",11/9/1945,Brigham Young,,7 Seasons,73.0,"Carter, Virgil",virgilcarter/2511213,192.0,1968 - 1976,1971,Cincinnati Bengals,10,222.0,138.0,62.2,22.2,,7.3,162.4,10.0,4.5,7.0,3.2,,0.0,0.0,13.0,122.0,86.2,QB
71.0,"Anabella , UT",11/9/1945,Brigham Young,,7 Seasons,73.0,"Carter, Virgil",virgilcarter/2511213,192.0,1968 - 1976,1970,Cincinnati Bengals,13,278.0,143.0,51.4,21.4,,5.9,126.7,9.0,3.2,9.0,3.2,,0.0,0.0,21.0,154.0,66.9,QB
71.0,"Anabella , UT",11/9/1945,Brigham Young,,7 Seasons,73.0,"Carter, Virgil",virgilcarter/2511213,192.0,1968 - 1976,1969,Chicago Bears,3,71.0,36.0,50.7,23.7,343.0,4.8,114.3,2.0,2.8,5.0,7.0,,0.0,0.0,3.0,20.0,44.5,QB
71.0,"Anabella , UT",11/9/1945,Brigham Young,,7 Seasons,73.0,"Carter, Virgil",virgilcarter/2511213,192.0,1968 - 1976,1968,Chicago Bears,7,122.0,55.0,45.1,17.4,769.0,6.3,109.9,4.0,3.3,5.0,4.1,,0.0,0.0,6.0,45.0,59.8,QB
,"Pevely , MO",9/17/1908,St. Louis,,2 Seasons,72.0,"Rapp, Manny",mannyrapp/2523752,215.0,1934 - 1942,1934,St. Louis Gunners,3,16.0,6.0,37.5,5.3,175.0,10.9,58.3,1.0,6.3,6.0,37.5,,0.0,0.0,0.0,0.0,60.2,QB
61.0,"San Pedro , CA",11/18/1955,Nevada-Las Vegas,,7 Seasons,75.0,"Carano, Glenn",glenncarano/2511047,201.0,1977 - 1983,1981,Dallas Cowboys,5,45.0,16.0,35.6,9.0,235.0,5.2,47.0,1.0,2.2,1.0,2.2,55.0,0.0,0.0,1.0,11.0,51.6,QB
73.0,"Mount Vernon , NY",3/23/1944,C.W. Post,,2 Seasons,73.0,"LeClair, Jim",jimleclair/2519246,200.0,1967 - 1968,1968,Denver Broncos,3,54.0,27.0,50.0,18.0,401.0,7.4,133.7,1.0,1.9,5.0,9.3,,0.0,0.0,12.0,120.0,42.3,QB
73.0,"Mount Vernon , NY",3/23/1944,C.W. Post,,2 Seasons,73.0,"LeClair, Jim",jimleclair/2519246,200.0,1967 - 1968,1967,Denver Broncos,5,45.0,19.0,42.2,9.0,275.0,6.1,55.0,1.0,2.2,1.0,2.2,,0.0,0.0,17.0,138.0,60.9,QB
81.0,"Detroit , MI",3/26/1936,Michigan State,,12 Seasons,73.0,"Ninowski, Jim",jimninowski/2522165,206.0,1958 - 1969,1969,New Orleans Saints,4,34.0,17.0,50.0,8.5,227.0,6.7,56.8,1.0,2.9,2.0,5.9,,0.0,0.0,1.0,11.0,56.9,QB
81.0,"Detroit , MI",3/26/1936,Michigan State,,12 Seasons,73.0,"Ninowski, Jim",jimninowski/2522165,206.0,1958 - 1969,1968,Washington Redskins,7,95.0,49.0,51.6,13.6,633.0,6.7,90.4,4.0,4.2,6.0,6.3,,0.0,0.0,12.0,128.0,60.5,QB
81.0,"Detroit , MI",3/26/1936,Michigan State,,12 Seasons,73.0,"Ninowski, Jim",jimninowski/2522165,206.0,1958 - 1969,1967,Washington Redskins,14,18.0,12.0,66.7,1.3,123.0,6.8,8.8,0.0,0.0,1.0,5.6,,0.0,0.0,0.0,0.0,63.0,QB
81.0,"Detroit , MI",3/26/1936,Michigan State,,12 Seasons,73.0,"Ninowski, Jim",jimninowski/2522165,206.0,1958 - 1969,1966,Cleveland Browns,14,18.0,11.0,61.1,1.3,175.0,9.7,12.5,4.0,22.2,1.0,5.6,,0.0,0.0,1.0,14.0,110.0,QB
81.0,"Detroit , MI",3/26/1936,Michigan State,,12 Seasons,73.0,"Ninowski, Jim",jimninowski/2522165,206.0,1958 - 1969,1965,Cleveland Browns,6,83.0,40.0,48.2,13.8,549.0,6.6,91.5,4.0,4.8,3.0,3.6,,0.0,0.0,8.0,70.0,70.8,QB
81.0,"Detroit , MI",3/26/1936,Michigan State,,12 Seasons,73.0,"Ninowski, Jim",jimninowski/2522165,206.0,1958 - 1969,1963,Cleveland Browns,4,61.0,29.0,47.5,15.2,423.0,6.9,105.8,2.0,3.3,6.0,9.8,,0.0,0.0,4.0,45.0,41.9,QB
81.0,"Detroit , MI",3/26/1936,Michigan State,,12 Seasons,73.0,"Ninowski, Jim",jimninowski/2522165,206.0,1958 - 1969,1962,Cleveland Browns,7,173.0,87.0,50.3,24.7,,6.8,168.3,7.0,4.0,8.0,4.6,,0.0,0.0,0.0,57.0,66.6,QB
81.0,"Detroit , MI",3/26/1936,Michigan State,,12 Seasons,73.0,"Ninowski, Jim",jimninowski/2522165,206.0,1958 - 1969,1961,Detroit Lions,13,247.0,117.0,47.4,19.0,,7.8,147.8,7.0,2.8,18.0,7.3,,0.0,0.0,0.0,212.0,53.0,QB
81.0,"Detroit , MI",3/26/1936,Michigan State,,12 Seasons,73.0,"Ninowski, Jim",jimninowski/2522165,206.0,1958 - 1969,1960,Detroit Lions,11,283.0,134.0,47.3,25.7,,5.7,145.4,2.0,0.7,18.0,6.4,,0.0,0.0,0.0,283.0,40.9,QB
81.0,"Detroit , MI",3/26/1936,Michigan State,,12 Seasons,73.0,"Ninowski, Jim",jimninowski/2522165,206.0,1958 - 1969,1958,Cleveland Browns,4,17.0,8.0,47.1,4.2,139.0,8.2,34.8,1.0,5.9,3.0,17.6,,0.0,0.0,0.0,32.0,55.4,QB
,"Pittsburg , CA",12/8/1933,San Jose State,,2 Seasons,69.0,"Teresa, Tony",tonyteresa/2527161,188.0,1958 - 1960,1960,Oakland Raiders,14,18.0,9.0,50.0,1.3,111.0,6.2,7.9,1.0,5.6,3.0,16.7,,0.0,0.0,0.0,0.0,48.4,QB
,"Pontiac , MI",6/14/1911,Detroit Mercy,,1 Season,71.0,"Nott, Doug",dougnott/2522284,195.0,1935 - 1935,1935,Boston Redskins,4,24.0,7.0,29.2,6.0,134.0,5.6,33.5,1.0,4.2,3.0,12.5,,0.0,0.0,0.0,0.0,24.7,QB
42.0,"Lafayette , LA",1/10/1975,Louisiana-Lafayette,,14 Seasons,74.0,"Delhomme, Jake",jakedelhomme/2500361,215.0,1998 - 2011,2011,Houston Texans,1,28.0,18.0,64.3,28.0,211.0,7.5,211.0,1.0,3.6,0.0,0.0,40.0,5.0,1.0,2.0,18.0,99.0,QB
42.0,"Lafayette , LA",1/10/1975,Louisiana-Lafayette,,14 Seasons,74.0,"Delhomme, Jake",jakedelhomme/2500361,215.0,1998 - 2011,2010,Cleveland Browns,5,149.0,93.0,62.4,29.8,872.0,5.9,174.4,2.0,1.3,7.0,4.7,49.0,11.0,2.0,6.0,49.0,63.4,QB
42.0,"Lafayette , LA",1/10/1975,Louisiana-Lafayette,,14 Seasons,74.0,"Delhomme, Jake",jakedelhomme/2500361,215.0,1998 - 2011,2009,Carolina Panthers,11,321.0,178.0,55.5,29.2,,6.3,183.2,8.0,2.5,18.0,5.6,52.0,25.0,4.0,23.0,187.0,59.4,QB
42.0,"Lafayette , LA",1/10/1975,Louisiana-Lafayette,,14 Seasons,74.0,"Delhomme, Jake",jakedelhomme/2500361,215.0,1998 - 2011,2008,Carolina Panthers,16,414.0,246.0,59.4,25.9,,7.9,205.5,15.0,3.6,12.0,2.9,,45.0,9.0,20.0,130.0,84.7,QB
42.0,"Lafayette , LA",1/10/1975,Louisiana-Lafayette,,14 Seasons,74.0,"Delhomme, Jake",jakedelhomme/2500361,215.0,1998 - 2011,2007,Carolina Panthers,3,86.0,55.0,64.0,28.7,624.0,7.3,208.0,8.0,9.3,1.0,1.2,,5.0,2.0,5.0,46.0,111.8,QB
42.0,"Lafayette , LA",1/10/1975,Louisiana-Lafayette,,14 Seasons,74.0,"Delhomme, Jake",jakedelhomme/2500361,215.0,1998 - 2011,2006,Carolina Panthers,13,431.0,263.0,61.0,33.2,,6.5,215.8,17.0,3.9,11.0,2.6,,30.0,7.0,22.0,167.0,82.6,QB
42.0,"Lafayette , LA",1/10/1975,Louisiana-Lafayette,,14 Seasons,74.0,"Delhomme, Jake",jakedelhomme/2500361,215.0,1998 - 2011,2005,Carolina Panthers,16,435.0,262.0,60.2,27.2,,7.9,213.8,24.0,5.5,16.0,3.7,,44.0,13.0,28.0,214.0,88.1,QB
42.0,"Lafayette , LA",1/10/1975,Louisiana-Lafayette,,14 Seasons,74.0,"Delhomme, Jake",jakedelhomme/2500361,215.0,1998 - 2011,2004,Carolina Panthers,16,533.0,310.0,58.2,33.3,,7.3,242.9,29.0,5.4,15.0,2.8,63.0,60.0,8.0,33.0,246.0,87.3,QB
42.0,"Lafayette , LA",1/10/1975,Louisiana-Lafayette,,14 Seasons,74.0,"Delhomme, Jake",jakedelhomme/2500361,215.0,1998 - 2011,2003,Carolina Panthers,16,449.0,266.0,59.2,28.1,,7.2,201.2,19.0,4.2,16.0,3.6,,46.0,9.0,23.0,168.0,80.6,QB
42.0,"Lafayette , LA",1/10/1975,Louisiana-Lafayette,,14 Seasons,74.0,"Delhomme, Jake",jakedelhomme/2500361,215.0,1998 - 2011,1999,New Orleans Saints,2,76.0,42.0,55.3,38.0,521.0,6.9,260.5,3.0,3.9,5.0,6.6,,5.0,2.0,6.0,42.0,62.4,QB
37.0,"Fresno , CA",12/27/1979,USC,Arizona Cardinals,15th season,77.0,"Palmer, Carson",carsonpalmer/2505245,235.0,,2016,Arizona Cardinals,15,597.0,364.0,61.0,39.8,,7.1,282.2,26.0,4.4,14.0,2.3,,48.0,6.0,40.0,281.0,87.2,QB
37.0,"Fresno , CA",12/27/1979,USC,Arizona Cardinals,15th season,77.0,"Palmer, Carson",carsonpalmer/2505245,235.0,,2015,Arizona Cardinals,16,537.0,342.0,63.7,33.6,,8.7,291.9,35.0,6.5,11.0,2.0,68.0,65.0,15.0,25.0,151.0,104.6,QB
37.0,"Fresno , CA",12/27/1979,USC,Arizona Cardinals,15th season,77.0,"Palmer, Carson",carsonpalmer/2505245,235.0,,2014,Arizona Cardinals,6,224.0,141.0,62.9,37.3,,7.3,271.0,11.0,4.9,3.0,1.3,,19.0,3.0,9.0,59.0,95.6,QB
37.0,"Fresno , CA",12/27/1979,USC,Arizona Cardinals,15th season,77.0,"Palmer, Carson",carsonpalmer/2505245,235.0,,2013,Arizona Cardinals,16,572.0,362.0,63.3,35.8,,7.5,267.1,24.0,4.2,22.0,3.8,,49.0,9.0,41.0,289.0,83.9,QB
37.0,"Fresno , CA",12/27/1979,USC,Arizona Cardinals,15th season,77.0,"Palmer, Carson",carsonpalmer/2505245,235.0,,2012,Oakland Raiders,15,565.0,345.0,61.1,37.7,,7.1,267.9,22.0,3.9,14.0,2.5,,49.0,10.0,26.0,199.0,85.3,QB
37.0,"Fresno , CA",12/27/1979,USC,Arizona Cardinals,15th season,77.0,"Palmer, Carson",carsonpalmer/2505245,235.0,,2011,Oakland Raiders,10,328.0,199.0,60.7,32.8,,8.4,275.3,13.0,4.0,16.0,4.9,78.0,43.0,11.0,17.0,119.0,80.5,QB
37.0,"Fresno , CA",12/27/1979,USC,Arizona Cardinals,15th season,77.0,"Palmer, Carson",carsonpalmer/2505245,235.0,,2010,Cincinnati Bengals,16,586.0,362.0,61.8,36.6,,6.8,248.1,26.0,4.4,20.0,3.4,,45.0,9.0,26.0,201.0,82.4,QB
37.0,"Fresno , CA",12/27/1979,USC,Arizona Cardinals,15th season,77.0,"Palmer, Carson",carsonpalmer/2505245,235.0,,2009,Cincinnati Bengals,16,466.0,282.0,60.5,29.1,,6.6,193.4,21.0,4.5,13.0,2.8,73.0,36.0,5.0,26.0,213.0,83.6,QB
37.0,"Fresno , CA",12/27/1979,USC,Arizona Cardinals,15th season,77.0,"Palmer, Carson",carsonpalmer/2505245,235.0,,2008,Cincinnati Bengals,4,129.0,75.0,58.1,32.2,731.0,5.7,182.8,3.0,2.3,4.0,3.1,36.0,7.0,0.0,11.0,67.0,69.0,QB
37.0,"Fresno , CA",12/27/1979,USC,Arizona Cardinals,15th season,77.0,"Palmer, Carson",carsonpalmer/2505245,235.0,,2007,Cincinnati Bengals,16,575.0,373.0,64.9,35.9,,7.2,258.2,26.0,4.5,20.0,3.5,,51.0,8.0,17.0,119.0,86.7,QB
37.0,"Fresno , CA",12/27/1979,USC,Arizona Cardinals,15th season,77.0,"Palmer, Carson",carsonpalmer/2505245,235.0,,2006,Cincinnati Bengals,16,520.0,324.0,62.3,32.5,,7.8,252.2,28.0,5.4,13.0,2.5,,52.0,15.0,36.0,233.0,93.9,QB
37.0,"Fresno , CA",12/27/1979,USC,Arizona Cardinals,15th season,77.0,"Palmer, Carson",carsonpalmer/2505245,235.0,,2005,Cincinnati Bengals,16,509.0,345.0,67.8,31.8,,7.5,239.8,32.0,6.3,12.0,2.4,,43.0,9.0,19.0,105.0,101.1,QB
37.0,"Fresno , CA",12/27/1979,USC,Arizona Cardinals,15th season,77.0,"Palmer, Carson",carsonpalmer/2505245,235.0,,2004,Cincinnati Bengals,13,432.0,263.0,60.9,33.2,,6.7,222.8,18.0,4.2,18.0,4.2,,34.0,8.0,25.0,178.0,77.3,QB
,,7/23/1925,Cincinnati,,1 Season,71.0,"O'Malley, Tom",tomo'malley/2522495,185.0,1950 - 1950,1950,Green Bay Packers,1,15.0,4.0,26.7,15.0,31.0,2.1,31.0,0.0,0.0,6.0,40.0,,0.0,0.0,0.0,42.0,0.0,QB
85.0,"Gatesville , TX",11/30/1931,Baylor,,10 Seasons,73.0,"Davidson, Cotton",cottondavidson/2512498,182.0,1954 - 1968,1966,Oakland Raiders,14,139.0,59.0,42.4,9.9,770.0,5.5,55.0,2.0,1.4,11.0,7.9,,0.0,0.0,0.0,0.0,32.4,QB
85.0,"Gatesville , TX",11/30/1931,Baylor,,10 Seasons,73.0,"Davidson, Cotton",cottondavidson/2512498,182.0,1954 - 1968,1964,Oakland Raiders,14,320.0,155.0,48.4,22.9,,7.8,178.4,21.0,6.6,19.0,5.9,,0.0,0.0,0.0,0.0,72.1,QB
85.0,"Gatesville , TX",11/30/1931,Baylor,,10 Seasons,73.0,"Davidson, Cotton",cottondavidson/2512498,182.0,1954 - 1968,1963,Oakland Raiders,14,194.0,77.0,39.7,13.9,,6.6,91.1,11.0,5.7,10.0,5.2,,0.0,0.0,0.0,0.0,60.0,QB
85.0,"Gatesville , TX",11/30/1931,Baylor,,10 Seasons,73.0,"Davidson, Cotton",cottondavidson/2512498,182.0,1954 - 1968,1962,Oakland Raiders,13,321.0,119.0,37.1,24.7,,6.2,152.1,7.0,2.2,23.0,7.2,,0.0,0.0,0.0,0.0,36.1,QB
85.0,"Gatesville , TX",11/30/1931,Baylor,,10 Seasons,73.0,"Davidson, Cotton",cottondavidson/2512498,182.0,1954 - 1968,1961,Dallas Texans,14,330.0,151.0,45.8,23.6,,7.4,174.6,17.0,5.2,23.0,7.0,,0.0,0.0,0.0,0.0,59.2,QB
85.0,"Gatesville , TX",11/30/1931,Baylor,,10 Seasons,73.0,"Davidson, Cotton",cottondavidson/2512498,182.0,1954 - 1968,1960,Dallas Texans,14,379.0,179.0,47.2,27.1,,6.5,176.7,15.0,4.0,16.0,4.2,,0.0,0.0,0.0,0.0,64.2,QB
85.0,"Gatesville , TX",11/30/1931,Baylor,,10 Seasons,73.0,"Davidson, Cotton",cottondavidson/2512498,182.0,1954 - 1968,1954,Baltimore Colts,12,64.0,28.0,43.8,5.3,309.0,4.8,25.8,0.0,0.0,5.0,7.8,,0.0,0.0,0.0,14.0,26.1,QB
27.0,"Washington , DC",9/12/1989,Stanford,Indianapolis Colts,6th season,76.0,"Luck, Andrew",andrewluck/2533031,240.0,,2016,Indianapolis Colts,15,545.0,346.0,63.5,36.3,,7.8,282.7,31.0,5.7,13.0,2.4,,61.0,8.0,41.0,268.0,96.4,QB
27.0,"Washington , DC",9/12/1989,Stanford,Indianapolis Colts,6th season,76.0,"Luck, Andrew",andrewluck/2533031,240.0,,2015,Indianapolis Colts,7,293.0,162.0,55.3,41.9,,6.4,268.7,15.0,5.1,12.0,4.1,,22.0,3.0,15.0,88.0,74.9,QB
27.0,"Washington , DC",9/12/1989,Stanford,Indianapolis Colts,6th season,76.0,"Luck, Andrew",andrewluck/2533031,240.0,,2014,Indianapolis Colts,16,616.0,380.0,61.7,38.5,,7.7,297.6,40.0,6.5,16.0,2.6,80.0,73.0,15.0,27.0,161.0,96.5,QB
27.0,"Washington , DC",9/12/1989,Stanford,Indianapolis Colts,6th season,76.0,"Luck, Andrew",andrewluck/2533031,240.0,,2013,Indianapolis Colts,16,570.0,343.0,60.2,35.6,,6.7,238.9,23.0,4.0,9.0,1.6,,43.0,9.0,32.0,227.0,87.0,QB
27.0,"Washington , DC",9/12/1989,Stanford,Indianapolis Colts,6th season,76.0,"Luck, Andrew",andrewluck/2533031,240.0,,2012,Indianapolis Colts,16,627.0,339.0,54.1,39.2,,7.0,273.4,23.0,3.7,18.0,2.9,,65.0,11.0,41.0,246.0,76.5,QB
,"San Francisco , CA",7/16/1917,St. Mary's (CA),,3 Seasons,72.0,"Marefos, Andy",andymarefos/2520134,223.0,1941 - 1946,1942,New York Giants,11,29.0,11.0,37.9,2.6,176.0,6.1,16.0,1.0,3.4,5.0,17.2,,0.0,0.0,0.0,0.0,30.9,QB
,"Wynne , AR",8/4/1917,Tulane,,1 Season,70.0,"Kellogg, Bob",bobkellogg/2518279,175.0,1940 - 1940,1940,Chicago Cardinals,3,18.0,6.0,33.3,6.0,42.0,2.3,14.0,0.0,0.0,4.0,22.2,,0.0,0.0,0.0,0.0,2.8,QB
71.0,"Columbus , OH",8/7/1945,U. of Pacific,,12 Seasons,74.0,"Lee, Bob",boblee/2519294,195.0,1969 - 1980,1979,Los Angeles Rams,3,22.0,11.0,50.0,7.3,243.0,11.0,81.0,2.0,9.1,1.0,4.5,,0.0,0.0,4.0,39.0,101.1,QB
71.0,"Columbus , OH",8/7/1945,U. of Pacific,,12 Seasons,74.0,"Lee, Bob",boblee/2519294,195.0,1969 - 1980,1977,Minnesota Vikings,5,72.0,42.0,58.3,14.4,522.0,7.3,104.4,4.0,5.6,4.0,5.6,,0.0,0.0,7.0,47.0,76.3,QB
71.0,"Columbus , OH",8/7/1945,U. of Pacific,,12 Seasons,74.0,"Lee, Bob",boblee/2519294,195.0,1969 - 1980,1976,Minnesota Vikings,4,30.0,15.0,50.0,7.5,156.0,5.2,39.0,0.0,0.0,2.0,6.7,21.0,0.0,0.0,6.0,41.0,37.6,QB
71.0,"Columbus , OH",8/7/1945,U. of Pacific,,12 Seasons,74.0,"Lee, Bob",boblee/2519294,195.0,1969 - 1980,1974,Atlanta Falcons,9,172.0,78.0,45.3,19.1,852.0,5.0,94.7,3.0,1.7,14.0,8.1,,0.0,0.0,31.0,269.0,32.4,QB
71.0,"Columbus , OH",8/7/1945,U. of Pacific,,12 Seasons,74.0,"Lee, Bob",boblee/2519294,195.0,1969 - 1980,1973,Atlanta Falcons,12,230.0,120.0,52.2,19.2,,7.8,148.8,10.0,4.3,8.0,3.5,,0.0,0.0,28.0,256.0,77.9,QB
71.0,"Columbus , OH",8/7/1945,U. of Pacific,,12 Seasons,74.0,"Lee, Bob",boblee/2519294,195.0,1969 - 1980,1971,Minnesota Vikings,14,90.0,45.0,50.0,6.4,598.0,6.6,42.7,2.0,2.2,4.0,4.4,,0.0,0.0,8.0,91.0,60.3,QB
71.0,"Columbus , OH",8/7/1945,U. of Pacific,,12 Seasons,74.0,"Lee, Bob",boblee/2519294,195.0,1969 - 1980,1970,Minnesota Vikings,6,79.0,40.0,50.6,13.2,610.0,7.7,101.7,5.0,6.3,5.0,6.3,,0.0,0.0,6.0,36.0,71.2,QB
,"Columbus , OH",4/17/1973,Northern Arizona,,5 Seasons,74.0,"Lewis, Jeff",jefflewis/2501745,211.0,1996 - 2000,2000,Carolina Panthers,5,32.0,16.0,50.0,6.4,120.0,3.8,24.0,0.0,0.0,1.0,3.1,16.0,0.0,0.0,7.0,51.0,46.4,QB
,"Columbus , OH",4/17/1973,Northern Arizona,,5 Seasons,74.0,"Lewis, Jeff",jefflewis/2501745,211.0,1996 - 2000,1996,Denver Broncos,2,17.0,9.0,52.9,8.5,58.0,3.4,29.0,0.0,0.0,1.0,5.9,11.0,0.0,0.0,1.0,7.0,35.9,QB
49.0,"Bellingham , WA",1/31/1968,Louisiana-Monroe,,12 Seasons,75.0,"Pederson, Doug",dougpederson/2502434,222.0,1993 - 2004,2004,Green Bay Packers,4,23.0,11.0,47.8,5.8,120.0,5.2,30.0,0.0,0.0,2.0,8.7,24.0,2.0,0.0,0.0,0.0,27.4,QB
49.0,"Bellingham , WA",1/31/1968,Louisiana-Monroe,,12 Seasons,75.0,"Pederson, Doug",dougpederson/2502434,222.0,1993 - 2004,2002,Green Bay Packers,16,28.0,19.0,67.9,1.8,134.0,4.8,8.4,1.0,3.6,0.0,0.0,,2.0,0.0,1.0,8.0,90.5,QB
49.0,"Bellingham , WA",1/31/1968,Louisiana-Monroe,,12 Seasons,75.0,"Pederson, Doug",dougpederson/2502434,222.0,1993 - 2004,2000,Cleveland Browns,11,210.0,117.0,55.7,19.1,,5.0,95.2,2.0,1.0,8.0,3.8,67.0,9.0,1.0,17.0,116.0,56.6,QB
49.0,"Bellingham , WA",1/31/1968,Louisiana-Monroe,,12 Seasons,75.0,"Pederson, Doug",dougpederson/2502434,222.0,1993 - 2004,1999,Philadelphia Eagles,16,227.0,119.0,52.4,14.2,,5.6,79.8,7.0,3.1,9.0,4.0,,14.0,2.0,20.0,109.0,62.9,QB
49.0,"Bellingham , WA",1/31/1968,Louisiana-Monroe,,12 Seasons,75.0,"Pederson, Doug",dougpederson/2502434,222.0,1993 - 2004,1998,Green Bay Packers,12,24.0,14.0,58.3,2.0,128.0,5.3,10.7,2.0,8.3,0.0,0.0,29.0,1.0,0.0,1.0,7.0,100.7,QB
33.0,"Los Gatos , CA",10/30/1983,Stanford,,8 Seasons,76.0,"Edwards, Trent",trentedwards/2507189,230.0,2007 - 2014,2010,Jacksonville Jaguars,3,49.0,26.0,53.1,16.3,280.0,5.7,93.3,1.0,2.0,3.0,6.1,44.0,3.0,1.0,4.0,32.0,51.4,QB
33.0,"Los Gatos , CA",10/30/1983,Stanford,,8 Seasons,76.0,"Edwards, Trent",trentedwards/2507189,230.0,2007 - 2014,2010,Buffalo Bills,2,52.0,29.0,55.8,26.0,241.0,4.6,120.5,1.0,1.9,2.0,3.8,,2.0,0.0,7.0,63.0,58.3,QB
33.0,"Los Gatos , CA",10/30/1983,Stanford,,8 Seasons,76.0,"Edwards, Trent",trentedwards/2507189,230.0,2007 - 2014,2009,Buffalo Bills,8,183.0,110.0,60.1,22.9,,6.4,146.1,6.0,3.3,7.0,3.8,46.0,14.0,2.0,23.0,139.0,73.8,QB
33.0,"Los Gatos , CA",10/30/1983,Stanford,,8 Seasons,76.0,"Edwards, Trent",trentedwards/2507189,230.0,2007 - 2014,2008,Buffalo Bills,14,374.0,245.0,65.5,26.7,,7.2,192.8,11.0,2.9,10.0,2.7,65.0,35.0,5.0,23.0,143.0,85.4,QB
33.0,"Los Gatos , CA",10/30/1983,Stanford,,8 Seasons,76.0,"Edwards, Trent",trentedwards/2507189,230.0,2007 - 2014,2007,Buffalo Bills,10,269.0,151.0,56.1,26.9,,6.1,163.0,7.0,2.6,8.0,3.0,,21.0,4.0,12.0,105.0,70.4,QB
,"Harahan , LA",10/9/1930,Tennessee,,1 Season,71.0,"Lauricella, Hank",hanklauricella/2519155,175.0,1952 - 1952,1952,Dallas Texans,11,22.0,11.0,50.0,2.0,177.0,8.0,16.1,4.0,18.2,2.0,9.1,,0.0,0.0,0.0,40.0,79.0,QB
76.0,"Wilmington , NC",8/5/1940,North Carolina State,,16 Seasons,77.0,"Gabriel, Roman",romangabriel/2514517,220.0,1962 - 1977,1976,Philadelphia Eagles,4,92.0,46.0,50.0,23.0,476.0,5.2,119.0,2.0,2.2,2.0,2.2,34.0,0.0,0.0,13.0,111.0,63.5,QB
76.0,"Wilmington , NC",8/5/1940,North Carolina State,,16 Seasons,77.0,"Gabriel, Roman",romangabriel/2514517,220.0,1962 - 1977,1975,Philadelphia Eagles,11,292.0,151.0,51.7,26.5,,5.6,149.5,13.0,4.5,11.0,3.8,,0.0,0.0,18.0,131.0,67.8,QB
76.0,"Wilmington , NC",8/5/1940,North Carolina State,,16 Seasons,77.0,"Gabriel, Roman",romangabriel/2514517,220.0,1962 - 1977,1974,Philadelphia Eagles,11,338.0,193.0,57.1,30.7,,5.5,169.7,9.0,2.7,12.0,3.6,,0.0,0.0,35.0,259.0,66.8,QB
76.0,"Wilmington , NC",8/5/1940,North Carolina State,,16 Seasons,77.0,"Gabriel, Roman",romangabriel/2514517,220.0,1962 - 1977,1973,Philadelphia Eagles,14,460.0,270.0,58.7,32.9,,7.0,229.9,23.0,5.0,12.0,2.6,,0.0,0.0,31.0,219.0,86.0,QB
76.0,"Wilmington , NC",8/5/1940,North Carolina State,,16 Seasons,77.0,"Gabriel, Roman",romangabriel/2514517,220.0,1962 - 1977,1972,Los Angeles Rams,14,323.0,165.0,51.1,23.1,,6.3,144.8,12.0,3.7,15.0,4.6,,0.0,0.0,12.0,102.0,63.8,QB
76.0,"Wilmington , NC",8/5/1940,North Carolina State,,16 Seasons,77.0,"Gabriel, Roman",romangabriel/2514517,220.0,1962 - 1977,1971,Los Angeles Rams,14,352.0,180.0,51.1,25.1,,6.4,159.9,17.0,4.8,10.0,2.8,,0.0,0.0,25.0,200.0,75.4,QB
76.0,"Wilmington , NC",8/5/1940,North Carolina State,,16 Seasons,77.0,"Gabriel, Roman",romangabriel/2514517,220.0,1962 - 1977,1970,Los Angeles Rams,14,407.0,211.0,51.8,29.1,,6.3,182.3,16.0,3.9,12.0,2.9,,0.0,0.0,20.0,134.0,72.2,QB
76.0,"Wilmington , NC",8/5/1940,North Carolina State,,16 Seasons,77.0,"Gabriel, Roman",romangabriel/2514517,220.0,1962 - 1977,1969,Los Angeles Rams,14,399.0,217.0,54.4,28.5,,6.4,182.1,24.0,6.0,7.0,1.8,,0.0,0.0,14.0,112.0,86.8,QB
76.0,"Wilmington , NC",8/5/1940,North Carolina State,,16 Seasons,77.0,"Gabriel, Roman",romangabriel/2514517,220.0,1962 - 1977,1968,Los Angeles Rams,14,366.0,184.0,50.3,26.1,,6.5,168.9,19.0,5.2,16.0,4.4,,0.0,0.0,27.0,226.0,70.0,QB
76.0,"Wilmington , NC",8/5/1940,North Carolina State,,16 Seasons,77.0,"Gabriel, Roman",romangabriel/2514517,220.0,1962 - 1977,1967,Los Angeles Rams,14,371.0,196.0,52.8,26.5,,7.5,198.5,25.0,6.7,13.0,3.5,,0.0,0.0,24.0,201.0,85.2,QB
76.0,"Wilmington , NC",8/5/1940,North Carolina State,,16 Seasons,77.0,"Gabriel, Roman",romangabriel/2514517,220.0,1962 - 1977,1966,Los Angeles Rams,14,397.0,217.0,54.7,28.4,,6.4,181.4,10.0,2.5,16.0,4.0,,0.0,0.0,48.0,319.0,65.9,QB
76.0,"Wilmington , NC",8/5/1940,North Carolina State,,16 Seasons,77.0,"Gabriel, Roman",romangabriel/2514517,220.0,1962 - 1977,1965,Los Angeles Rams,7,173.0,83.0,48.0,24.7,,7.6,188.7,11.0,6.4,5.0,2.9,,0.0,0.0,14.0,97.0,83.0,QB
76.0,"Wilmington , NC",8/5/1940,North Carolina State,,16 Seasons,77.0,"Gabriel, Roman",romangabriel/2514517,220.0,1962 - 1977,1964,Los Angeles Rams,7,143.0,65.0,45.5,20.4,,8.6,176.6,9.0,6.3,5.0,3.5,,0.0,0.0,23.0,183.0,82.4,QB
76.0,"Wilmington , NC",8/5/1940,North Carolina State,,16 Seasons,77.0,"Gabriel, Roman",romangabriel/2514517,220.0,1962 - 1977,1963,Los Angeles Rams,12,281.0,130.0,46.3,23.4,,6.9,162.2,8.0,2.8,11.0,3.9,,0.0,0.0,44.0,337.0,62.7,QB
76.0,"Wilmington , NC",8/5/1940,North Carolina State,,16 Seasons,77.0,"Gabriel, Roman",romangabriel/2514517,220.0,1962 - 1977,1962,Los Angeles Rams,6,101.0,57.0,56.4,16.8,670.0,6.6,111.7,3.0,3.0,2.0,2.0,,0.0,0.0,0.0,80.0,78.4,QB
,"Chillicothe , TX",12/1/1919,Texas Christian,,2 Seasons,71.0,"Nix, Emery",emerynix/2522180,180.0,1943 - 1946,1946,New York Giants,4,19.0,10.0,52.6,4.8,156.0,8.2,39.0,2.0,10.5,0.0,0.0,,0.0,0.0,0.0,0.0,115.2,QB
,"Chillicothe , TX",12/1/1919,Texas Christian,,2 Seasons,71.0,"Nix, Emery",emerynix/2522180,180.0,1943 - 1946,1943,New York Giants,10,53.0,24.0,45.3,5.3,396.0,7.5,39.6,3.0,5.7,3.0,5.7,,0.0,0.0,0.0,0.0,66.2,QB
58.0,"Patuxent River , MD",8/30/1958,Washington,,5 Seasons,74.0,"Flick, Tom",tomflick/2514150,190.0,1981 - 1987,1986,San Diego Chargers,11,73.0,33.0,45.2,6.6,361.0,4.9,32.8,2.0,2.7,8.0,11.0,26.0,0.0,0.0,6.0,49.0,29.9,QB
58.0,"Patuxent River , MD",8/30/1958,Washington,,5 Seasons,74.0,"Flick, Tom",tomflick/2514150,190.0,1981 - 1987,1981,Washington Redskins,6,27.0,13.0,48.1,4.5,143.0,5.3,23.8,0.0,0.0,2.0,7.4,33.0,0.0,0.0,2.0,18.0,33.4,QB
,"Detroit , MI",5/5/1919,Michigan,,4 Seasons,68.0,"Westfall, Bob",bobwestfall/2528581,190.0,1944 - 1947,1944,Detroit Lions,10,47.0,23.0,48.9,4.7,342.0,7.3,34.2,4.0,8.5,6.0,12.8,,0.0,0.0,0.0,0.0,62.0,QB
67.0,"Paola , KS",10/19/1949,Kansas State,,13 Seasons,75.0,"Dickey, Lynn",lynndickey/2512900,214.0,1971 - 1985,1985,Green Bay Packers,12,314.0,172.0,54.8,26.2,,7.0,183.8,15.0,4.8,17.0,5.4,63.0,0.0,0.0,30.0,226.0,70.4,QB
67.0,"Paola , KS",10/19/1949,Kansas State,,13 Seasons,75.0,"Dickey, Lynn",lynndickey/2512900,214.0,1971 - 1985,1984,Green Bay Packers,15,401.0,237.0,59.1,26.7,,8.0,213.0,25.0,6.2,19.0,4.7,,0.0,0.0,32.0,244.0,85.6,QB
67.0,"Paola , KS",10/19/1949,Kansas State,,13 Seasons,75.0,"Dickey, Lynn",lynndickey/2512900,214.0,1971 - 1985,1983,Green Bay Packers,16,484.0,289.0,59.7,30.2,,9.2,278.6,32.0,6.6,29.0,6.0,,0.0,0.0,40.0,307.0,87.3,QB
67.0,"Paola , KS",10/19/1949,Kansas State,,13 Seasons,75.0,"Dickey, Lynn",lynndickey/2512900,214.0,1971 - 1985,1982,Green Bay Packers,9,218.0,124.0,56.9,24.2,,8.2,198.9,12.0,5.5,14.0,6.4,,0.0,0.0,25.0,196.0,75.3,QB
67.0,"Paola , KS",10/19/1949,Kansas State,,13 Seasons,75.0,"Dickey, Lynn",lynndickey/2512900,214.0,1971 - 1985,1981,Green Bay Packers,13,354.0,204.0,57.6,27.2,,7.3,199.5,17.0,4.8,15.0,4.2,,0.0,0.0,40.0,298.0,79.0,QB
67.0,"Paola , KS",10/19/1949,Kansas State,,13 Seasons,75.0,"Dickey, Lynn",lynndickey/2512900,214.0,1971 - 1985,1980,Green Bay Packers,16,478.0,278.0,58.2,29.9,,7.4,220.6,15.0,3.1,25.0,5.2,,0.0,0.0,37.0,314.0,70.0,QB
67.0,"Paola , KS",10/19/1949,Kansas State,,13 Seasons,75.0,"Dickey, Lynn",lynndickey/2512900,214.0,1971 - 1985,1979,Green Bay Packers,5,119.0,60.0,50.4,23.8,787.0,6.6,157.4,5.0,4.2,4.0,3.4,,0.0,0.0,15.0,120.0,71.7,QB
67.0,"Paola , KS",10/19/1949,Kansas State,,13 Seasons,75.0,"Dickey, Lynn",lynndickey/2512900,214.0,1971 - 1985,1977,Green Bay Packers,9,220.0,113.0,51.4,24.4,,6.1,149.6,5.0,2.3,14.0,6.4,,0.0,0.0,21.0,187.0,51.4,QB
67.0,"Paola , KS",10/19/1949,Kansas State,,13 Seasons,75.0,"Dickey, Lynn",lynndickey/2512900,214.0,1971 - 1985,1976,Green Bay Packers,10,243.0,115.0,47.3,24.3,,6.0,146.5,7.0,2.9,14.0,5.8,,0.0,0.0,28.0,279.0,52.2,QB
67.0,"Paola , KS",10/19/1949,Kansas State,,13 Seasons,75.0,"Dickey, Lynn",lynndickey/2512900,214.0,1971 - 1985,1974,Houston Oilers,14,113.0,63.0,55.8,8.1,704.0,6.2,50.3,2.0,1.8,8.0,7.1,,0.0,0.0,10.0,73.0,50.9,QB
67.0,"Paola , KS",10/19/1949,Kansas State,,13 Seasons,75.0,"Dickey, Lynn",lynndickey/2512900,214.0,1971 - 1985,1973,Houston Oilers,12,120.0,71.0,59.2,10.0,888.0,7.4,74.0,6.0,5.0,10.0,8.3,,0.0,0.0,13.0,138.0,64.2,QB
67.0,"Paola , KS",10/19/1949,Kansas State,,13 Seasons,75.0,"Dickey, Lynn",lynndickey/2512900,214.0,1971 - 1985,1971,Houston Oilers,7,57.0,19.0,33.3,8.1,315.0,5.5,45.0,0.0,0.0,9.0,15.8,,0.0,0.0,3.0,21.0,13.3,QB
45.0,"Oceanside , NY",12/29/1971,Dartmouth,,10 Seasons,74.0,"Fiedler, Jay",jayfiedler/2500619,225.0,1994 - 2006,2004,Miami Dolphins,8,190.0,101.0,53.2,23.8,,6.2,148.2,7.0,3.7,8.0,4.2,,19.0,3.0,25.0,165.0,67.1,QB
45.0,"Oceanside , NY",12/29/1971,Dartmouth,,10 Seasons,74.0,"Fiedler, Jay",jayfiedler/2500619,225.0,1994 - 2006,2003,Miami Dolphins,12,314.0,179.0,57.0,26.2,,6.8,178.2,11.0,3.5,13.0,4.1,59.0,35.0,2.0,19.0,126.0,72.4,QB
45.0,"Oceanside , NY",12/29/1971,Dartmouth,,10 Seasons,74.0,"Fiedler, Jay",jayfiedler/2500619,225.0,1994 - 2006,2002,Miami Dolphins,11,292.0,179.0,61.3,26.5,,6.9,184.0,14.0,4.8,9.0,3.1,,25.0,3.0,13.0,89.0,85.2,QB
45.0,"Oceanside , NY",12/29/1971,Dartmouth,,10 Seasons,74.0,"Fiedler, Jay",jayfiedler/2500619,225.0,1994 - 2006,2001,Miami Dolphins,16,450.0,273.0,60.7,28.1,,7.3,205.6,20.0,4.4,19.0,4.2,,41.0,7.0,27.0,178.0,80.3,QB
45.0,"Oceanside , NY",12/29/1971,Dartmouth,,10 Seasons,74.0,"Fiedler, Jay",jayfiedler/2500619,225.0,1994 - 2006,2000,Miami Dolphins,15,357.0,204.0,57.1,23.8,,6.7,160.1,14.0,3.9,14.0,3.9,61.0,30.0,8.0,23.0,129.0,74.5,QB
45.0,"Oceanside , NY",12/29/1971,Dartmouth,,10 Seasons,74.0,"Fiedler, Jay",jayfiedler/2500619,225.0,1994 - 2006,1999,Jacksonville Jaguars,7,94.0,61.0,64.9,13.4,656.0,7.0,93.7,2.0,2.1,2.0,2.1,,5.0,0.0,7.0,47.0,83.5,QB
,"Holderville , OK",8/7/1919,Oklahoma,,6 Seasons,73.0,"Jacobs, Jack",jackjacobs/2517343,186.0,1942 - 1949,1949,Green Bay Packers,12,16.0,3.0,18.8,1.3,55.0,3.4,4.6,0.0,0.0,3.0,18.8,,0.0,0.0,0.0,0.0,1.8,QB
,"Holderville , OK",8/7/1919,Oklahoma,,6 Seasons,73.0,"Jacobs, Jack",jackjacobs/2517343,186.0,1942 - 1949,1948,Green Bay Packers,12,184.0,82.0,44.6,15.3,848.0,4.6,70.7,5.0,2.7,21.0,11.4,,0.0,0.0,0.0,169.0,27.9,QB
,"Holderville , OK",8/7/1919,Oklahoma,,6 Seasons,73.0,"Jacobs, Jack",jackjacobs/2517343,186.0,1942 - 1949,1947,Green Bay Packers,12,242.0,108.0,44.6,20.2,,6.7,134.6,16.0,6.6,17.0,7.0,,0.0,0.0,0.0,104.0,59.8,QB
,"Holderville , OK",8/7/1919,Oklahoma,,6 Seasons,73.0,"Jacobs, Jack",jackjacobs/2517343,186.0,1942 - 1949,1942,Cleveland Rams,8,93.0,43.0,46.2,11.6,640.0,6.9,80.0,6.0,6.5,6.0,6.5,,0.0,0.0,0.0,0.0,63.9,QB
43.0,"San Antonio , TX",7/5/1973,Colorado,,10 Seasons,73.0,"Detmer, Koy",koydetmer/2500378,195.0,1997 - 2006,2005,Philadelphia Eagles,16,56.0,32.0,57.1,3.5,238.0,4.3,14.9,0.0,0.0,3.0,5.4,24.0,1.0,0.0,3.0,15.0,45.1,QB
43.0,"San Antonio , TX",7/5/1973,Colorado,,10 Seasons,73.0,"Detmer, Koy",koydetmer/2500378,195.0,1997 - 2006,2004,Philadelphia Eagles,16,40.0,18.0,45.0,2.5,207.0,5.2,12.9,0.0,0.0,2.0,5.0,31.0,5.0,0.0,2.0,16.0,40.3,QB
43.0,"San Antonio , TX",7/5/1973,Colorado,,10 Seasons,73.0,"Detmer, Koy",koydetmer/2500378,195.0,1997 - 2006,2002,Philadelphia Eagles,14,28.0,19.0,67.9,2.0,224.0,8.0,16.0,2.0,7.1,0.0,0.0,37.0,5.0,0.0,1.0,8.0,115.8,QB
43.0,"San Antonio , TX",7/5/1973,Colorado,,10 Seasons,73.0,"Detmer, Koy",koydetmer/2500378,195.0,1997 - 2006,1999,Philadelphia Eagles,1,29.0,10.0,34.5,29.0,181.0,6.2,181.0,3.0,10.3,2.0,6.9,,4.0,2.0,0.0,0.0,62.6,QB
43.0,"San Antonio , TX",7/5/1973,Colorado,,10 Seasons,73.0,"Detmer, Koy",koydetmer/2500378,195.0,1997 - 2006,1998,Philadelphia Eagles,8,181.0,97.0,53.6,22.6,,5.6,126.4,5.0,2.8,5.0,2.8,,12.0,3.0,5.0,29.0,67.7,QB
32.0,"Columbus , OH",10/27/1984,Notre Dame,,8 Seasons,75.0,"Quinn, Brady",bradyquinn/2495714,235.0,2007 - 2014,2012,Kansas City Chiefs,10,197.0,112.0,56.9,19.7,,5.8,114.1,2.0,1.0,8.0,4.1,57.0,12.0,2.0,21.0,123.0,60.1,QB
32.0,"Columbus , OH",10/27/1984,Notre Dame,,8 Seasons,75.0,"Quinn, Brady",bradyquinn/2495714,235.0,2007 - 2014,2009,Cleveland Browns,10,256.0,136.0,53.1,25.6,,5.2,133.9,8.0,3.1,7.0,2.7,,12.0,3.0,19.0,104.0,67.2,QB
32.0,"Columbus , OH",10/27/1984,Notre Dame,,8 Seasons,75.0,"Quinn, Brady",bradyquinn/2495714,235.0,2007 - 2014,2008,Cleveland Browns,3,89.0,45.0,50.6,29.7,518.0,5.8,172.7,2.0,2.2,2.0,2.2,42.0,5.0,1.0,1.0,9.0,66.6,QB
68.0,"Chattanooga , TN",4/2/1949,Tennessee,,11 Seasons,73.0,"Scott, Bobby",bobbyscott/2525221,201.0,1972 - 1982,1981,New Orleans Saints,4,46.0,20.0,43.5,11.5,245.0,5.3,61.2,1.0,2.2,5.0,10.9,31.0,0.0,0.0,7.0,72.0,28.2,QB
68.0,"Chattanooga , TN",4/2/1949,Tennessee,,11 Seasons,73.0,"Scott, Bobby",bobbyscott/2525221,201.0,1972 - 1982,1980,New Orleans Saints,5,33.0,16.0,48.5,6.6,200.0,6.1,40.0,2.0,6.1,1.0,3.0,41.0,0.0,0.0,4.0,41.0,75.3,QB
68.0,"Chattanooga , TN",4/2/1949,Tennessee,,11 Seasons,73.0,"Scott, Bobby",bobbyscott/2525221,201.0,1972 - 1982,1977,New Orleans Saints,5,82.0,36.0,43.9,16.4,516.0,6.3,103.2,3.0,3.7,8.0,9.8,,0.0,0.0,5.0,43.0,37.5,QB
68.0,"Chattanooga , TN",4/2/1949,Tennessee,,11 Seasons,73.0,"Scott, Bobby",bobbyscott/2525221,201.0,1972 - 1982,1976,New Orleans Saints,11,190.0,103.0,54.2,17.3,,5.6,96.8,4.0,2.1,6.0,3.2,,0.0,0.0,24.0,162.0,64.5,QB
68.0,"Chattanooga , TN",4/2/1949,Tennessee,,11 Seasons,73.0,"Scott, Bobby",bobbyscott/2525221,201.0,1972 - 1982,1975,New Orleans Saints,1,17.0,8.0,47.1,17.0,96.0,5.6,96.0,0.0,0.0,1.0,5.9,33.0,0.0,0.0,1.0,12.0,40.3,QB
68.0,"Chattanooga , TN",4/2/1949,Tennessee,,11 Seasons,73.0,"Scott, Bobby",bobbyscott/2525221,201.0,1972 - 1982,1974,New Orleans Saints,5,71.0,31.0,43.7,14.2,366.0,5.2,73.2,4.0,5.6,4.0,5.6,,0.0,0.0,6.0,62.0,55.3,QB
68.0,"Chattanooga , TN",4/2/1949,Tennessee,,11 Seasons,73.0,"Scott, Bobby",bobbyscott/2525221,201.0,1972 - 1982,1973,New Orleans Saints,6,54.0,18.0,33.3,9.0,245.0,4.5,40.8,1.0,1.9,3.0,5.6,,0.0,0.0,4.0,29.0,31.8,QB
31.0,"Mesa , AZ",10/1/1985,Brigham Young,,2 Seasons,73.0,"Hall, Max",maxhall/497112,205.0,2010 - 2011,2010,Arizona Cardinals,6,78.0,39.0,50.0,13.0,370.0,4.7,61.7,1.0,1.3,6.0,7.7,26.0,3.0,0.0,14.0,90.0,35.7,QB
31.0,"Austin , TX",9/24/1985,West Texas A&M,,2 Seasons,76.0,"Null, Keith",keithnull/238471,219.0,2009 - 2010,2009,St. Louis Rams,4,119.0,73.0,61.3,29.8,566.0,4.8,141.5,3.0,2.5,9.0,7.6,25.0,5.0,0.0,13.0,82.0,49.9,QB
,"Dayton , PA",2/26/1929,Clemson,,10 Seasons,72.0,"Mathews, Ray",raymathews/2520327,185.0,1951 - 1960,1951,Pittsburgh Steelers,12,31.0,15.0,48.4,2.6,208.0,6.7,17.3,2.0,6.5,0.0,0.0,,0.0,0.0,0.0,30.0,91.9,QB
,"Atkins , AR",8/3/1917,Arkansas,,3 Seasons,72.0,"Eakin, Kay",kayeakin/2513398,180.0,1940 - 1946,1941,New York Giants,11,19.0,5.0,26.3,1.7,71.0,3.7,6.5,1.0,5.3,4.0,21.1,,0.0,0.0,0.0,0.0,20.6,QB
,"Atkins , AR",8/3/1917,Arkansas,,3 Seasons,72.0,"Eakin, Kay",kayeakin/2513398,180.0,1940 - 1946,1940,New York Giants,7,43.0,17.0,39.5,6.1,199.0,4.6,28.4,0.0,0.0,3.0,7.0,,0.0,0.0,0.0,0.0,25.2,QB
46.0,"Santa Clara , CA",4/15/1971,U. of Pacific,,4 Seasons,77.0,"Whelihan, Craig",craigwhelihan/2503609,220.0,1995 - 1998,1998,San Diego Chargers,10,320.0,149.0,46.6,32.0,,5.6,180.3,8.0,2.5,19.0,5.9,55.0,21.0,4.0,15.0,111.0,48.0,QB
46.0,"Santa Clara , CA",4/15/1971,U. of Pacific,,4 Seasons,77.0,"Whelihan, Craig",craigwhelihan/2503609,220.0,1995 - 1998,1997,San Diego Chargers,9,237.0,118.0,49.8,26.3,,5.7,150.8,6.0,2.5,10.0,4.2,,14.0,4.0,21.0,168.0,58.3,QB
51.0,"Long Beach , CA",5/23/1966,Weber State,,3 Seasons,75.0,"Carlson, Jeff",jeffcarlson/2499990,215.0,1990 - 1992,1992,New England Patriots,3,49.0,18.0,36.7,16.3,232.0,4.7,77.3,1.0,2.0,3.0,6.1,40.0,3.0,1.0,3.0,21.0,33.7,QB
51.0,"Long Beach , CA",5/23/1966,Weber State,,3 Seasons,75.0,"Carlson, Jeff",jeffcarlson/2499990,215.0,1990 - 1992,1991,Tampa Bay Buccaneers,3,65.0,31.0,47.7,21.7,404.0,6.2,134.7,1.0,1.5,6.0,9.2,36.0,9.0,0.0,11.0,73.0,34.4,QB
,"Thomaston , GA",3/17/1915,Georgia,,1 Season,72.0,"Hartman, Bill",billhartman/2516043,188.0,1938 - 1938,1938,Washington Redskins,10,77.0,38.0,49.4,7.7,558.0,7.2,55.8,4.0,5.2,10.0,13.0,,0.0,0.0,0.0,0.0,51.1,QB
,"Dekalb , IL",2/26/1913,Northern Illinois,,2 Seasons,68.0,"Nori, Reino",reinonori/2522237,167.0,1937 - 1938,1937,Brooklyn Dodgers,6,23.0,11.0,47.8,3.8,168.0,7.3,28.0,1.0,4.3,3.0,13.0,,0.0,0.0,0.0,0.0,47.3,QB
61.0,"Greensboro , NC",6/14/1955,USC,,16 Seasons,74.0,"Evans, Vince",vinceevans/2500575,215.0,1977 - 1995,1995,Oakland Raiders,9,175.0,100.0,57.1,19.4,,7.1,137.3,6.0,3.4,8.0,4.6,,17.0,4.0,11.0,70.0,71.5,QB
61.0,"Greensboro , NC",6/14/1955,USC,,16 Seasons,74.0,"Evans, Vince",vinceevans/2500575,215.0,1977 - 1995,1994,Los Angeles Raiders,9,33.0,18.0,54.5,3.7,222.0,6.7,24.7,2.0,6.1,0.0,0.0,,1.0,1.0,9.0,57.0,95.8,QB
61.0,"Greensboro , NC",6/14/1955,USC,,16 Seasons,74.0,"Evans, Vince",vinceevans/2500575,215.0,1977 - 1995,1993,Los Angeles Raiders,8,76.0,45.0,59.2,9.5,640.0,8.4,80.0,3.0,3.9,4.0,5.3,,12.0,3.0,12.0,87.0,77.7,QB
61.0,"Greensboro , NC",6/14/1955,USC,,16 Seasons,74.0,"Evans, Vince",vinceevans/2500575,215.0,1977 - 1995,1992,Los Angeles Raiders,5,53.0,29.0,54.7,10.6,372.0,7.0,74.4,4.0,7.5,3.0,5.7,50.0,5.0,2.0,3.0,26.0,78.5,QB
61.0,"Greensboro , NC",6/14/1955,USC,,16 Seasons,74.0,"Evans, Vince",vinceevans/2500575,215.0,1977 - 1995,1987,Los Angeles Raiders,3,83.0,39.0,47.0,27.7,630.0,7.6,210.0,5.0,6.0,4.0,4.8,47.0,0.0,0.0,7.0,38.0,72.9,QB
61.0,"Greensboro , NC",6/14/1955,USC,,16 Seasons,74.0,"Evans, Vince",vinceevans/2500575,215.0,1977 - 1995,1983,Chicago Bears,9,145.0,76.0,52.4,16.1,,7.6,123.1,5.0,3.4,7.0,4.8,,0.0,0.0,11.0,92.0,69.0,QB
61.0,"Greensboro , NC",6/14/1955,USC,,16 Seasons,74.0,"Evans, Vince",vinceevans/2500575,215.0,1977 - 1995,1982,Chicago Bears,4,28.0,12.0,42.9,7.0,125.0,4.5,31.2,0.0,0.0,4.0,14.3,19.0,0.0,0.0,2.0,17.0,16.8,QB
61.0,"Greensboro , NC",6/14/1955,USC,,16 Seasons,74.0,"Evans, Vince",vinceevans/2500575,215.0,1977 - 1995,1981,Chicago Bears,16,436.0,195.0,44.7,27.2,,5.4,147.1,11.0,2.5,20.0,4.6,,0.0,0.0,23.0,173.0,51.1,QB
61.0,"Greensboro , NC",6/14/1955,USC,,16 Seasons,74.0,"Evans, Vince",vinceevans/2500575,215.0,1977 - 1995,1980,Chicago Bears,13,278.0,148.0,53.2,21.4,,7.3,156.8,11.0,4.0,16.0,5.8,,0.0,0.0,26.0,205.0,66.2,QB
61.0,"Greensboro , NC",6/14/1955,USC,,16 Seasons,74.0,"Evans, Vince",vinceevans/2500575,215.0,1977 - 1995,1979,Chicago Bears,4,63.0,32.0,50.8,15.8,508.0,8.1,127.0,4.0,6.3,5.0,7.9,,0.0,0.0,8.0,75.0,66.1,QB
61.0,"Seattle , WA",12/8/1955,Stanford,,11 Seasons,73.0,"Dils, Steve",stevedils/2512939,190.0,1979 - 1989,1988,Atlanta Falcons,7,99.0,49.0,49.5,14.1,566.0,5.7,80.9,2.0,2.0,5.0,5.1,50.0,0.0,0.0,15.0,112.0,52.8,QB
61.0,"Seattle , WA",12/8/1955,Stanford,,11 Seasons,73.0,"Dils, Steve",stevedils/2512939,190.0,1979 - 1989,1987,Los Angeles Rams,15,114.0,56.0,49.1,7.6,646.0,5.7,43.1,5.0,4.4,4.0,3.5,51.0,0.0,0.0,7.0,51.0,66.6,QB
61.0,"Seattle , WA",12/8/1955,Stanford,,11 Seasons,73.0,"Dils, Steve",stevedils/2512939,190.0,1979 - 1989,1986,Los Angeles Rams,15,129.0,59.0,45.7,8.6,693.0,5.4,46.2,4.0,3.1,4.0,3.1,,0.0,0.0,7.0,44.0,60.0,QB
61.0,"Seattle , WA",12/8/1955,Stanford,,11 Seasons,73.0,"Dils, Steve",stevedils/2512939,190.0,1979 - 1989,1983,Minnesota Vikings,16,444.0,239.0,53.8,27.8,,6.4,177.5,11.0,2.5,16.0,3.6,68.0,0.0,0.0,37.0,254.0,66.8,QB
61.0,"Seattle , WA",12/8/1955,Stanford,,11 Seasons,73.0,"Dils, Steve",stevedils/2512939,190.0,1979 - 1989,1982,Minnesota Vikings,9,26.0,11.0,42.3,2.9,68.0,2.6,7.6,0.0,0.0,0.0,0.0,12.0,0.0,0.0,1.0,8.0,49.8,QB
61.0,"Seattle , WA",12/8/1955,Stanford,,11 Seasons,73.0,"Dils, Steve",stevedils/2512939,190.0,1979 - 1989,1981,Minnesota Vikings,2,102.0,54.0,52.9,51.0,607.0,6.0,303.5,1.0,1.0,2.0,2.0,44.0,0.0,0.0,8.0,66.0,66.1,QB
61.0,"Seattle , WA",12/8/1955,Stanford,,11 Seasons,73.0,"Dils, Steve",stevedils/2512939,190.0,1979 - 1989,1980,Minnesota Vikings,16,51.0,32.0,62.7,3.2,352.0,6.9,22.0,3.0,5.9,0.0,0.0,,0.0,0.0,4.0,32.0,102.7,QB
34.0,"San Antonio , TX",2/3/1983,Tarleton State,,6 Seasons,76.0,"Bartel, Richard",richardbartel/2507299,230.0,2007 - 2012,2011,Arizona Cardinals,2,22.0,10.0,45.5,11.0,86.0,3.9,43.0,1.0,4.5,1.0,4.5,,1.0,0.0,1.0,6.0,52.5,QB
34.0,"San Antonio , TX",2/3/1983,Tarleton State,,6 Seasons,76.0,"Bartel, Richard",richardbartel/2507299,230.0,2007 - 2012,2010,Arizona Cardinals,1,28.0,16.0,57.1,28.0,150.0,5.4,150.0,0.0,0.0,1.0,3.6,31.0,1.0,0.0,2.0,12.0,57.1,QB
,"Phoenixville , PA",10/20/1924,Georgia,,4 Seasons,70.0,"Geri, Joe",joegeri/2514778,185.0,1949 - 1952,1951,Pittsburgh Steelers,12,90.0,29.0,32.2,7.5,506.0,5.6,42.2,2.0,2.2,7.0,7.8,,0.0,0.0,0.0,24.0,27.4,QB
,"Phoenixville , PA",10/20/1924,Georgia,,4 Seasons,70.0,"Geri, Joe",joegeri/2514778,185.0,1949 - 1952,1950,Pittsburgh Steelers,12,113.0,41.0,36.3,9.4,866.0,7.7,72.2,6.0,5.3,15.0,13.3,,0.0,0.0,0.0,37.0,42.4,QB
,"Phoenixville , PA",10/20/1924,Georgia,,4 Seasons,70.0,"Geri, Joe",joegeri/2514778,185.0,1949 - 1952,1949,Pittsburgh Steelers,12,77.0,31.0,40.3,6.4,554.0,7.2,46.2,5.0,6.5,5.0,6.5,,0.0,0.0,0.0,7.0,60.2,QB
54.0,"Emporia , KS",1/3/1963,Purdue,,12 Seasons,77.0,"Everett, Jim",jimeverett/2500577,212.0,1986 - 1997,1997,San Diego Chargers,4,75.0,36.0,48.0,18.8,457.0,6.1,114.2,1.0,1.3,4.0,5.3,62.0,9.0,1.0,4.0,30.0,49.7,QB
54.0,"Emporia , KS",1/3/1963,Purdue,,12 Seasons,77.0,"Everett, Jim",jimeverett/2500577,212.0,1986 - 1997,1996,New Orleans Saints,15,464.0,267.0,57.5,30.9,,6.0,186.5,12.0,2.6,16.0,3.4,51.0,33.0,5.0,19.0,154.0,69.4,QB
54.0,"Emporia , KS",1/3/1963,Purdue,,12 Seasons,77.0,"Everett, Jim",jimeverett/2500577,212.0,1986 - 1997,1995,New Orleans Saints,16,567.0,345.0,60.8,35.4,,7.0,248.1,26.0,4.6,14.0,2.5,,52.0,7.0,27.0,210.0,87.0,QB
54.0,"Emporia , KS",1/3/1963,Purdue,,12 Seasons,77.0,"Everett, Jim",jimeverett/2500577,212.0,1986 - 1997,1994,New Orleans Saints,16,540.0,346.0,64.1,33.8,,7.1,240.9,22.0,4.1,18.0,3.3,,39.0,5.0,21.0,164.0,84.9,QB
54.0,"Emporia , KS",1/3/1963,Purdue,,12 Seasons,77.0,"Everett, Jim",jimeverett/2500577,212.0,1986 - 1997,1993,Los Angeles Rams,10,274.0,135.0,49.3,27.4,,6.0,165.2,8.0,2.9,12.0,4.4,,22.0,4.0,18.0,125.0,59.7,QB
54.0,"Emporia , KS",1/3/1963,Purdue,,12 Seasons,77.0,"Everett, Jim",jimeverett/2500577,212.0,1986 - 1997,1992,Los Angeles Rams,16,475.0,281.0,59.2,29.7,,7.0,207.7,22.0,4.6,18.0,3.8,,37.0,6.0,26.0,204.0,80.2,QB
54.0,"Emporia , KS",1/3/1963,Purdue,,12 Seasons,77.0,"Everett, Jim",jimeverett/2500577,212.0,1986 - 1997,1991,Los Angeles Rams,16,490.0,277.0,56.5,30.6,,7.0,214.9,11.0,2.2,20.0,4.1,78.0,40.0,4.0,30.0,200.0,68.9,QB
54.0,"Emporia , KS",1/3/1963,Purdue,,12 Seasons,77.0,"Everett, Jim",jimeverett/2500577,212.0,1986 - 1997,1990,Los Angeles Rams,16,554.0,307.0,55.4,34.6,,7.2,249.3,23.0,4.2,17.0,3.1,,0.0,0.0,30.0,198.0,79.3,QB
54.0,"Emporia , KS",1/3/1963,Purdue,,12 Seasons,77.0,"Everett, Jim",jimeverett/2500577,212.0,1986 - 1997,1989,Los Angeles Rams,16,518.0,304.0,58.7,32.4,,8.3,269.4,29.0,5.6,17.0,3.3,,0.0,0.0,29.0,214.0,90.6,QB
54.0,"Emporia , KS",1/3/1963,Purdue,,12 Seasons,77.0,"Everett, Jim",jimeverett/2500577,212.0,1986 - 1997,1988,Los Angeles Rams,16,517.0,308.0,59.6,32.3,,7.7,247.8,31.0,6.0,18.0,3.5,,0.0,0.0,28.0,197.0,89.2,QB
54.0,"Emporia , KS",1/3/1963,Purdue,,12 Seasons,77.0,"Everett, Jim",jimeverett/2500577,212.0,1986 - 1997,1987,Los Angeles Rams,11,302.0,162.0,53.6,27.5,,6.8,187.6,10.0,3.3,13.0,4.3,,0.0,0.0,17.0,139.0,68.4,QB
54.0,"Emporia , KS",1/3/1963,Purdue,,12 Seasons,77.0,"Everett, Jim",jimeverett/2500577,212.0,1986 - 1997,1986,Los Angeles Rams,6,147.0,73.0,49.7,24.5,,6.9,169.7,8.0,5.4,8.0,5.4,,0.0,0.0,8.0,50.0,67.8,QB
57.0,"Ansonia , CT",5/18/1960,Arizona State,,1 Season,77.0,"Osiecki, Sandy",sandyosiecki/2522571,202.0,1984 - 1984,1984,Kansas City Chiefs,4,17.0,7.0,41.2,4.2,64.0,3.8,16.0,0.0,0.0,1.0,5.9,19.0,0.0,0.0,1.0,2.0,27.6,QB
,"Lorain , OH",5/2/1913,Ohio State,,2 Seasons,71.0,"Pincura, Stan",stanpincura/2523252,175.0,1937 - 1938,1938,Cleveland Rams,11,33.0,13.0,39.4,3.0,240.0,7.3,21.8,1.0,3.0,7.0,21.2,,0.0,0.0,0.0,0.0,35.7,QB
,"Lorain , OH",5/2/1913,Ohio State,,2 Seasons,71.0,"Pincura, Stan",stanpincura/2523252,175.0,1937 - 1938,1937,Cleveland Rams,11,27.0,9.0,33.3,2.5,92.0,3.4,8.4,0.0,0.0,3.0,11.1,,0.0,0.0,0.0,0.0,4.5,QB
29.0,"Rolling Meadows , IL",9/4/1987,Wisconsin,Indianapolis Colts,7th season,74.0,"Tolzien, Scott",scotttolzien/2495425,213.0,,2016,Indianapolis Colts,3,37.0,23.0,62.2,12.3,216.0,5.8,72.0,1.0,2.7,2.0,5.4,32.0,1.0,0.0,3.0,21.0,64.7,QB
29.0,"Rolling Meadows , IL",9/4/1987,Wisconsin,Indianapolis Colts,7th season,74.0,"Tolzien, Scott",scotttolzien/2495425,213.0,,2013,Green Bay Packers,3,90.0,55.0,61.1,30.0,717.0,8.0,239.0,1.0,1.1,5.0,5.6,52.0,13.0,2.0,3.0,26.0,66.8,QB
27.0,"San Diego , CA",6/22/1989,San Diego State,,4 Seasons,75.0,"Lindley, Ryan",ryanlindley/2532894,232.0,2012 - 2015,2014,Arizona Cardinals,3,93.0,45.0,48.4,31.0,562.0,6.0,187.3,2.0,2.2,4.0,4.3,,9.0,1.0,6.0,46.0,56.8,QB
27.0,"San Diego , CA",6/22/1989,San Diego State,,4 Seasons,75.0,"Lindley, Ryan",ryanlindley/2532894,232.0,2012 - 2015,2012,Arizona Cardinals,6,171.0,89.0,52.0,28.5,752.0,4.4,125.3,0.0,0.0,7.0,4.1,28.0,6.0,0.0,12.0,91.0,46.7,QB
,"Fairbanks , AK",8/22/1911,Washington State,,3 Seasons,70.0,"Sarboe, Phil",philsarboe/2524921,167.0,1934 - 1936,1936,Brooklyn Dodgers,5,52.0,22.0,42.3,10.4,282.0,5.4,56.4,2.0,3.8,5.0,9.6,,0.0,0.0,0.0,0.0,33.2,QB
,"Fairbanks , AK",8/22/1911,Washington State,,3 Seasons,70.0,"Sarboe, Phil",philsarboe/2524921,167.0,1934 - 1936,1936,Chicago Cardinals,6,62.0,25.0,40.3,10.3,398.0,6.4,66.3,1.0,1.6,8.0,12.9,,0.0,0.0,0.0,0.0,28.2,QB
,"Fairbanks , AK",8/22/1911,Washington State,,3 Seasons,70.0,"Sarboe, Phil",philsarboe/2524921,167.0,1934 - 1936,1935,Chicago Cardinals,12,67.0,31.0,46.3,5.6,368.0,5.5,30.7,0.0,0.0,10.0,14.9,,0.0,0.0,0.0,0.0,23.9,QB
,"Fairbanks , AK",8/22/1911,Washington State,,3 Seasons,70.0,"Sarboe, Phil",philsarboe/2524921,167.0,1934 - 1936,1934,Chicago Cardinals,4,16.0,5.0,31.3,4.0,71.0,4.4,17.8,1.0,6.3,3.0,18.8,,0.0,0.0,0.0,0.0,27.9,QB
52.0,"Moscow , ID",10/8/1964,Montana,,2 Seasons,74.0,"Pease, Brent",brentpease/2522942,201.0,1987 - 1988,1988,Houston Oilers,13,22.0,6.0,27.3,1.7,64.0,2.9,4.9,0.0,0.0,4.0,18.2,21.0,0.0,0.0,2.0,18.0,0.0,QB
52.0,"Moscow , ID",10/8/1964,Montana,,2 Seasons,74.0,"Pease, Brent",brentpease/2522942,201.0,1987 - 1988,1987,Houston Oilers,7,113.0,56.0,49.6,16.1,728.0,6.4,104.0,3.0,2.7,5.0,4.4,51.0,0.0,0.0,5.0,36.0,60.6,QB
23.0,"Bessemer , AL",1/6/1994,Florida State,Tampa Bay Buccaneers,3rd season,76.0,"Winston, Jameis",jameiswinston/2552033,231.0,,2016,Tampa Bay Buccaneers,16,567.0,345.0,60.8,35.4,,7.2,255.6,28.0,4.9,18.0,3.2,,43.0,4.0,35.0,239.0,86.1,QB
23.0,"Bessemer , AL",1/6/1994,Florida State,Tampa Bay Buccaneers,3rd season,76.0,"Winston, Jameis",jameiswinston/2552033,231.0,,2015,Tampa Bay Buccaneers,16,535.0,312.0,58.3,33.4,,7.6,252.6,22.0,4.1,15.0,2.8,68.0,57.0,9.0,27.0,190.0,84.2,QB
,"Old Forge , PA",1/8/1916,Bucknell,,8 Seasons,72.0,"Tomasetti, Lou",loutomasetti/2527512,198.0,1939 - 1949,1939,Pittsburgh Pirates,11,47.0,13.0,27.7,4.3,140.0,3.0,12.7,1.0,2.1,7.0,14.9,,0.0,0.0,0.0,0.0,7.1,QB
30.0,"Long Beach , CA",11/11/1986,USC,Chicago Bears,9th season,74.0,"Sanchez, Mark",marksanchez/79858,225.0,,2016,Dallas Cowboys,2,18.0,10.0,55.6,9.0,93.0,5.2,46.5,0.0,0.0,2.0,11.1,33.0,1.0,0.0,3.0,25.0,30.3,QB
30.0,"Long Beach , CA",11/11/1986,USC,Chicago Bears,9th season,74.0,"Sanchez, Mark",marksanchez/79858,225.0,,2015,Philadelphia Eagles,4,91.0,59.0,64.8,22.8,616.0,6.8,154.0,4.0,4.4,4.0,4.4,43.0,7.0,1.0,9.0,54.0,80.7,QB
30.0,"Long Beach , CA",11/11/1986,USC,Chicago Bears,9th season,74.0,"Sanchez, Mark",marksanchez/79858,225.0,,2014,Philadelphia Eagles,9,309.0,198.0,64.1,34.3,,7.8,268.7,14.0,4.5,11.0,3.6,72.0,34.0,6.0,23.0,151.0,88.4,QB
30.0,"Long Beach , CA",11/11/1986,USC,Chicago Bears,9th season,74.0,"Sanchez, Mark",marksanchez/79858,225.0,,2012,New York Jets,15,453.0,246.0,54.3,30.2,,6.4,192.2,13.0,2.9,18.0,4.0,66.0,36.0,5.0,34.0,209.0,66.9,QB
30.0,"Long Beach , CA",11/11/1986,USC,Chicago Bears,9th season,74.0,"Sanchez, Mark",marksanchez/79858,225.0,,2011,New York Jets,16,543.0,308.0,56.7,33.9,,6.4,217.1,26.0,4.8,18.0,3.3,74.0,39.0,2.0,39.0,243.0,78.2,QB
30.0,"Long Beach , CA",11/11/1986,USC,Chicago Bears,9th season,74.0,"Sanchez, Mark",marksanchez/79858,225.0,,2010,New York Jets,16,507.0,278.0,54.8,31.7,,6.5,205.7,17.0,3.4,13.0,2.6,,43.0,10.0,27.0,171.0,75.3,QB
30.0,"Long Beach , CA",11/11/1986,USC,Chicago Bears,9th season,74.0,"Sanchez, Mark",marksanchez/79858,225.0,,2009,New York Jets,15,364.0,196.0,53.8,24.3,,6.7,162.9,12.0,3.3,20.0,5.5,,34.0,8.0,26.0,195.0,63.0,QB
56.0,"Madison , WI",2/7/1961,UCLA,,1 Season,73.0,"Neuheisel, Rick",rickneuheisel/2522074,190.0,1987 - 1987,1987,San Diego Chargers,3,59.0,40.0,67.8,19.7,367.0,6.2,122.3,1.0,1.7,1.0,1.7,32.0,0.0,0.0,10.0,89.0,83.1,QB
49.0,"San Marcos , TX",10/30/1967,Brigham Young,,14 Seasons,72.0,"Detmer, Ty",tydetmer/2500379,189.0,1992 - 2005,2001,Detroit Lions,4,151.0,92.0,60.9,37.8,906.0,6.0,226.5,3.0,2.0,10.0,6.6,27.0,8.0,0.0,12.0,75.0,56.9,QB
49.0,"San Marcos , TX",10/30/1967,Brigham Young,,14 Seasons,72.0,"Detmer, Ty",tydetmer/2500379,189.0,1992 - 2005,1999,Cleveland Browns,5,91.0,47.0,51.6,18.2,548.0,6.0,109.6,4.0,4.4,2.0,2.2,35.0,9.0,0.0,4.0,26.0,75.7,QB
49.0,"San Marcos , TX",10/30/1967,Brigham Young,,14 Seasons,72.0,"Detmer, Ty",tydetmer/2500379,189.0,1992 - 2005,1998,San Francisco 49ers,16,38.0,24.0,63.2,2.4,312.0,8.2,19.5,4.0,10.5,3.0,7.9,,4.0,0.0,5.0,20.0,91.1,QB
49.0,"San Marcos , TX",10/30/1967,Brigham Young,,14 Seasons,72.0,"Detmer, Ty",tydetmer/2500379,189.0,1992 - 2005,1997,Philadelphia Eagles,8,244.0,134.0,54.9,30.5,,6.4,195.9,7.0,2.9,6.0,2.5,57.0,17.0,2.0,19.0,94.0,73.9,QB
49.0,"San Marcos , TX",10/30/1967,Brigham Young,,14 Seasons,72.0,"Detmer, Ty",tydetmer/2500379,189.0,1992 - 2005,1996,Philadelphia Eagles,13,401.0,238.0,59.4,30.8,,7.3,223.9,15.0,3.7,13.0,3.2,42.0,38.0,2.0,27.0,171.0,80.8,QB
49.0,"San Marcos , TX",10/30/1967,Brigham Young,,14 Seasons,72.0,"Detmer, Ty",tydetmer/2500379,189.0,1992 - 2005,1995,Green Bay Packers,4,16.0,8.0,50.0,4.0,81.0,5.1,20.2,1.0,6.3,1.0,6.3,25.0,1.0,0.0,0.0,0.0,59.6,QB
,"Knoxville , TN",3/18/1911,Tennessee,,2 Seasons,71.0,"Vaughan, Pug",pugvaughan/2527909,181.0,1935 - 1936,1936,Chicago Cardinals,12,79.0,30.0,38.0,6.6,546.0,6.9,45.5,2.0,2.5,10.0,12.7,,0.0,0.0,0.0,0.0,31.4,QB
,"Knoxville , TN",3/18/1911,Tennessee,,2 Seasons,71.0,"Vaughan, Pug",pugvaughan/2527909,181.0,1935 - 1936,1935,Detroit Lions,7,15.0,7.0,46.7,2.1,104.0,6.9,14.9,2.0,13.3,2.0,13.3,,0.0,0.0,0.0,0.0,69.9,QB
34.0,"Gilbert , AZ",11/24/1982,Harvard,Tampa Bay Buccaneers,13th season,74.0,"Fitzpatrick, Ryan",ryanfitzpatrick/2506581,223.0,,2016,New York Jets,14,403.0,228.0,56.6,28.8,,6.7,193.6,12.0,3.0,17.0,4.2,57.0,38.0,5.0,19.0,81.0,69.6,QB
34.0,"Gilbert , AZ",11/24/1982,Harvard,Tampa Bay Buccaneers,13th season,74.0,"Fitzpatrick, Ryan",ryanfitzpatrick/2506581,223.0,,2015,New York Jets,16,562.0,335.0,59.6,35.1,,6.9,244.1,31.0,5.5,15.0,2.7,,53.0,9.0,19.0,94.0,88.0,QB
34.0,"Gilbert , AZ",11/24/1982,Harvard,Tampa Bay Buccaneers,13th season,74.0,"Fitzpatrick, Ryan",ryanfitzpatrick/2506581,223.0,,2014,Houston Texans,12,312.0,197.0,63.1,26.0,,8.0,206.9,17.0,5.4,8.0,2.6,,38.0,8.0,21.0,83.0,95.3,QB
34.0,"Gilbert , AZ",11/24/1982,Harvard,Tampa Bay Buccaneers,13th season,74.0,"Fitzpatrick, Ryan",ryanfitzpatrick/2506581,223.0,,2013,Tennessee Titans,11,350.0,217.0,62.0,31.8,,7.0,223.1,14.0,4.0,12.0,3.4,,32.0,7.0,21.0,109.0,82.0,QB
34.0,"Gilbert , AZ",11/24/1982,Harvard,Tampa Bay Buccaneers,13th season,74.0,"Fitzpatrick, Ryan",ryanfitzpatrick/2506581,223.0,,2012,Buffalo Bills,16,505.0,306.0,60.6,31.6,,6.7,212.5,24.0,4.8,16.0,3.2,,44.0,7.0,30.0,161.0,83.3,QB
34.0,"Gilbert , AZ",11/24/1982,Harvard,Tampa Bay Buccaneers,13th season,74.0,"Fitzpatrick, Ryan",ryanfitzpatrick/2506581,223.0,,2011,Buffalo Bills,16,569.0,353.0,62.0,35.6,,6.7,239.5,24.0,4.2,23.0,4.0,,48.0,8.0,22.0,148.0,79.1,QB
34.0,"Gilbert , AZ",11/24/1982,Harvard,Tampa Bay Buccaneers,13th season,74.0,"Fitzpatrick, Ryan",ryanfitzpatrick/2506581,223.0,,2010,Buffalo Bills,13,441.0,255.0,57.8,33.9,,6.8,230.8,23.0,5.2,15.0,3.4,,39.0,8.0,24.0,145.0,81.8,QB
34.0,"Gilbert , AZ",11/24/1982,Harvard,Tampa Bay Buccaneers,13th season,74.0,"Fitzpatrick, Ryan",ryanfitzpatrick/2506581,223.0,,2009,Buffalo Bills,10,227.0,127.0,55.9,22.7,,6.3,142.2,9.0,4.0,10.0,4.4,,15.0,4.0,21.0,127.0,69.7,QB
34.0,"Gilbert , AZ",11/24/1982,Harvard,Tampa Bay Buccaneers,13th season,74.0,"Fitzpatrick, Ryan",ryanfitzpatrick/2506581,223.0,,2008,Cincinnati Bengals,13,372.0,221.0,59.4,28.6,,5.1,146.5,8.0,2.2,9.0,2.4,79.0,14.0,2.0,38.0,193.0,70.0,QB
34.0,"Gilbert , AZ",11/24/1982,Harvard,Tampa Bay Buccaneers,13th season,74.0,"Fitzpatrick, Ryan",ryanfitzpatrick/2506581,223.0,,2005,St. Louis Rams,4,135.0,76.0,56.3,33.8,777.0,5.8,194.2,4.0,3.0,8.0,5.9,,4.0,2.0,9.0,49.0,58.2,QB
,"Philadelphia , PA",7/28/1919,Pennsylvania,,7 Seasons,71.0,"Reagan, Frank",frankreagan/2523810,182.0,1941 - 1951,1947,New York Giants,10,25.0,12.0,48.0,2.5,191.0,7.6,19.1,1.0,4.0,2.0,8.0,,0.0,0.0,0.0,0.0,53.9,QB
68.0,"Cleveland , MS",5/19/1949,Mississippi,,14 Seasons,75.0,"Manning, Archie",archiemanning/2520076,212.0,1971 - 1984,1984,Minnesota Vikings,6,94.0,52.0,55.3,15.7,545.0,5.8,90.8,2.0,2.1,3.0,3.2,56.0,0.0,0.0,18.0,153.0,66.1,QB
68.0,"Cleveland , MS",5/19/1949,Mississippi,,14 Seasons,75.0,"Manning, Archie",archiemanning/2520076,212.0,1971 - 1984,1983,Houston Oilers,3,88.0,44.0,50.0,29.3,755.0,8.6,251.7,2.0,2.3,8.0,9.1,,0.0,0.0,11.0,83.0,49.2,QB
68.0,"Cleveland , MS",5/19/1949,Mississippi,,14 Seasons,75.0,"Manning, Archie",archiemanning/2520076,212.0,1971 - 1984,1982,Houston Oilers,6,125.0,66.0,52.8,20.8,877.0,7.0,146.2,6.0,4.8,6.0,4.8,,0.0,0.0,27.0,216.0,71.3,QB
68.0,"Cleveland , MS",5/19/1949,Mississippi,,14 Seasons,75.0,"Manning, Archie",archiemanning/2520076,212.0,1971 - 1984,1981,New Orleans Saints,12,232.0,134.0,57.8,19.3,,6.2,120.6,5.0,2.2,11.0,4.7,55.0,0.0,0.0,21.0,164.0,63.6,QB
68.0,"Cleveland , MS",5/19/1949,Mississippi,,14 Seasons,75.0,"Manning, Archie",archiemanning/2520076,212.0,1971 - 1984,1980,New Orleans Saints,16,509.0,309.0,60.7,31.8,,7.3,232.2,23.0,4.5,20.0,3.9,56.0,0.0,0.0,41.0,311.0,81.8,QB
68.0,"Cleveland , MS",5/19/1949,Mississippi,,14 Seasons,75.0,"Manning, Archie",archiemanning/2520076,212.0,1971 - 1984,1979,New Orleans Saints,16,420.0,252.0,60.0,26.2,,7.5,198.1,15.0,3.6,20.0,4.8,85.0,0.0,0.0,17.0,140.0,75.6,QB
68.0,"Cleveland , MS",5/19/1949,Mississippi,,14 Seasons,75.0,"Manning, Archie",archiemanning/2520076,212.0,1971 - 1984,1978,New Orleans Saints,16,471.0,291.0,61.8,29.4,,7.3,213.5,17.0,3.6,16.0,3.4,,0.0,0.0,37.0,301.0,81.7,QB
68.0,"Cleveland , MS",5/19/1949,Mississippi,,14 Seasons,75.0,"Manning, Archie",archiemanning/2520076,212.0,1971 - 1984,1977,New Orleans Saints,10,205.0,113.0,55.1,20.5,,6.3,128.4,8.0,3.9,9.0,4.4,,0.0,0.0,36.0,288.0,68.8,QB
68.0,"Cleveland , MS",5/19/1949,Mississippi,,14 Seasons,75.0,"Manning, Archie",archiemanning/2520076,212.0,1971 - 1984,1975,New Orleans Saints,13,338.0,159.0,47.0,26.0,,5.0,129.5,7.0,2.1,20.0,5.9,,0.0,0.0,49.0,390.0,44.3,QB
68.0,"Cleveland , MS",5/19/1949,Mississippi,,14 Seasons,75.0,"Manning, Archie",archiemanning/2520076,212.0,1971 - 1984,1974,New Orleans Saints,11,261.0,134.0,51.3,23.7,,5.5,129.9,6.0,2.3,16.0,6.1,,0.0,0.0,26.0,172.0,49.8,QB
68.0,"Cleveland , MS",5/19/1949,Mississippi,,14 Seasons,75.0,"Manning, Archie",archiemanning/2520076,212.0,1971 - 1984,1973,New Orleans Saints,13,267.0,140.0,52.4,20.5,,6.1,126.3,10.0,3.7,12.0,4.5,,0.0,0.0,28.0,177.0,65.2,QB
68.0,"Cleveland , MS",5/19/1949,Mississippi,,14 Seasons,75.0,"Manning, Archie",archiemanning/2520076,212.0,1971 - 1984,1972,New Orleans Saints,14,448.0,230.0,51.3,32.0,,6.2,198.6,18.0,4.0,21.0,4.7,,0.0,0.0,43.0,347.0,64.6,QB
68.0,"Cleveland , MS",5/19/1949,Mississippi,,14 Seasons,75.0,"Manning, Archie",archiemanning/2520076,212.0,1971 - 1984,1971,New Orleans Saints,12,177.0,86.0,48.6,14.8,,6.6,97.0,6.0,3.4,9.0,5.1,,0.0,0.0,40.0,332.0,60.1,QB
26.0,"Thomaston , GA",5/31/1991,Baylor,New York Jets,3rd season,75.0,"Petty, Bryce",brycepetty/2552369,230.0,,2016,New York Jets,6,133.0,75.0,56.4,22.2,809.0,6.1,134.8,3.0,2.3,7.0,5.3,52.0,9.0,4.0,13.0,79.0,60.0,QB
28.0,"Austin , TX",1/20/1989,Arizona,Philadelphia Eagles,6th season,78.0,"Foles, Nick",nickfoles/2532842,243.0,,2016,Kansas City Chiefs,3,55.0,36.0,65.5,18.3,410.0,7.5,136.7,3.0,5.5,0.0,0.0,49.0,7.0,1.0,4.0,34.0,105.9,QB
28.0,"Austin , TX",1/20/1989,Arizona,Philadelphia Eagles,6th season,78.0,"Foles, Nick",nickfoles/2532842,243.0,,2015,St. Louis Rams,11,337.0,190.0,56.4,30.6,,6.1,186.5,7.0,2.1,10.0,3.0,68.0,27.0,8.0,14.0,98.0,69.0,QB
28.0,"Austin , TX",1/20/1989,Arizona,Philadelphia Eagles,6th season,78.0,"Foles, Nick",nickfoles/2532842,243.0,,2014,Philadelphia Eagles,8,311.0,186.0,59.8,38.9,,7.0,270.4,13.0,4.2,10.0,3.2,,29.0,7.0,9.0,74.0,81.4,QB
28.0,"Austin , TX",1/20/1989,Arizona,Philadelphia Eagles,6th season,78.0,"Foles, Nick",nickfoles/2532842,243.0,,2013,Philadelphia Eagles,13,317.0,203.0,64.0,24.4,,9.1,222.4,27.0,8.5,2.0,0.6,,52.0,13.0,28.0,173.0,119.2,QB
28.0,"Austin , TX",1/20/1989,Arizona,Philadelphia Eagles,6th season,78.0,"Foles, Nick",nickfoles/2532842,243.0,,2012,Philadelphia Eagles,7,265.0,161.0,60.8,37.9,,6.4,242.7,6.0,2.3,5.0,1.9,46.0,24.0,2.0,20.0,131.0,79.1,QB
,"Salem , OR",11/8/1908,Ohio Wesleyan,,2 Seasons,69.0,"Westfall, Ed",edwestfall/2528580,170.0,1932 - 1933,1933,Pittsburgh Pirates,6,26.0,8.0,30.8,4.3,100.0,3.8,16.7,0.0,0.0,5.0,19.2,,0.0,0.0,0.0,0.0,4.2,QB
80.0,"Fresno , CA",3/21/1937,U. of Pacific,,9 Seasons,73.0,"Flores, Tom",tomflores/2514158,202.0,1960 - 1969,1967,Buffalo Bills,14,64.0,22.0,34.4,4.6,260.0,4.1,18.6,0.0,0.0,8.0,12.5,,0.0,0.0,7.0,66.0,8.1,QB
80.0,"Fresno , CA",3/21/1937,U. of Pacific,,9 Seasons,73.0,"Flores, Tom",tomflores/2514158,202.0,1960 - 1969,1966,Oakland Raiders,14,306.0,151.0,49.3,21.9,,8.6,188.4,24.0,7.8,14.0,4.6,,0.0,0.0,0.0,0.0,86.2,QB
80.0,"Fresno , CA",3/21/1937,U. of Pacific,,9 Seasons,73.0,"Flores, Tom",tomflores/2514158,202.0,1960 - 1969,1965,Oakland Raiders,14,269.0,122.0,45.4,19.2,,5.9,113.8,14.0,5.2,11.0,4.1,,0.0,0.0,0.0,0.0,64.9,QB
80.0,"Fresno , CA",3/21/1937,U. of Pacific,,9 Seasons,73.0,"Flores, Tom",tomflores/2514158,202.0,1960 - 1969,1964,Oakland Raiders,14,200.0,98.0,49.0,14.3,,6.9,99.2,7.0,3.5,14.0,7.0,,0.0,0.0,0.0,0.0,54.4,QB
80.0,"Fresno , CA",3/21/1937,U. of Pacific,,9 Seasons,73.0,"Flores, Tom",tomflores/2514158,202.0,1960 - 1969,1963,Oakland Raiders,14,247.0,113.0,45.7,17.6,,8.5,150.1,20.0,8.1,13.0,5.3,,0.0,0.0,0.0,0.0,80.7,QB
80.0,"Fresno , CA",3/21/1937,U. of Pacific,,9 Seasons,73.0,"Flores, Tom",tomflores/2514158,202.0,1960 - 1969,1961,Oakland Raiders,14,366.0,190.0,51.9,26.1,,5.9,155.4,15.0,4.1,19.0,5.2,,0.0,0.0,0.0,0.0,62.1,QB
80.0,"Fresno , CA",3/21/1937,U. of Pacific,,9 Seasons,73.0,"Flores, Tom",tomflores/2514158,202.0,1960 - 1969,1960,Oakland Raiders,14,252.0,136.0,54.0,18.0,,6.9,124.1,12.0,4.8,12.0,4.8,,0.0,0.0,0.0,0.0,71.8,QB
58.0,"Superior , WI",4/25/1959,Nebraska,,5 Seasons,75.0,"Mathison, Bruce",brucemathison/2520334,205.0,1983 - 1987,1987,Seattle Seahawks,3,76.0,36.0,47.4,25.3,501.0,6.6,167.0,3.0,3.9,5.0,6.6,47.0,0.0,0.0,6.0,49.0,54.8,QB
58.0,"Superior , WI",4/25/1959,Nebraska,,5 Seasons,75.0,"Mathison, Bruce",brucemathison/2520334,205.0,1983 - 1987,1985,Buffalo Bills,10,228.0,113.0,49.6,22.8,,7.2,163.5,4.0,1.8,14.0,6.1,,0.0,0.0,22.0,203.0,53.5,QB
48.0,"Marietta , GA",9/13/1968,Florida State,,17 Seasons,77.0,"Johnson, Brad",bradjohnson/2501411,235.0,1992 - 2008,2008,Dallas Cowboys,16,78.0,41.0,52.6,4.9,427.0,5.5,26.7,2.0,2.6,5.0,6.4,36.0,4.0,0.0,8.0,54.0,50.5,QB
48.0,"Marietta , GA",9/13/1968,Florida State,,17 Seasons,77.0,"Johnson, Brad",bradjohnson/2501411,235.0,1992 - 2008,2006,Minnesota Vikings,15,439.0,270.0,61.5,29.3,,6.3,183.3,9.0,2.1,15.0,3.4,46.0,36.0,4.0,29.0,200.0,72.0,QB
48.0,"Marietta , GA",9/13/1968,Florida State,,17 Seasons,77.0,"Johnson, Brad",bradjohnson/2501411,235.0,1992 - 2008,2005,Minnesota Vikings,15,294.0,184.0,62.6,19.6,,6.4,125.7,12.0,4.1,4.0,1.4,,15.0,6.0,23.0,134.0,88.9,QB
48.0,"Marietta , GA",9/13/1968,Florida State,,17 Seasons,77.0,"Johnson, Brad",bradjohnson/2501411,235.0,1992 - 2008,2004,Tampa Bay Buccaneers,4,103.0,65.0,63.1,25.8,674.0,6.5,168.5,3.0,2.9,3.0,2.9,54.0,9.0,3.0,8.0,55.0,79.5,QB
48.0,"Marietta , GA",9/13/1968,Florida State,,17 Seasons,77.0,"Johnson, Brad",bradjohnson/2501411,235.0,1992 - 2008,2003,Tampa Bay Buccaneers,16,570.0,354.0,62.1,35.6,,6.7,238.2,26.0,4.6,21.0,3.7,,37.0,9.0,20.0,111.0,81.5,QB
48.0,"Marietta , GA",9/13/1968,Florida State,,17 Seasons,77.0,"Johnson, Brad",bradjohnson/2501411,235.0,1992 - 2008,2002,Tampa Bay Buccaneers,13,451.0,281.0,62.3,34.7,,6.8,234.5,22.0,4.9,6.0,1.3,,32.0,6.0,21.0,121.0,92.9,QB
48.0,"Marietta , GA",9/13/1968,Florida State,,17 Seasons,77.0,"Johnson, Brad",bradjohnson/2501411,235.0,1992 - 2008,2001,Tampa Bay Buccaneers,16,559.0,340.0,60.8,34.9,,6.1,212.9,13.0,2.3,11.0,2.0,47.0,34.0,1.0,44.0,269.0,77.7,QB
48.0,"Marietta , GA",9/13/1968,Florida State,,17 Seasons,77.0,"Johnson, Brad",bradjohnson/2501411,235.0,1992 - 2008,2000,Washington Redskins,12,365.0,228.0,62.5,30.4,,6.9,208.8,11.0,3.0,15.0,4.1,,23.0,7.0,20.0,150.0,75.7,QB
48.0,"Marietta , GA",9/13/1968,Florida State,,17 Seasons,77.0,"Johnson, Brad",bradjohnson/2501411,235.0,1992 - 2008,1999,Washington Redskins,16,519.0,316.0,60.9,32.4,,7.7,250.3,24.0,4.6,13.0,2.5,,62.0,14.0,29.0,177.0,90.0,QB
48.0,"Marietta , GA",9/13/1968,Florida State,,17 Seasons,77.0,"Johnson, Brad",bradjohnson/2501411,235.0,1992 - 2008,1998,Minnesota Vikings,4,101.0,65.0,64.4,25.2,747.0,7.4,186.8,7.0,6.9,5.0,5.0,,7.0,2.0,4.0,30.0,89.0,QB
48.0,"Marietta , GA",9/13/1968,Florida State,,17 Seasons,77.0,"Johnson, Brad",bradjohnson/2501411,235.0,1992 - 2008,1997,Minnesota Vikings,13,452.0,275.0,60.8,34.8,,6.7,233.5,20.0,4.4,12.0,2.7,56.0,36.0,7.0,26.0,164.0,84.5,QB
48.0,"Marietta , GA",9/13/1968,Florida State,,17 Seasons,77.0,"Johnson, Brad",bradjohnson/2501411,235.0,1992 - 2008,1996,Minnesota Vikings,12,311.0,195.0,62.7,25.9,,7.3,188.2,17.0,5.5,10.0,3.2,,27.0,7.0,15.0,119.0,89.4,QB
48.0,"Marietta , GA",9/13/1968,Florida State,,17 Seasons,77.0,"Johnson, Brad",bradjohnson/2501411,235.0,1992 - 2008,1995,Minnesota Vikings,5,36.0,25.0,69.4,7.2,272.0,7.6,54.4,0.0,0.0,2.0,5.6,39.0,4.0,0.0,2.0,18.0,68.3,QB
48.0,"Marietta , GA",9/13/1968,Florida State,,17 Seasons,77.0,"Johnson, Brad",bradjohnson/2501411,235.0,1992 - 2008,1994,Minnesota Vikings,4,37.0,22.0,59.5,9.2,150.0,4.1,37.5,0.0,0.0,0.0,0.0,15.0,0.0,0.0,1.0,5.0,68.5,QB
,"Greenup , KY",5/4/1914,Kentucky,,5 Seasons,73.0,"Davis, Bob",bobdavis/2512569,180.0,1938 - 1946,1944,Boston Yanks,10,18.0,8.0,44.4,1.8,88.0,4.9,8.8,1.0,5.6,2.0,11.1,,0.0,0.0,0.0,0.0,38.4,QB
,"Greenup , KY",5/4/1914,Kentucky,,5 Seasons,73.0,"Davis, Bob",bobdavis/2512569,180.0,1938 - 1946,1938,Cleveland Rams,8,24.0,6.0,25.0,3.0,49.0,2.0,6.1,0.0,0.0,2.0,8.3,,0.0,0.0,0.0,0.0,4.9,QB
53.0,"Toledo , OH",12/23/1963,Michigan,,15 Seasons,75.0,"Harbaugh, Jim",jimharbaugh/2501019,215.0,1987 - 2001,2000,San Diego Chargers,7,202.0,123.0,60.9,28.9,,7.0,202.3,8.0,4.0,10.0,5.0,,17.0,4.0,14.0,96.0,74.6,QB
53.0,"Toledo , OH",12/23/1963,Michigan,,15 Seasons,75.0,"Harbaugh, Jim",jimharbaugh/2501019,215.0,1987 - 2001,1999,San Diego Chargers,14,434.0,249.0,57.4,31.0,,6.4,197.2,10.0,2.3,14.0,3.2,,34.0,10.0,37.0,208.0,70.6,QB
53.0,"Toledo , OH",12/23/1963,Michigan,,15 Seasons,75.0,"Harbaugh, Jim",jimharbaugh/2501019,215.0,1987 - 2001,1998,Baltimore Ravens,14,293.0,164.0,56.0,20.9,,6.3,131.4,12.0,4.1,11.0,3.8,,20.0,7.0,23.0,145.0,72.9,QB
53.0,"Toledo , OH",12/23/1963,Michigan,,15 Seasons,75.0,"Harbaugh, Jim",jimharbaugh/2501019,215.0,1987 - 2001,1997,Indianapolis Colts,12,309.0,189.0,61.2,25.8,,6.7,171.7,10.0,3.2,4.0,1.3,58.0,19.0,4.0,41.0,256.0,86.2,QB
53.0,"Toledo , OH",12/23/1963,Michigan,,15 Seasons,75.0,"Harbaugh, Jim",jimharbaugh/2501019,215.0,1987 - 2001,1996,Indianapolis Colts,14,405.0,232.0,57.3,28.9,,6.5,187.9,13.0,3.2,11.0,2.7,51.0,32.0,6.0,36.0,190.0,76.3,QB
53.0,"Toledo , OH",12/23/1963,Michigan,,15 Seasons,75.0,"Harbaugh, Jim",jimharbaugh/2501019,215.0,1987 - 2001,1995,Indianapolis Colts,15,314.0,200.0,63.7,20.9,,8.2,171.7,17.0,5.4,5.0,1.6,52.0,33.0,8.0,36.0,219.0,100.7,QB
53.0,"Toledo , OH",12/23/1963,Michigan,,15 Seasons,75.0,"Harbaugh, Jim",jimharbaugh/2501019,215.0,1987 - 2001,1994,Indianapolis Colts,12,202.0,125.0,61.9,16.8,,7.1,120.0,9.0,4.5,6.0,3.0,,16.0,3.0,17.0,72.0,85.8,QB
53.0,"Toledo , OH",12/23/1963,Michigan,,15 Seasons,75.0,"Harbaugh, Jim",jimharbaugh/2501019,215.0,1987 - 2001,1993,Chicago Bears,15,325.0,200.0,61.5,21.7,,6.2,133.5,7.0,2.2,11.0,3.4,48.0,21.0,2.0,43.0,210.0,72.1,QB
53.0,"Toledo , OH",12/23/1963,Michigan,,15 Seasons,75.0,"Harbaugh, Jim",jimharbaugh/2501019,215.0,1987 - 2001,1992,Chicago Bears,16,358.0,202.0,56.4,22.4,,6.9,155.4,13.0,3.6,12.0,3.4,,28.0,7.0,31.0,167.0,76.2,QB
53.0,"Toledo , OH",12/23/1963,Michigan,,15 Seasons,75.0,"Harbaugh, Jim",jimharbaugh/2501019,215.0,1987 - 2001,1991,Chicago Bears,16,478.0,275.0,57.5,29.9,,6.5,195.1,15.0,3.1,16.0,3.3,,31.0,4.0,24.0,163.0,73.7,QB
53.0,"Toledo , OH",12/23/1963,Michigan,,15 Seasons,75.0,"Harbaugh, Jim",jimharbaugh/2501019,215.0,1987 - 2001,1990,Chicago Bears,14,312.0,180.0,57.7,22.3,,7.0,155.6,10.0,3.2,6.0,1.9,,0.0,0.0,31.0,206.0,81.9,QB
53.0,"Toledo , OH",12/23/1963,Michigan,,15 Seasons,75.0,"Harbaugh, Jim",jimharbaugh/2501019,215.0,1987 - 2001,1989,Chicago Bears,12,178.0,111.0,62.4,14.8,,6.8,100.3,5.0,2.8,9.0,5.1,,0.0,0.0,18.0,106.0,70.5,QB
53.0,"Toledo , OH",12/23/1963,Michigan,,15 Seasons,75.0,"Harbaugh, Jim",jimharbaugh/2501019,215.0,1987 - 2001,1988,Chicago Bears,10,97.0,47.0,48.5,9.7,514.0,5.3,51.4,0.0,0.0,2.0,2.1,56.0,0.0,0.0,6.0,49.0,55.9,QB
72.0,"Savannah , GA",5/7/1945,Tennessee,,1 Season,72.0,"Warren, Dewey",deweywarren/2528259,205.0,1968 - 1968,1968,Cincinnati Bengals,7,80.0,47.0,58.8,11.4,506.0,6.3,72.3,1.0,1.3,4.0,5.0,,0.0,0.0,10.0,69.0,60.7,QB
55.0,"Hershey , PA",4/15/1962,Purdue,,6 Seasons,72.0,"Campbell, Scott",scottcampbell/2510992,196.0,1984 - 1990,1990,Atlanta Falcons,7,76.0,36.0,47.4,10.9,527.0,6.9,75.3,3.0,3.9,4.0,5.3,70.0,0.0,0.0,9.0,55.0,61.7,QB
55.0,"Hershey , PA",4/15/1962,Purdue,,6 Seasons,72.0,"Campbell, Scott",scottcampbell/2510992,196.0,1984 - 1990,1987,Atlanta Falcons,12,260.0,136.0,52.3,21.7,,6.6,144.0,11.0,4.2,14.0,5.4,,0.0,0.0,25.0,178.0,65.0,QB
55.0,"Hershey , PA",4/15/1962,Purdue,,6 Seasons,72.0,"Campbell, Scott",scottcampbell/2510992,196.0,1984 - 1990,1985,Pittsburgh Steelers,16,96.0,43.0,44.8,6.0,612.0,6.4,38.2,4.0,4.2,6.0,6.3,51.0,0.0,0.0,10.0,60.0,53.8,QB
55.0,"Hershey , PA",4/15/1962,Purdue,,6 Seasons,72.0,"Campbell, Scott",scottcampbell/2510992,196.0,1984 - 1990,1984,Pittsburgh Steelers,5,15.0,8.0,53.3,3.0,109.0,7.3,21.8,1.0,6.7,1.0,6.7,,0.0,0.0,0.0,0.0,71.2,QB
59.0,"Erie , PA",9/3/1957,Kansas State,,3 Seasons,74.0,"Manucci, Dan",danmanucci/2520096,196.0,1979 - 1987,1987,Buffalo Bills,3,21.0,7.0,33.3,7.0,68.0,3.2,22.7,0.0,0.0,2.0,9.5,15.0,0.0,0.0,3.0,27.0,3.8,QB
53.0,"Boston , MA",11/30/1963,UCLA,,1 Season,76.0,"Norrie, David",davidnorrie/2522252,220.0,1987 - 1987,1987,New York Jets,2,68.0,35.0,51.5,34.0,376.0,5.5,188.0,1.0,1.5,4.0,5.9,,0.0,0.0,15.0,72.0,48.4,QB
,"Chester , SC",1/15/1927,Clemson,,2 Seasons,71.0,"Gage, Bobby",bobbygage/2514530,175.0,1949 - 1950,1950,Pittsburgh Steelers,10,58.0,21.0,36.2,5.8,294.0,5.1,29.4,1.0,1.7,5.0,8.6,,0.0,0.0,0.0,46.0,23.2,QB
,"Chester , SC",1/15/1927,Clemson,,2 Seasons,71.0,"Gage, Bobby",bobbygage/2514530,175.0,1949 - 1950,1949,Pittsburgh Steelers,12,36.0,17.0,47.2,3.0,329.0,9.1,27.4,2.0,5.6,4.0,11.1,,0.0,0.0,0.0,81.0,58.4,QB
53.0,"Boardman , OH",11/25/1963,Miami (Fla.),,12 Seasons,77.0,"Kosar, Bernie",berniekosar/2501648,214.0,1985 - 1996,1996,Miami Dolphins,3,32.0,24.0,75.0,10.7,208.0,6.5,69.3,1.0,3.1,0.0,0.0,20.0,1.0,0.0,6.0,34.0,102.1,QB
53.0,"Boardman , OH",11/25/1963,Miami (Fla.),,12 Seasons,77.0,"Kosar, Bernie",berniekosar/2501648,214.0,1985 - 1996,1995,Miami Dolphins,9,108.0,74.0,68.5,12.0,699.0,6.5,77.7,3.0,2.8,5.0,4.6,,6.0,0.0,6.0,28.0,76.1,QB
53.0,"Boardman , OH",11/25/1963,Miami (Fla.),,12 Seasons,77.0,"Kosar, Bernie",berniekosar/2501648,214.0,1985 - 1996,1993,Dallas Cowboys,4,63.0,36.0,57.1,15.8,410.0,6.5,102.5,3.0,4.8,0.0,0.0,86.0,4.0,1.0,2.0,4.0,92.7,QB
53.0,"Boardman , OH",11/25/1963,Miami (Fla.),,12 Seasons,77.0,"Kosar, Bernie",berniekosar/2501648,214.0,1985 - 1996,1993,Cleveland Browns,7,138.0,79.0,57.2,19.7,807.0,5.8,115.3,5.0,3.6,3.0,2.2,,11.0,0.0,21.0,128.0,77.2,QB
53.0,"Boardman , OH",11/25/1963,Miami (Fla.),,12 Seasons,77.0,"Kosar, Bernie",berniekosar/2501648,214.0,1985 - 1996,1992,Cleveland Browns,7,155.0,103.0,66.5,22.1,,7.5,165.7,8.0,5.2,7.0,4.5,,11.0,3.0,21.0,126.0,87.0,QB
53.0,"Boardman , OH",11/25/1963,Miami (Fla.),,12 Seasons,77.0,"Kosar, Bernie",berniekosar/2501648,214.0,1985 - 1996,1991,Cleveland Browns,16,494.0,307.0,62.1,30.9,,7.1,217.9,18.0,3.6,9.0,1.8,,42.0,9.0,41.0,232.0,87.8,QB
53.0,"Boardman , OH",11/25/1963,Miami (Fla.),,12 Seasons,77.0,"Kosar, Bernie",berniekosar/2501648,214.0,1985 - 1996,1990,Cleveland Browns,13,423.0,230.0,54.4,32.5,,6.1,197.1,10.0,2.4,15.0,3.5,50.0,0.0,0.0,37.0,220.0,65.7,QB
53.0,"Boardman , OH",11/25/1963,Miami (Fla.),,12 Seasons,77.0,"Kosar, Bernie",berniekosar/2501648,214.0,1985 - 1996,1989,Cleveland Browns,16,513.0,303.0,59.1,32.1,,6.9,220.8,18.0,3.5,14.0,2.7,,0.0,0.0,34.0,192.0,80.3,QB
53.0,"Boardman , OH",11/25/1963,Miami (Fla.),,12 Seasons,77.0,"Kosar, Bernie",berniekosar/2501648,214.0,1985 - 1996,1988,Cleveland Browns,9,259.0,156.0,60.2,28.8,,7.3,210.0,10.0,3.9,7.0,2.7,,0.0,0.0,25.0,172.0,84.3,QB
53.0,"Boardman , OH",11/25/1963,Miami (Fla.),,12 Seasons,77.0,"Kosar, Bernie",berniekosar/2501648,214.0,1985 - 1996,1987,Cleveland Browns,12,389.0,241.0,62.0,32.4,,7.8,252.8,22.0,5.7,9.0,2.3,,0.0,0.0,22.0,129.0,95.4,QB
53.0,"Boardman , OH",11/25/1963,Miami (Fla.),,12 Seasons,77.0,"Kosar, Bernie",berniekosar/2501648,214.0,1985 - 1996,1986,Cleveland Browns,16,531.0,310.0,58.4,33.2,,7.3,240.9,17.0,3.2,10.0,1.9,,0.0,0.0,39.0,274.0,83.8,QB
53.0,"Boardman , OH",11/25/1963,Miami (Fla.),,12 Seasons,77.0,"Kosar, Bernie",berniekosar/2501648,214.0,1985 - 1996,1985,Cleveland Browns,12,248.0,124.0,50.0,20.7,,6.4,131.5,8.0,3.2,7.0,2.8,,0.0,0.0,19.0,121.0,69.3,QB
57.0,"Blythe , CA",10/8/1959,Illinois,,8 Seasons,76.0,"Eason, Tony",tonyeason/2513415,212.0,1983 - 1990,1990,New York Jets,16,28.0,13.0,46.4,1.8,155.0,5.5,9.7,0.0,0.0,1.0,3.6,31.0,0.0,0.0,4.0,35.0,49.0,QB
57.0,"Blythe , CA",10/8/1959,Illinois,,8 Seasons,76.0,"Eason, Tony",tonyeason/2513415,212.0,1983 - 1990,1989,New York Jets,2,36.0,22.0,61.1,18.0,255.0,7.1,127.5,1.0,2.8,2.0,5.6,,0.0,0.0,7.0,42.0,68.6,QB
57.0,"Blythe , CA",10/8/1959,Illinois,,8 Seasons,76.0,"Eason, Tony",tonyeason/2513415,212.0,1983 - 1990,1989,New England Patriots,3,105.0,57.0,54.3,35.0,761.0,7.2,253.7,3.0,2.9,4.0,3.8,45.0,0.0,0.0,10.0,78.0,71.2,QB
57.0,"Blythe , CA",10/8/1959,Illinois,,8 Seasons,76.0,"Eason, Tony",tonyeason/2513415,212.0,1983 - 1990,1988,New England Patriots,2,43.0,28.0,65.1,21.5,249.0,5.8,124.5,0.0,0.0,2.0,4.7,26.0,0.0,0.0,2.0,12.0,61.1,QB
57.0,"Blythe , CA",10/8/1959,Illinois,,8 Seasons,76.0,"Eason, Tony",tonyeason/2513415,212.0,1983 - 1990,1987,New England Patriots,4,79.0,42.0,53.2,19.8,453.0,5.7,113.2,3.0,3.8,2.0,2.5,45.0,0.0,0.0,8.0,70.0,72.4,QB
57.0,"Blythe , CA",10/8/1959,Illinois,,8 Seasons,76.0,"Eason, Tony",tonyeason/2513415,212.0,1983 - 1990,1986,New England Patriots,15,448.0,276.0,61.6,29.9,,7.4,221.9,19.0,4.2,10.0,2.2,49.0,0.0,0.0,43.0,336.0,89.2,QB
57.0,"Blythe , CA",10/8/1959,Illinois,,8 Seasons,76.0,"Eason, Tony",tonyeason/2513415,212.0,1983 - 1990,1985,New England Patriots,16,299.0,168.0,56.2,18.7,,7.2,134.8,11.0,3.7,17.0,5.7,,0.0,0.0,28.0,229.0,67.5,QB
57.0,"Blythe , CA",10/8/1959,Illinois,,8 Seasons,76.0,"Eason, Tony",tonyeason/2513415,212.0,1983 - 1990,1984,New England Patriots,16,431.0,259.0,60.1,26.9,,7.5,201.8,23.0,5.3,8.0,1.9,,0.0,0.0,59.0,409.0,93.4,QB
57.0,"Blythe , CA",10/8/1959,Illinois,,8 Seasons,76.0,"Eason, Tony",tonyeason/2513415,212.0,1983 - 1990,1983,New England Patriots,16,95.0,46.0,48.4,5.9,557.0,5.9,34.8,1.0,1.1,5.0,5.3,35.0,0.0,0.0,16.0,139.0,48.4,QB
,"Los Angeles , CA",7/13/1935,Occidental,,10 Seasons,73.0,"Kemp, Jack",jackkemp/2518315,201.0,1957 - 1969,1969,Buffalo Bills,14,344.0,170.0,49.4,24.6,,5.8,141.5,13.0,3.8,22.0,6.4,,0.0,0.0,21.0,187.0,53.2,QB
,"Los Angeles , CA",7/13/1935,Occidental,,10 Seasons,73.0,"Kemp, Jack",jackkemp/2518315,201.0,1957 - 1969,1967,Buffalo Bills,14,369.0,161.0,43.6,26.4,,6.8,178.8,14.0,3.8,26.0,7.0,,0.0,0.0,38.0,380.0,50.0,QB
,"Los Angeles , CA",7/13/1935,Occidental,,10 Seasons,73.0,"Kemp, Jack",jackkemp/2518315,201.0,1957 - 1969,1966,Buffalo Bills,14,389.0,166.0,42.7,27.8,,6.3,175.1,11.0,2.8,16.0,4.1,,0.0,0.0,0.0,0.0,56.2,QB
,"Los Angeles , CA",7/13/1935,Occidental,,10 Seasons,73.0,"Kemp, Jack",jackkemp/2518315,201.0,1957 - 1969,1965,Buffalo Bills,14,391.0,179.0,45.8,27.9,,6.1,169.1,10.0,2.6,18.0,4.6,,0.0,0.0,0.0,0.0,54.8,QB
,"Los Angeles , CA",7/13/1935,Occidental,,10 Seasons,73.0,"Kemp, Jack",jackkemp/2518315,201.0,1957 - 1969,1964,Buffalo Bills,14,269.0,119.0,44.2,19.2,,8.5,163.2,13.0,4.8,26.0,9.7,,0.0,0.0,0.0,0.0,50.9,QB
,"Los Angeles , CA",7/13/1935,Occidental,,10 Seasons,73.0,"Kemp, Jack",jackkemp/2518315,201.0,1957 - 1969,1963,Buffalo Bills,14,384.0,193.0,50.3,27.4,,7.6,207.9,13.0,3.4,20.0,5.2,,0.0,0.0,0.0,0.0,65.1,QB
,"Los Angeles , CA",7/13/1935,Occidental,,10 Seasons,73.0,"Kemp, Jack",jackkemp/2518315,201.0,1957 - 1969,1962,Buffalo Bills,4,94.0,51.0,54.3,23.5,636.0,6.8,159.0,3.0,3.2,4.0,4.3,,0.0,0.0,0.0,0.0,68.4,QB
,"Los Angeles , CA",7/13/1935,Occidental,,10 Seasons,73.0,"Kemp, Jack",jackkemp/2518315,201.0,1957 - 1969,1962,San Diego Chargers,2,45.0,13.0,28.9,22.5,292.0,6.5,146.0,2.0,4.4,2.0,4.4,,0.0,0.0,0.0,0.0,50.4,QB
,"Los Angeles , CA",7/13/1935,Occidental,,10 Seasons,73.0,"Kemp, Jack",jackkemp/2518315,201.0,1957 - 1969,1961,San Diego Chargers,14,364.0,165.0,45.3,26.0,,7.4,191.9,15.0,4.1,22.0,6.0,,0.0,0.0,0.0,0.0,59.2,QB
,"Los Angeles , CA",7/13/1935,Occidental,,10 Seasons,73.0,"Kemp, Jack",jackkemp/2518315,201.0,1957 - 1969,1960,Los Angeles Chargers,14,406.0,211.0,52.0,29.0,,7.4,215.6,20.0,4.9,25.0,6.2,,0.0,0.0,0.0,0.0,67.1,QB
,"Los Angeles , CA",7/13/1935,Occidental,,10 Seasons,73.0,"Kemp, Jack",jackkemp/2518315,201.0,1957 - 1969,1957,Pittsburgh Steelers,4,18.0,8.0,44.4,4.5,88.0,4.9,22.0,0.0,0.0,2.0,11.1,,0.0,0.0,0.0,22.0,19.9,QB
,"Los Angeles , CA",1/14/1930,Stanford,,4 Seasons,71.0,"Kerkorian, Gary",garykerkorian/2518363,185.0,1952 - 1956,1955,Baltimore Colts,7,29.0,15.0,51.7,4.1,209.0,7.2,29.9,1.0,3.4,3.0,10.3,,0.0,0.0,0.0,53.0,47.1,QB
,"Los Angeles , CA",1/14/1930,Stanford,,4 Seasons,71.0,"Kerkorian, Gary",garykerkorian/2518363,185.0,1952 - 1956,1954,Baltimore Colts,10,217.0,117.0,53.9,21.7,,7.0,151.5,9.0,4.1,12.0,5.5,,0.0,0.0,0.0,290.0,66.9,QB
49.0,"Philadelphia , PA",4/29/1968,Louisville,,6 Seasons,75.0,"Nagle, Browning",browningnagle/2502257,220.0,1991 - 1996,1994,Indianapolis Colts,1,21.0,8.0,38.1,21.0,69.0,3.3,69.0,0.0,0.0,1.0,4.8,23.0,1.0,0.0,2.0,18.0,27.7,QB
49.0,"Philadelphia , PA",4/29/1968,Louisville,,6 Seasons,75.0,"Nagle, Browning",browningnagle/2502257,220.0,1991 - 1996,1992,New York Jets,14,387.0,192.0,49.6,27.6,,5.9,162.9,7.0,1.8,17.0,4.4,51.0,29.0,3.0,27.0,215.0,55.7,QB
36.0,"Sacramento , CA",8/6/1980,Iowa State,,11 Seasons,71.0,"Wallace, Seneca",senecawallace/2505562,205.0,2003 - 2013,2013,Green Bay Packers,2,24.0,16.0,66.7,12.0,139.0,5.8,69.5,0.0,0.0,1.0,4.2,17.0,0.0,0.0,4.0,25.0,64.4,QB
36.0,"Sacramento , CA",8/6/1980,Iowa State,,11 Seasons,71.0,"Wallace, Seneca",senecawallace/2505562,205.0,2003 - 2013,2011,Cleveland Browns,6,107.0,55.0,51.4,17.8,567.0,5.3,94.5,2.0,1.9,2.0,1.9,,6.0,1.0,6.0,30.0,65.4,QB
36.0,"Sacramento , CA",8/6/1980,Iowa State,,11 Seasons,71.0,"Wallace, Seneca",senecawallace/2505562,205.0,2003 - 2013,2010,Cleveland Browns,8,101.0,64.0,63.4,12.6,694.0,6.9,86.8,4.0,4.0,2.0,2.0,,7.0,2.0,6.0,33.0,88.5,QB
36.0,"Sacramento , CA",8/6/1980,Iowa State,,11 Seasons,71.0,"Wallace, Seneca",senecawallace/2505562,205.0,2003 - 2013,2009,Seattle Seahawks,13,120.0,78.0,65.0,9.2,700.0,5.8,53.8,3.0,2.5,2.0,1.7,,6.0,0.0,9.0,59.0,81.9,QB
36.0,"Sacramento , CA",8/6/1980,Iowa State,,11 Seasons,71.0,"Wallace, Seneca",senecawallace/2505562,205.0,2003 - 2013,2008,Seattle Seahawks,10,242.0,141.0,58.3,24.2,,6.3,153.2,11.0,4.5,3.0,1.2,,15.0,5.0,14.0,76.0,87.0,QB
36.0,"Sacramento , CA",8/6/1980,Iowa State,,11 Seasons,71.0,"Wallace, Seneca",senecawallace/2505562,205.0,2003 - 2013,2007,Seattle Seahawks,10,28.0,19.0,67.9,2.8,215.0,7.7,21.5,2.0,7.1,1.0,3.6,,3.0,1.0,3.0,13.0,99.6,QB
36.0,"Sacramento , CA",8/6/1980,Iowa State,,11 Seasons,71.0,"Wallace, Seneca",senecawallace/2505562,205.0,2003 - 2013,2006,Seattle Seahawks,8,141.0,82.0,58.2,17.6,927.0,6.6,115.9,8.0,5.7,7.0,5.0,,11.0,2.0,14.0,83.0,76.2,QB
36.0,"Sacramento , CA",8/6/1980,Iowa State,,11 Seasons,71.0,"Wallace, Seneca",senecawallace/2505562,205.0,2003 - 2013,2005,Seattle Seahawks,7,25.0,13.0,52.0,3.6,173.0,6.9,24.7,1.0,4.0,1.0,4.0,42.0,3.0,1.0,3.0,20.0,70.9,QB
54.0,"Escondido , CA",3/9/1963,USC,,8 Seasons,77.0,"Salisbury, Sean",seansalisbury/2502809,225.0,1986 - 1996,1996,San Diego Chargers,16,161.0,82.0,50.9,10.1,984.0,6.1,61.5,5.0,3.1,8.0,5.0,56.0,13.0,5.0,13.0,109.0,59.6,QB
54.0,"Escondido , CA",3/9/1963,USC,,8 Seasons,77.0,"Salisbury, Sean",seansalisbury/2502809,225.0,1986 - 1996,1994,Minnesota Vikings,1,34.0,16.0,47.1,34.0,156.0,4.6,156.0,0.0,0.0,1.0,2.9,38.0,1.0,0.0,1.0,6.0,48.2,QB
54.0,"Escondido , CA",3/9/1963,USC,,8 Seasons,77.0,"Salisbury, Sean",seansalisbury/2502809,225.0,1986 - 1996,1993,Minnesota Vikings,11,195.0,115.0,59.0,17.7,,7.2,128.5,9.0,4.6,6.0,3.1,55.0,18.0,2.0,12.0,77.0,84.0,QB
54.0,"Escondido , CA",3/9/1963,USC,,8 Seasons,77.0,"Salisbury, Sean",seansalisbury/2502809,225.0,1986 - 1996,1992,Minnesota Vikings,10,175.0,97.0,55.4,17.5,,6.9,120.3,5.0,2.9,2.0,1.1,51.0,17.0,2.0,15.0,116.0,81.7,QB
36.0,"Newport News , VA",6/26/1980,Virginia Tech,,15 Seasons,72.0,"Vick, Mike",mikevick/2504531,210.0,2001 - 2015,2015,Pittsburgh Steelers,5,66.0,40.0,60.6,13.2,371.0,5.6,74.2,2.0,3.0,1.0,1.5,,4.0,1.0,10.0,53.0,79.8,QB
36.0,"Newport News , VA",6/26/1980,Virginia Tech,,15 Seasons,72.0,"Vick, Mike",mikevick/2504531,210.0,2001 - 2015,2014,New York Jets,10,121.0,64.0,52.9,12.1,604.0,5.0,60.4,3.0,2.5,2.0,1.7,,5.0,2.0,19.0,85.0,68.3,QB
36.0,"Newport News , VA",6/26/1980,Virginia Tech,,15 Seasons,72.0,"Vick, Mike",mikevick/2504531,210.0,2001 - 2015,2013,Philadelphia Eagles,7,141.0,77.0,54.6,20.1,,8.6,173.6,5.0,3.5,3.0,2.1,70.0,25.0,5.0,15.0,99.0,86.5,QB
36.0,"Newport News , VA",6/26/1980,Virginia Tech,,15 Seasons,72.0,"Vick, Mike",mikevick/2504531,210.0,2001 - 2015,2012,Philadelphia Eagles,10,351.0,204.0,58.1,35.1,,6.7,236.2,12.0,3.4,10.0,2.8,,27.0,4.0,28.0,153.0,78.1,QB
36.0,"Newport News , VA",6/26/1980,Virginia Tech,,15 Seasons,72.0,"Vick, Mike",mikevick/2504531,210.0,2001 - 2015,2011,Philadelphia Eagles,13,423.0,253.0,59.8,32.5,,7.8,254.1,18.0,4.3,14.0,3.3,73.0,50.0,6.0,23.0,126.0,84.9,QB
36.0,"Newport News , VA",6/26/1980,Virginia Tech,,15 Seasons,72.0,"Vick, Mike",mikevick/2504531,210.0,2001 - 2015,2010,Philadelphia Eagles,12,372.0,233.0,62.6,31.0,,8.1,251.5,21.0,5.6,6.0,1.6,,48.0,12.0,34.0,210.0,100.2,QB
36.0,"Newport News , VA",6/26/1980,Virginia Tech,,15 Seasons,72.0,"Vick, Mike",mikevick/2504531,210.0,2001 - 2015,2006,Atlanta Falcons,16,388.0,204.0,52.6,24.2,,6.4,154.6,20.0,5.2,13.0,3.4,55.0,30.0,8.0,45.0,303.0,75.7,QB
36.0,"Newport News , VA",6/26/1980,Virginia Tech,,15 Seasons,72.0,"Vick, Mike",mikevick/2504531,210.0,2001 - 2015,2005,Atlanta Falcons,15,387.0,214.0,55.3,25.8,,6.2,160.8,15.0,3.9,13.0,3.4,58.0,27.0,3.0,33.0,201.0,73.1,QB
36.0,"Newport News , VA",6/26/1980,Virginia Tech,,15 Seasons,72.0,"Vick, Mike",mikevick/2504531,210.0,2001 - 2015,2004,Atlanta Falcons,15,321.0,181.0,56.4,21.4,,7.2,154.2,14.0,4.4,12.0,3.7,62.0,35.0,8.0,46.0,266.0,78.1,QB
36.0,"Newport News , VA",6/26/1980,Virginia Tech,,15 Seasons,72.0,"Vick, Mike",mikevick/2504531,210.0,2001 - 2015,2003,Atlanta Falcons,5,100.0,50.0,50.0,20.0,585.0,5.9,117.0,4.0,4.0,3.0,3.0,49.0,7.0,2.0,9.0,64.0,69.0,QB
36.0,"Newport News , VA",6/26/1980,Virginia Tech,,15 Seasons,72.0,"Vick, Mike",mikevick/2504531,210.0,2001 - 2015,2002,Atlanta Falcons,15,421.0,231.0,54.9,28.1,,7.0,195.7,16.0,3.8,8.0,1.9,,44.0,8.0,33.0,206.0,81.6,QB
36.0,"Newport News , VA",6/26/1980,Virginia Tech,,15 Seasons,72.0,"Vick, Mike",mikevick/2504531,210.0,2001 - 2015,2001,Atlanta Falcons,8,113.0,50.0,44.2,14.1,785.0,6.9,98.1,2.0,1.8,3.0,2.7,52.0,11.0,4.0,21.0,113.0,62.7,QB
67.0,"Alvin , TX",4/23/1950,Arkansas,,18 Seasons,73.0,"Ferguson, Joe",joeferguson/2513953,195.0,1973 - 1990,1989,Tampa Bay Buccaneers,5,90.0,44.0,48.9,18.0,533.0,5.9,106.6,3.0,3.3,6.0,6.7,,0.0,0.0,5.0,37.0,50.8,QB
67.0,"Alvin , TX",4/23/1950,Arkansas,,18 Seasons,73.0,"Ferguson, Joe",joeferguson/2513953,195.0,1973 - 1990,1988,Tampa Bay Buccaneers,2,46.0,31.0,67.4,23.0,368.0,8.0,184.0,3.0,6.5,1.0,2.2,34.0,0.0,0.0,1.0,8.0,104.3,QB
67.0,"Alvin , TX",4/23/1950,Arkansas,,18 Seasons,73.0,"Ferguson, Joe",joeferguson/2513953,195.0,1973 - 1990,1986,Detroit Lions,6,155.0,73.0,47.1,25.8,941.0,6.1,156.8,7.0,4.5,7.0,4.5,73.0,0.0,0.0,10.0,101.0,62.9,QB
67.0,"Alvin , TX",4/23/1950,Arkansas,,18 Seasons,73.0,"Ferguson, Joe",joeferguson/2513953,195.0,1973 - 1990,1985,Detroit Lions,8,54.0,31.0,57.4,6.8,364.0,6.7,45.5,2.0,3.7,3.0,5.6,38.0,0.0,0.0,4.0,35.0,67.2,QB
67.0,"Alvin , TX",4/23/1950,Arkansas,,18 Seasons,73.0,"Ferguson, Joe",joeferguson/2513953,195.0,1973 - 1990,1984,Buffalo Bills,12,344.0,191.0,55.5,28.7,,5.8,165.9,12.0,3.5,17.0,4.9,,0.0,0.0,35.0,357.0,63.5,QB
67.0,"Alvin , TX",4/23/1950,Arkansas,,18 Seasons,73.0,"Ferguson, Joe",joeferguson/2513953,195.0,1973 - 1990,1983,Buffalo Bills,16,508.0,281.0,55.3,31.8,,5.9,187.2,26.0,5.1,25.0,4.9,,0.0,0.0,27.0,266.0,69.3,QB
67.0,"Alvin , TX",4/23/1950,Arkansas,,18 Seasons,73.0,"Ferguson, Joe",joeferguson/2513953,195.0,1973 - 1990,1982,Buffalo Bills,9,264.0,144.0,54.5,29.3,,6.0,177.4,7.0,2.7,16.0,6.1,47.0,0.0,0.0,11.0,105.0,56.3,QB
67.0,"Alvin , TX",4/23/1950,Arkansas,,18 Seasons,73.0,"Ferguson, Joe",joeferguson/2513953,195.0,1973 - 1990,1981,Buffalo Bills,16,498.0,252.0,50.6,31.1,,7.3,228.2,24.0,4.8,20.0,4.0,,0.0,0.0,15.0,137.0,74.1,QB
67.0,"Alvin , TX",4/23/1950,Arkansas,,18 Seasons,73.0,"Ferguson, Joe",joeferguson/2513953,195.0,1973 - 1990,1980,Buffalo Bills,16,439.0,251.0,57.2,27.4,,6.4,175.3,20.0,4.6,18.0,4.1,69.0,0.0,0.0,13.0,129.0,74.5,QB
67.0,"Alvin , TX",4/23/1950,Arkansas,,18 Seasons,73.0,"Ferguson, Joe",joeferguson/2513953,195.0,1973 - 1990,1979,Buffalo Bills,16,458.0,238.0,52.0,28.6,,7.8,223.2,14.0,3.1,15.0,3.3,,0.0,0.0,43.0,387.0,74.4,QB
67.0,"Alvin , TX",4/23/1950,Arkansas,,18 Seasons,73.0,"Ferguson, Joe",joeferguson/2513953,195.0,1973 - 1990,1978,Buffalo Bills,16,330.0,175.0,53.0,20.6,,6.5,133.5,16.0,4.8,15.0,4.5,,0.0,0.0,29.0,243.0,70.5,QB
67.0,"Alvin , TX",4/23/1950,Arkansas,,18 Seasons,73.0,"Ferguson, Joe",joeferguson/2513953,195.0,1973 - 1990,1977,Buffalo Bills,14,457.0,221.0,48.4,32.6,,6.1,200.2,12.0,2.6,24.0,5.3,42.0,0.0,0.0,36.0,273.0,54.8,QB
67.0,"Alvin , TX",4/23/1950,Arkansas,,18 Seasons,73.0,"Ferguson, Joe",joeferguson/2513953,195.0,1973 - 1990,1976,Buffalo Bills,7,151.0,74.0,49.0,21.6,,7.2,155.1,9.0,6.0,1.0,0.7,,0.0,0.0,11.0,80.0,90.0,QB
67.0,"Alvin , TX",4/23/1950,Arkansas,,18 Seasons,73.0,"Ferguson, Joe",joeferguson/2513953,195.0,1973 - 1990,1975,Buffalo Bills,14,321.0,169.0,52.6,22.9,,7.6,173.3,25.0,7.8,17.0,5.3,,0.0,0.0,20.0,153.0,81.3,QB
67.0,"Alvin , TX",4/23/1950,Arkansas,,18 Seasons,73.0,"Ferguson, Joe",joeferguson/2513953,195.0,1973 - 1990,1974,Buffalo Bills,14,232.0,119.0,51.3,16.6,,6.8,113.4,12.0,5.2,12.0,5.2,,0.0,0.0,32.0,235.0,69.0,QB
67.0,"Alvin , TX",4/23/1950,Arkansas,,18 Seasons,73.0,"Ferguson, Joe",joeferguson/2513953,195.0,1973 - 1990,1973,Buffalo Bills,14,164.0,73.0,44.5,11.7,939.0,5.7,67.1,4.0,2.4,10.0,6.1,,0.0,0.0,20.0,164.0,45.8,QB
74.0,"Beaver Falls , PA",5/31/1943,Alabama,,13 Seasons,74.0,"Namath, Joe",joenamath/2521943,200.0,1965 - 1977,1977,Los Angeles Rams,4,107.0,50.0,46.7,26.8,606.0,5.7,151.5,3.0,2.8,5.0,4.7,42.0,0.0,0.0,7.0,76.0,54.5,QB
74.0,"Beaver Falls , PA",5/31/1943,Alabama,,13 Seasons,74.0,"Namath, Joe",joenamath/2521943,200.0,1965 - 1977,1976,New York Jets,11,230.0,114.0,49.6,20.9,,4.7,99.1,4.0,1.7,16.0,7.0,35.0,0.0,0.0,16.0,150.0,39.9,QB
74.0,"Beaver Falls , PA",5/31/1943,Alabama,,13 Seasons,74.0,"Namath, Joe",joenamath/2521943,200.0,1965 - 1977,1975,New York Jets,14,326.0,157.0,48.2,23.3,,7.0,163.3,15.0,4.6,28.0,8.6,91.0,0.0,0.0,27.0,253.0,51.0,QB
74.0,"Beaver Falls , PA",5/31/1943,Alabama,,13 Seasons,74.0,"Namath, Joe",joenamath/2521943,200.0,1965 - 1977,1974,New York Jets,14,361.0,191.0,52.9,25.8,,7.2,186.9,20.0,5.5,22.0,6.1,,0.0,0.0,19.0,195.0,69.4,QB
74.0,"Beaver Falls , PA",5/31/1943,Alabama,,13 Seasons,74.0,"Namath, Joe",joenamath/2521943,200.0,1965 - 1977,1973,New York Jets,6,133.0,68.0,51.1,22.2,966.0,7.3,161.0,5.0,3.8,6.0,4.5,,0.0,0.0,10.0,97.0,68.7,QB
74.0,"Beaver Falls , PA",5/31/1943,Alabama,,13 Seasons,74.0,"Namath, Joe",joenamath/2521943,200.0,1965 - 1977,1972,New York Jets,13,324.0,162.0,50.0,24.9,,8.7,216.6,19.0,5.9,21.0,6.5,,0.0,0.0,11.0,101.0,72.5,QB
74.0,"Beaver Falls , PA",5/31/1943,Alabama,,13 Seasons,74.0,"Namath, Joe",joenamath/2521943,200.0,1965 - 1977,1971,New York Jets,4,59.0,28.0,47.5,14.8,537.0,9.1,134.2,5.0,8.5,6.0,10.2,,0.0,0.0,0.0,0.0,68.2,QB
74.0,"Beaver Falls , PA",5/31/1943,Alabama,,13 Seasons,74.0,"Namath, Joe",joenamath/2521943,200.0,1965 - 1977,1970,New York Jets,5,179.0,90.0,50.3,35.8,,7.0,251.8,5.0,2.8,12.0,6.7,,0.0,0.0,6.0,63.0,54.7,QB
74.0,"Beaver Falls , PA",5/31/1943,Alabama,,13 Seasons,74.0,"Namath, Joe",joenamath/2521943,200.0,1965 - 1977,1969,New York Jets,14,361.0,185.0,51.2,25.8,,7.6,195.3,19.0,5.3,17.0,4.7,,0.0,0.0,13.0,117.0,74.3,QB
74.0,"Beaver Falls , PA",5/31/1943,Alabama,,13 Seasons,74.0,"Namath, Joe",joenamath/2521943,200.0,1965 - 1977,1968,New York Jets,14,380.0,187.0,49.2,27.1,,8.3,224.8,15.0,3.9,17.0,4.5,,0.0,0.0,15.0,112.0,72.1,QB
74.0,"Beaver Falls , PA",5/31/1943,Alabama,,13 Seasons,74.0,"Namath, Joe",joenamath/2521943,200.0,1965 - 1977,1967,New York Jets,14,491.0,258.0,52.5,35.1,,8.2,286.2,26.0,5.3,28.0,5.7,,0.0,0.0,26.0,261.0,73.8,QB
74.0,"Beaver Falls , PA",5/31/1943,Alabama,,13 Seasons,74.0,"Namath, Joe",joenamath/2521943,200.0,1965 - 1977,1966,New York Jets,14,471.0,232.0,49.3,33.6,,7.2,241.4,19.0,4.0,27.0,5.7,,0.0,0.0,0.0,0.0,62.6,QB
74.0,"Beaver Falls , PA",5/31/1943,Alabama,,13 Seasons,74.0,"Namath, Joe",joenamath/2521943,200.0,1965 - 1977,1965,New York Jets,13,340.0,164.0,48.2,26.2,,6.5,170.8,18.0,5.3,15.0,4.4,,0.0,0.0,0.0,0.0,68.8,QB
29.0,"Batesville , AR",6/5/1988,Arkansas,Baltimore Ravens,7th season,78.0,"Mallett, Ryan",ryanmallett/2495443,250.0,,2015,Baltimore Ravens,2,97.0,58.0,59.8,48.5,566.0,5.8,283.0,2.0,2.1,2.0,2.1,39.0,4.0,0.0,2.0,19.0,74.5,QB
29.0,"Batesville , AR",6/5/1988,Arkansas,Baltimore Ravens,7th season,78.0,"Mallett, Ryan",ryanmallett/2495443,250.0,,2015,Houston Texans,6,147.0,78.0,53.1,24.5,770.0,5.2,128.3,3.0,2.0,4.0,2.7,48.0,5.0,1.0,4.0,13.0,63.6,QB
29.0,"Batesville , AR",6/5/1988,Arkansas,Baltimore Ravens,7th season,78.0,"Mallett, Ryan",ryanmallett/2495443,250.0,,2014,Houston Texans,3,75.0,41.0,54.7,25.0,400.0,5.3,133.3,2.0,2.7,2.0,2.7,41.0,3.0,1.0,1.0,5.0,67.6,QB
,"Elkins , WV",10/25/1917,Pittsburgh,,8 Seasons,71.0,"Goldberg, Marshall",marshallgoldberg/2515002,190.0,1939 - 1948,1941,Chicago Cardinals,11,19.0,7.0,36.8,1.7,111.0,5.8,10.1,1.0,5.3,2.0,10.5,,0.0,0.0,0.0,0.0,35.1,QB
40.0,"Caldwell , ID",5/16/1977,Oregon,,11 Seasons,75.0,"Feeley, A.J.",a.j.feeley/2504566,216.0,2001 - 2011,2011,St. Louis Rams,5,97.0,53.0,54.6,19.4,548.0,5.6,109.6,1.0,1.0,2.0,2.1,34.0,5.0,0.0,10.0,72.0,66.0,QB
40.0,"Caldwell , ID",5/16/1977,Oregon,,11 Seasons,75.0,"Feeley, A.J.",a.j.feeley/2504566,216.0,2001 - 2011,2007,Philadelphia Eagles,3,103.0,59.0,57.3,34.3,681.0,6.6,227.0,5.0,4.9,8.0,7.8,47.0,8.0,1.0,3.0,10.0,61.2,QB
40.0,"Caldwell , ID",5/16/1977,Oregon,,11 Seasons,75.0,"Feeley, A.J.",a.j.feeley/2504566,216.0,2001 - 2011,2006,Philadelphia Eagles,2,38.0,26.0,68.4,19.0,342.0,9.0,171.0,3.0,7.9,0.0,0.0,,3.0,1.0,1.0,10.0,122.9,QB
40.0,"Caldwell , ID",5/16/1977,Oregon,,11 Seasons,75.0,"Feeley, A.J.",a.j.feeley/2504566,216.0,2001 - 2011,2004,Miami Dolphins,11,356.0,191.0,53.7,32.4,,5.3,172.1,11.0,3.1,15.0,4.2,38.0,15.0,0.0,23.0,136.0,61.7,QB
40.0,"Caldwell , ID",5/16/1977,Oregon,,11 Seasons,75.0,"Feeley, A.J.",a.j.feeley/2504566,216.0,2001 - 2011,2002,Philadelphia Eagles,6,154.0,86.0,55.8,25.7,,6.6,168.5,6.0,3.9,5.0,3.2,53.0,15.0,3.0,7.0,48.0,75.4,QB
39.0,"Decatur , GA",10/13/1977,Georgia,,4 Seasons,74.0,"Carter, Quincy",quincycarter/2504658,217.0,2001 - 2004,2004,New York Jets,7,58.0,35.0,60.3,8.3,498.0,8.6,71.1,3.0,5.2,1.0,1.7,,4.0,3.0,12.0,70.0,98.2,QB
39.0,"Decatur , GA",10/13/1977,Georgia,,4 Seasons,74.0,"Carter, Quincy",quincycarter/2504658,217.0,2001 - 2004,2003,Dallas Cowboys,16,505.0,292.0,57.8,31.6,,6.5,206.4,17.0,3.4,21.0,4.2,64.0,48.0,7.0,37.0,185.0,71.4,QB
39.0,"Decatur , GA",10/13/1977,Georgia,,4 Seasons,74.0,"Carter, Quincy",quincycarter/2504658,217.0,2001 - 2004,2002,Dallas Cowboys,7,221.0,125.0,56.6,31.6,,6.6,209.3,7.0,3.2,8.0,3.6,,14.0,3.0,19.0,130.0,72.3,QB
39.0,"Decatur , GA",10/13/1977,Georgia,,4 Seasons,74.0,"Carter, Quincy",quincycarter/2504658,217.0,2001 - 2004,2001,Dallas Cowboys,8,176.0,90.0,51.1,22.0,,6.1,134.0,5.0,2.8,7.0,4.0,,14.0,6.0,12.0,56.0,63.0,QB
72.0,"Frederick , MD",7/16/1944,Gettysburg,,3 Seasons,74.0,"Ward, Jim",jimward/2528222,196.0,1967 - 1971,1967,Baltimore Colts,6,16.0,9.0,56.3,2.7,115.0,7.2,19.2,2.0,12.5,1.0,6.3,,0.0,0.0,0.0,0.0,92.4,QB
69.0,"Elizabeth City , NC",10/4/1947,Elizabeth City State,,4 Seasons,74.0,"Walton, John",johnwalton/2528196,210.0,1976 - 1979,1979,Philadelphia Eagles,8,36.0,19.0,52.8,4.5,213.0,5.9,26.6,3.0,8.3,1.0,2.8,31.0,0.0,0.0,0.0,0.0,86.9,QB
69.0,"Elizabeth City , NC",10/4/1947,Elizabeth City State,,4 Seasons,74.0,"Walton, John",johnwalton/2528196,210.0,1976 - 1979,1976,Philadelphia Eagles,3,28.0,12.0,42.9,9.3,125.0,4.5,41.7,0.0,0.0,2.0,7.1,33.0,0.0,0.0,1.0,6.0,26.6,QB
99.0,"Oakland , CA",8/28/1917,UCLA,,5 Seasons,69.0,"Fenenbock, Chuck",chuckfenenbock/2513935,174.0,1943 - 1948,1945,Detroit Lions,10,110.0,45.0,40.9,11.0,754.0,6.9,75.4,7.0,6.4,11.0,10.0,,0.0,0.0,0.0,0.0,46.4,QB
99.0,"Oakland , CA",8/28/1917,UCLA,,5 Seasons,69.0,"Fenenbock, Chuck",chuckfenenbock/2513935,174.0,1943 - 1948,1943,Detroit Lions,10,58.0,20.0,34.5,5.8,338.0,5.8,33.8,3.0,5.2,9.0,15.5,,0.0,0.0,0.0,0.0,32.8,QB
44.0,"Pensacola , FL",9/6/1972,Georgia,,6 Seasons,73.0,"Zeier, Eric",ericzeier/2503851,214.0,1995 - 2000,1999,Tampa Bay Buccaneers,2,55.0,32.0,58.2,27.5,270.0,4.9,135.0,0.0,0.0,1.0,1.8,38.0,1.0,0.0,5.0,36.0,63.4,QB
44.0,"Pensacola , FL",9/6/1972,Georgia,,6 Seasons,73.0,"Zeier, Eric",ericzeier/2503851,214.0,1995 - 2000,1998,Baltimore Ravens,10,181.0,107.0,59.1,18.1,,7.2,131.2,4.0,2.2,3.0,1.7,,16.0,5.0,18.0,138.0,82.0,QB
44.0,"Pensacola , FL",9/6/1972,Georgia,,6 Seasons,73.0,"Zeier, Eric",ericzeier/2503851,214.0,1995 - 2000,1997,Baltimore Ravens,5,116.0,67.0,57.8,23.2,958.0,8.3,191.6,7.0,6.0,1.0,0.9,92.0,12.0,2.0,17.0,98.0,101.1,QB
44.0,"Pensacola , FL",9/6/1972,Georgia,,6 Seasons,73.0,"Zeier, Eric",ericzeier/2503851,214.0,1995 - 2000,1996,Baltimore Ravens,1,21.0,10.0,47.6,21.0,97.0,4.6,97.0,1.0,4.8,1.0,4.8,15.0,0.0,0.0,4.0,26.0,57.0,QB
44.0,"Pensacola , FL",9/6/1972,Georgia,,6 Seasons,73.0,"Zeier, Eric",ericzeier/2503851,214.0,1995 - 2000,1995,Cleveland Browns,7,161.0,82.0,50.9,23.0,864.0,5.4,123.4,4.0,2.5,9.0,5.6,59.0,8.0,4.0,15.0,91.0,51.9,QB
27.0,"Chesterfield , MO",10/15/1989,Missouri,Arizona Cardinals,7th season,76.0,"Gabbert, Blaine",blainegabbert/2495441,235.0,,2016,San Francisco 49ers,6,160.0,91.0,56.9,26.7,925.0,5.8,154.2,5.0,3.1,6.0,3.8,,10.0,1.0,11.0,48.0,68.4,QB
27.0,"Chesterfield , MO",10/15/1989,Missouri,Arizona Cardinals,7th season,76.0,"Gabbert, Blaine",blainegabbert/2495441,235.0,,2015,San Francisco 49ers,8,282.0,178.0,63.1,35.2,,7.2,253.9,10.0,3.5,7.0,2.5,,27.0,5.0,25.0,164.0,86.2,QB
27.0,"Chesterfield , MO",10/15/1989,Missouri,Arizona Cardinals,7th season,76.0,"Gabbert, Blaine",blainegabbert/2495441,235.0,,2013,Jacksonville Jaguars,3,86.0,42.0,48.8,28.7,481.0,5.6,160.3,1.0,1.2,7.0,8.1,,6.0,1.0,12.0,67.0,36.0,QB
27.0,"Chesterfield , MO",10/15/1989,Missouri,Arizona Cardinals,7th season,76.0,"Gabbert, Blaine",blainegabbert/2495441,235.0,,2012,Jacksonville Jaguars,10,278.0,162.0,58.3,27.8,,6.0,166.2,9.0,3.2,6.0,2.2,,18.0,3.0,22.0,158.0,77.4,QB
27.0,"Chesterfield , MO",10/15/1989,Missouri,Arizona Cardinals,7th season,76.0,"Gabbert, Blaine",blainegabbert/2495441,235.0,,2011,Jacksonville Jaguars,15,413.0,210.0,50.8,27.5,,5.4,147.6,12.0,2.9,11.0,2.7,,25.0,4.0,40.0,293.0,65.4,QB
31.0,"Oakland , CA",5/15/1986,San Diego,New York Giants,7th season,75.0,"Johnson, Josh",joshjohnson/264,215.0,,2011,Tampa Bay Buccaneers,9,36.0,19.0,52.8,4.0,246.0,6.8,27.3,1.0,2.8,2.0,5.6,42.0,4.0,1.0,3.0,24.0,60.6,QB
31.0,"Oakland , CA",5/15/1986,San Diego,New York Giants,7th season,75.0,"Johnson, Josh",joshjohnson/264,215.0,,2010,Tampa Bay Buccaneers,11,16.0,14.0,87.5,1.5,111.0,6.9,10.1,0.0,0.0,0.0,0.0,22.0,1.0,0.0,2.0,8.0,95.6,QB
31.0,"Oakland , CA",5/15/1986,San Diego,New York Giants,7th season,75.0,"Johnson, Josh",joshjohnson/264,215.0,,2009,Tampa Bay Buccaneers,6,125.0,63.0,50.4,20.8,685.0,5.5,114.2,4.0,3.2,8.0,6.4,35.0,8.0,0.0,11.0,59.0,50.9,QB
26.0,"Lakemont , GA",10/10/1990,West Virginia,New York Giants,5th season,75.0,"Smith, Geno",genosmith/2539335,221.0,,2015,New York Jets,1,42.0,27.0,64.3,42.0,265.0,6.3,265.0,2.0,4.8,1.0,2.4,28.0,3.0,0.0,3.0,19.0,87.9,QB
26.0,"Lakemont , GA",10/10/1990,West Virginia,New York Giants,5th season,75.0,"Smith, Geno",genosmith/2539335,221.0,,2014,New York Jets,14,367.0,219.0,59.7,26.2,,6.9,180.4,13.0,3.5,13.0,3.5,,33.0,7.0,28.0,175.0,77.5,QB
26.0,"Lakemont , GA",10/10/1990,West Virginia,New York Giants,5th season,75.0,"Smith, Geno",genosmith/2539335,221.0,,2013,New York Jets,16,443.0,247.0,55.8,27.7,,6.9,190.4,12.0,2.7,21.0,4.7,,43.0,6.0,43.0,315.0,66.5,QB
28.0,"Artesia , NM",4/4/1989,Oklahoma,Pittsburgh Steelers,5th season,76.0,"Jones, Landry",landryjones/2539287,225.0,,2016,Pittsburgh Steelers,8,86.0,53.0,61.6,10.8,558.0,6.5,69.8,4.0,4.7,2.0,2.3,51.0,5.0,2.0,4.0,34.0,86.3,QB
28.0,"Artesia , NM",4/4/1989,Oklahoma,Pittsburgh Steelers,5th season,76.0,"Jones, Landry",landryjones/2539287,225.0,,2015,Pittsburgh Steelers,7,55.0,32.0,58.2,7.9,513.0,9.3,73.3,3.0,5.5,4.0,7.3,,9.0,3.0,2.0,17.0,77.3,QB
22.0,"San Rafael , CA",10/14/1994,California,Los Angeles Rams,2nd season,76.0,"Goff, Jared",jaredgoff/2555334,215.0,,2016,Los Angeles Rams,7,205.0,112.0,54.6,29.3,,5.3,155.6,5.0,2.4,7.0,3.4,66.0,12.0,1.0,26.0,222.0,63.6,QB
64.0,"Brighton , AL",3/14/1953,Mississippi Valley State,,1 Season,74.0,"Dickinson, Parnell",parnelldickinson/2512906,185.0,1976 - 1976,1976,Tampa Bay Buccaneers,8,39.0,15.0,38.5,4.9,210.0,5.4,26.2,1.0,2.6,5.0,12.8,49.0,0.0,0.0,14.0,124.0,25.5,QB
,"Shenandoah , IA",8/10/1911,Nebraska,,7 Seasons,75.0,"Masterson, Bernie",berniemasterson/2520308,195.0,1934 - 1940,1940,Chicago Bears,7,23.0,9.0,39.1,3.3,212.0,9.2,30.3,2.0,8.7,3.0,13.0,,0.0,0.0,0.0,0.0,62.5,QB
,"Shenandoah , IA",8/10/1911,Nebraska,,7 Seasons,75.0,"Masterson, Bernie",berniemasterson/2520308,195.0,1934 - 1940,1939,Chicago Bears,11,113.0,44.0,38.9,10.3,914.0,8.1,83.1,8.0,7.1,9.0,8.0,,0.0,0.0,0.0,0.0,58.6,QB
,"Shenandoah , IA",8/10/1911,Nebraska,,7 Seasons,75.0,"Masterson, Bernie",berniemasterson/2520308,195.0,1934 - 1940,1938,Chicago Bears,11,112.0,46.0,41.1,10.2,848.0,7.6,77.1,5.0,4.5,9.0,8.0,,0.0,0.0,0.0,0.0,49.3,QB
,"Shenandoah , IA",8/10/1911,Nebraska,,7 Seasons,75.0,"Masterson, Bernie",berniemasterson/2520308,195.0,1934 - 1940,1937,Chicago Bears,10,72.0,26.0,36.1,7.2,615.0,8.5,61.5,9.0,12.5,7.0,9.7,,0.0,0.0,0.0,0.0,67.8,QB
,"Shenandoah , IA",8/10/1911,Nebraska,,7 Seasons,75.0,"Masterson, Bernie",berniemasterson/2520308,195.0,1934 - 1940,1936,Chicago Bears,12,42.0,10.0,23.8,3.5,292.0,7.0,24.3,3.0,7.1,6.0,14.3,,0.0,0.0,0.0,0.0,40.3,QB
,"Shenandoah , IA",8/10/1911,Nebraska,,7 Seasons,75.0,"Masterson, Bernie",berniemasterson/2520308,195.0,1934 - 1940,1935,Chicago Bears,12,44.0,18.0,40.9,3.7,446.0,10.1,37.2,6.0,13.6,4.0,9.1,,0.0,0.0,0.0,0.0,80.1,QB
35.0,"Northridge , CA",5/17/1982,USC,Tennessee Titans,13th season,76.0,"Cassel, Matt",mattcassel/2506562,228.0,,2016,Tennessee Titans,4,51.0,30.0,58.8,12.8,284.0,5.6,71.0,2.0,3.9,2.0,3.9,50.0,3.0,1.0,5.0,23.0,71.0,QB
35.0,"Northridge , CA",5/17/1982,USC,Tennessee Titans,13th season,76.0,"Cassel, Matt",mattcassel/2506562,228.0,,2015,Dallas Cowboys,8,204.0,119.0,58.3,25.5,,6.3,159.5,5.0,2.5,7.0,3.4,51.0,13.0,2.0,14.0,86.0,70.6,QB
35.0,"Northridge , CA",5/17/1982,USC,Tennessee Titans,13th season,76.0,"Cassel, Matt",mattcassel/2506562,228.0,,2014,Minnesota Vikings,3,71.0,41.0,57.7,23.7,425.0,6.0,141.7,3.0,4.2,4.0,5.6,28.0,5.0,0.0,6.0,39.0,65.8,QB
35.0,"Northridge , CA",5/17/1982,USC,Tennessee Titans,13th season,76.0,"Cassel, Matt",mattcassel/2506562,228.0,,2013,Minnesota Vikings,9,254.0,153.0,60.2,28.2,,7.1,200.8,11.0,4.3,9.0,3.5,,26.0,5.0,16.0,85.0,81.6,QB
35.0,"Northridge , CA",5/17/1982,USC,Tennessee Titans,13th season,76.0,"Cassel, Matt",mattcassel/2506562,228.0,,2012,Kansas City Chiefs,9,277.0,161.0,58.1,30.8,,6.5,199.6,6.0,2.2,12.0,4.3,46.0,24.0,1.0,19.0,101.0,66.7,QB
35.0,"Northridge , CA",5/17/1982,USC,Tennessee Titans,13th season,76.0,"Cassel, Matt",mattcassel/2506562,228.0,,2011,Kansas City Chiefs,9,269.0,160.0,59.5,29.9,,6.4,190.3,10.0,3.7,9.0,3.3,,21.0,5.0,22.0,120.0,76.6,QB
35.0,"Northridge , CA",5/17/1982,USC,Tennessee Titans,13th season,76.0,"Cassel, Matt",mattcassel/2506562,228.0,,2010,Kansas City Chiefs,15,450.0,262.0,58.2,30.0,,6.9,207.7,27.0,6.0,7.0,1.6,,40.0,4.0,26.0,182.0,93.0,QB
35.0,"Northridge , CA",5/17/1982,USC,Tennessee Titans,13th season,76.0,"Cassel, Matt",mattcassel/2506562,228.0,,2009,Kansas City Chiefs,15,493.0,271.0,55.0,32.9,,5.9,194.9,16.0,3.2,16.0,3.2,61.0,37.0,8.0,42.0,243.0,69.9,QB
35.0,"Northridge , CA",5/17/1982,USC,Tennessee Titans,13th season,76.0,"Cassel, Matt",mattcassel/2506562,228.0,,2008,New England Patriots,16,516.0,327.0,63.4,32.2,,7.2,230.8,21.0,4.1,11.0,2.1,,37.0,6.0,47.0,219.0,89.4,QB
35.0,"Northridge , CA",5/17/1982,USC,Tennessee Titans,13th season,76.0,"Cassel, Matt",mattcassel/2506562,228.0,,2005,New England Patriots,2,24.0,13.0,54.2,12.0,183.0,7.6,91.5,2.0,8.3,1.0,4.2,36.0,3.0,0.0,1.0,1.0,89.4,QB
37.0,"Bakersfield , CA",7/21/1979,Fresno State,,12 Seasons,75.0,"Carr, David",davidcarr/2504804,212.0,2002 - 2013,2009,New York Giants,6,33.0,21.0,63.6,5.5,225.0,6.8,37.5,1.0,3.0,0.0,0.0,,2.0,0.0,2.0,11.0,93.6,QB
37.0,"Bakersfield , CA",7/21/1979,Fresno State,,12 Seasons,75.0,"Carr, David",davidcarr/2504804,212.0,2002 - 2013,2007,Carolina Panthers,6,136.0,73.0,53.7,22.7,635.0,4.7,105.8,3.0,2.2,5.0,3.7,38.0,4.0,0.0,13.0,74.0,58.3,QB
37.0,"Bakersfield , CA",7/21/1979,Fresno State,,12 Seasons,75.0,"Carr, David",davidcarr/2504804,212.0,2002 - 2013,2006,Houston Texans,16,442.0,302.0,68.3,27.6,,6.3,172.9,11.0,2.5,12.0,2.7,53.0,25.0,3.0,41.0,240.0,82.1,QB
37.0,"Bakersfield , CA",7/21/1979,Fresno State,,12 Seasons,75.0,"Carr, David",davidcarr/2504804,212.0,2002 - 2013,2005,Houston Texans,16,423.0,256.0,60.5,26.4,,5.9,155.5,14.0,3.3,11.0,2.6,,18.0,2.0,68.0,424.0,77.2,QB
37.0,"Bakersfield , CA",7/21/1979,Fresno State,,12 Seasons,75.0,"Carr, David",davidcarr/2504804,212.0,2002 - 2013,2004,Houston Texans,16,466.0,285.0,61.2,29.1,,7.6,220.7,16.0,3.4,14.0,3.0,69.0,47.0,6.0,49.0,301.0,83.5,QB
37.0,"Bakersfield , CA",7/21/1979,Fresno State,,12 Seasons,75.0,"Carr, David",davidcarr/2504804,212.0,2002 - 2013,2003,Houston Texans,12,295.0,167.0,56.6,24.6,,6.8,167.8,9.0,3.1,13.0,4.4,,22.0,5.0,15.0,90.0,69.5,QB
37.0,"Bakersfield , CA",7/21/1979,Fresno State,,12 Seasons,75.0,"Carr, David",davidcarr/2504804,212.0,2002 - 2013,2002,Houston Texans,16,444.0,233.0,52.5,27.8,,5.8,162.0,9.0,2.0,15.0,3.4,81.0,31.0,5.0,76.0,411.0,62.8,QB
,"Woodland , WV",10/17/1905,Washington & Jefferson,,3 Seasons,73.0,"Kirkman, Red",redkirkman/2518561,195.0,1933 - 1935,1934,Philadelphia Eagles,10,23.0,7.0,30.4,2.3,38.0,1.7,3.8,1.0,4.3,2.0,8.7,,0.0,0.0,0.0,0.0,18.2,QB
,"Woodland , WV",10/17/1905,Washington & Jefferson,,3 Seasons,73.0,"Kirkman, Red",redkirkman/2518561,195.0,1933 - 1935,1933,Philadelphia Eagles,9,73.0,22.0,30.1,8.1,354.0,4.8,39.3,2.0,2.7,13.0,17.8,,0.0,0.0,0.0,0.0,17.0,QB
,"St. Louis , MO",8/31/1927,Tulsa,,7 Seasons,71.0,"Finks, Jim",jimfinks/2514031,180.0,1949 - 1955,1955,Pittsburgh Steelers,12,344.0,165.0,48.0,28.7,,6.6,189.2,10.0,2.9,26.0,7.6,,0.0,0.0,0.0,143.0,47.7,QB
,"St. Louis , MO",8/31/1927,Tulsa,,7 Seasons,71.0,"Finks, Jim",jimfinks/2514031,180.0,1949 - 1955,1954,Pittsburgh Steelers,12,306.0,164.0,53.6,25.5,,6.5,166.9,14.0,4.6,19.0,6.2,,0.0,0.0,0.0,49.0,63.4,QB
,"St. Louis , MO",8/31/1927,Tulsa,,7 Seasons,71.0,"Finks, Jim",jimfinks/2514031,180.0,1949 - 1955,1953,Pittsburgh Steelers,11,292.0,131.0,44.9,26.5,,5.1,134.9,8.0,2.7,14.0,4.8,,0.0,0.0,0.0,100.0,49.8,QB
,"St. Louis , MO",8/31/1927,Tulsa,,7 Seasons,71.0,"Finks, Jim",jimfinks/2514031,180.0,1949 - 1955,1952,Pittsburgh Steelers,12,336.0,158.0,47.0,28.0,,6.9,192.2,20.0,6.0,19.0,5.7,,0.0,0.0,0.0,252.0,66.2,QB
,"St. Louis , MO",8/31/1927,Tulsa,,7 Seasons,71.0,"Finks, Jim",jimfinks/2514031,180.0,1949 - 1955,1951,Pittsburgh Steelers,12,24.0,14.0,58.3,2.0,201.0,8.4,16.8,1.0,4.2,1.0,4.2,,0.0,0.0,0.0,9.0,82.1,QB
,"St. Louis , MO",8/31/1927,Tulsa,,7 Seasons,71.0,"Finks, Jim",jimfinks/2514031,180.0,1949 - 1955,1949,Pittsburgh Steelers,11,71.0,24.0,33.8,6.5,322.0,4.5,29.3,2.0,2.8,8.0,11.3,,0.0,0.0,0.0,19.0,19.0,QB
,"Greenville , OH",9/16/1917,St. Lawrence,,3 Seasons,73.0,"Leckonby, Bill",billleckonby/2519244,185.0,1939 - 1941,1941,Brooklyn Dodgers,11,64.0,25.0,39.1,5.8,299.0,4.7,27.2,1.0,1.6,5.0,7.8,,0.0,0.0,0.0,0.0,26.8,QB
56.0,"Gretna , LA",10/11/1960,Mississippi,,4 Seasons,73.0,"Fourcade, John",johnfourcade/2514290,208.0,1987 - 1990,1990,New Orleans Saints,7,116.0,50.0,43.1,16.6,785.0,6.8,112.1,3.0,2.6,8.0,6.9,,0.0,0.0,8.0,44.0,46.1,QB
56.0,"Gretna , LA",10/11/1960,Mississippi,,4 Seasons,73.0,"Fourcade, John",johnfourcade/2514290,208.0,1987 - 1990,1989,New Orleans Saints,13,107.0,61.0,57.0,8.2,930.0,8.7,71.5,7.0,6.5,4.0,3.7,,0.0,0.0,13.0,96.0,92.0,QB
56.0,"Gretna , LA",10/11/1960,Mississippi,,4 Seasons,73.0,"Fourcade, John",johnfourcade/2514290,208.0,1987 - 1990,1987,New Orleans Saints,3,89.0,48.0,53.9,29.7,597.0,6.7,199.0,4.0,4.5,3.0,3.4,,0.0,0.0,6.0,67.0,75.9,QB
31.0,"New Orleans , LA",6/24/1985,Purdue,,6 Seasons,76.0,"Painter, Curtis",curtispainter/81300,230.0,2009 - 2014,2013,New York Giants,3,16.0,8.0,50.0,5.3,57.0,3.6,19.0,0.0,0.0,2.0,12.5,9.0,0.0,0.0,1.0,6.0,19.0,QB
31.0,"New Orleans , LA",6/24/1985,Purdue,,6 Seasons,76.0,"Painter, Curtis",curtispainter/81300,230.0,2009 - 2014,2011,Indianapolis Colts,9,243.0,132.0,54.3,27.0,,6.3,171.2,6.0,2.5,9.0,3.7,,19.0,5.0,16.0,104.0,66.6,QB
31.0,"New Orleans , LA",6/24/1985,Purdue,,6 Seasons,76.0,"Painter, Curtis",curtispainter/81300,230.0,2009 - 2014,2009,Indianapolis Colts,2,28.0,8.0,28.6,14.0,83.0,3.0,41.5,0.0,0.0,2.0,7.1,22.0,2.0,0.0,3.0,16.0,9.8,QB
67.0,"New Brunswick , NJ",9/9/1949,Notre Dame,,12 Seasons,72.0,"Theismann, Joe",joetheismann/2527196,192.0,1974 - 1985,1985,Washington Redskins,11,301.0,167.0,55.5,27.4,,5.9,161.3,8.0,2.7,16.0,5.3,55.0,0.0,0.0,37.0,314.0,59.6,QB
67.0,"New Brunswick , NJ",9/9/1949,Notre Dame,,12 Seasons,72.0,"Theismann, Joe",joetheismann/2527196,192.0,1974 - 1985,1984,Washington Redskins,16,477.0,283.0,59.3,29.8,,7.1,211.9,24.0,5.0,13.0,2.7,,0.0,0.0,48.0,341.0,86.6,QB
67.0,"New Brunswick , NJ",9/9/1949,Notre Dame,,12 Seasons,72.0,"Theismann, Joe",joetheismann/2527196,192.0,1974 - 1985,1983,Washington Redskins,16,459.0,276.0,60.1,28.7,,8.1,232.1,29.0,6.3,11.0,2.4,84.0,0.0,0.0,34.0,242.0,97.0,QB
67.0,"New Brunswick , NJ",9/9/1949,Notre Dame,,12 Seasons,72.0,"Theismann, Joe",joetheismann/2527196,192.0,1974 - 1985,1982,Washington Redskins,9,252.0,161.0,63.9,28.0,,8.1,225.9,13.0,5.2,9.0,3.6,,0.0,0.0,30.0,223.0,91.3,QB
67.0,"New Brunswick , NJ",9/9/1949,Notre Dame,,12 Seasons,72.0,"Theismann, Joe",joetheismann/2527196,192.0,1974 - 1985,1981,Washington Redskins,16,496.0,293.0,59.1,31.0,,7.2,223.0,19.0,3.8,20.0,4.0,,0.0,0.0,28.0,259.0,77.3,QB
67.0,"New Brunswick , NJ",9/9/1949,Notre Dame,,12 Seasons,72.0,"Theismann, Joe",joetheismann/2527196,192.0,1974 - 1985,1980,Washington Redskins,16,454.0,262.0,57.7,28.4,,6.5,185.1,17.0,3.7,16.0,3.5,,0.0,0.0,31.0,282.0,75.2,QB
67.0,"New Brunswick , NJ",9/9/1949,Notre Dame,,12 Seasons,72.0,"Theismann, Joe",joetheismann/2527196,192.0,1974 - 1985,1979,Washington Redskins,16,395.0,233.0,59.0,24.7,,7.1,174.8,20.0,5.1,13.0,3.3,62.0,0.0,0.0,34.0,263.0,83.9,QB
67.0,"New Brunswick , NJ",9/9/1949,Notre Dame,,12 Seasons,72.0,"Theismann, Joe",joetheismann/2527196,192.0,1974 - 1985,1978,Washington Redskins,16,390.0,187.0,47.9,24.4,,6.6,162.1,13.0,3.3,18.0,4.6,63.0,0.0,0.0,42.0,391.0,61.6,QB
67.0,"New Brunswick , NJ",9/9/1949,Notre Dame,,12 Seasons,72.0,"Theismann, Joe",joetheismann/2527196,192.0,1974 - 1985,1977,Washington Redskins,14,182.0,84.0,46.2,13.0,,6.0,78.4,7.0,3.8,9.0,4.9,52.0,0.0,0.0,30.0,241.0,57.9,QB
67.0,"New Brunswick , NJ",9/9/1949,Notre Dame,,12 Seasons,72.0,"Theismann, Joe",joetheismann/2527196,192.0,1974 - 1985,1976,Washington Redskins,14,163.0,79.0,48.5,11.6,,6.4,74.0,8.0,4.9,10.0,6.1,44.0,0.0,0.0,22.0,172.0,59.8,QB
67.0,"New Brunswick , NJ",9/9/1949,Notre Dame,,12 Seasons,72.0,"Theismann, Joe",joetheismann/2527196,192.0,1974 - 1985,1975,Washington Redskins,14,22.0,10.0,45.5,1.6,96.0,4.4,6.9,1.0,4.5,3.0,13.6,,0.0,0.0,2.0,18.0,33.7,QB
26.0,"Mobile , AL",9/13/1990,Alabama,Cincinnati Bengals,3rd season,75.0,"McCarron, AJ",ajmccarron/2543497,220.0,,2015,Cincinnati Bengals,7,119.0,79.0,66.4,17.0,854.0,7.2,122.0,6.0,5.0,2.0,1.7,,11.0,2.0,12.0,63.0,97.1,QB
37.0,"Burbank , CA",8/25/1979,California-Davis,,9 Seasons,74.0,"O'Sullivan, J.T.",j.t.o'sullivan/2505163,232.0,2002 - 2010,2008,San Francisco 49ers,9,220.0,128.0,58.2,24.4,,7.6,186.4,8.0,3.6,11.0,5.0,63.0,28.0,3.0,32.0,197.0,73.6,QB
37.0,"Burbank , CA",8/25/1979,California-Davis,,9 Seasons,74.0,"O'Sullivan, J.T.",j.t.o'sullivan/2505163,232.0,2002 - 2010,2007,Detroit Lions,4,26.0,13.0,50.0,6.5,148.0,5.7,37.0,1.0,3.8,2.0,7.7,42.0,2.0,1.0,3.0,18.0,48.2,QB
31.0,"Wyomissing , PA",7/2/1985,Michigan,Jacksonville Jaguars,10th season,75.0,"Henne, Chad",chadhenne/252,219.0,,2014,Jacksonville Jaguars,3,78.0,42.0,53.8,26.0,492.0,6.3,164.0,3.0,3.8,1.0,1.3,,5.0,3.0,16.0,105.0,80.7,QB
31.0,"Wyomissing , PA",7/2/1985,Michigan,Jacksonville Jaguars,10th season,75.0,"Henne, Chad",chadhenne/252,219.0,,2013,Jacksonville Jaguars,15,503.0,305.0,60.6,33.5,,6.4,216.1,13.0,2.6,14.0,2.8,,37.0,5.0,38.0,243.0,76.5,QB
31.0,"Wyomissing , PA",7/2/1985,Michigan,Jacksonville Jaguars,10th season,75.0,"Henne, Chad",chadhenne/252,219.0,,2012,Jacksonville Jaguars,10,308.0,166.0,53.9,30.8,,6.8,208.4,11.0,3.6,11.0,3.6,,30.0,5.0,28.0,169.0,72.2,QB
31.0,"Wyomissing , PA",7/2/1985,Michigan,Jacksonville Jaguars,10th season,75.0,"Henne, Chad",chadhenne/252,219.0,,2011,Miami Dolphins,4,112.0,64.0,57.1,28.0,868.0,7.8,217.0,4.0,3.6,4.0,3.6,41.0,16.0,1.0,11.0,67.0,79.0,QB
31.0,"Wyomissing , PA",7/2/1985,Michigan,Jacksonville Jaguars,10th season,75.0,"Henne, Chad",chadhenne/252,219.0,,2010,Miami Dolphins,15,490.0,301.0,61.4,32.7,,6.7,220.1,15.0,3.1,19.0,3.9,,37.0,4.0,30.0,178.0,75.4,QB
31.0,"Wyomissing , PA",7/2/1985,Michigan,Jacksonville Jaguars,10th season,75.0,"Henne, Chad",chadhenne/252,219.0,,2009,Miami Dolphins,14,451.0,274.0,60.8,32.2,,6.4,205.6,12.0,2.7,14.0,3.1,67.0,23.0,4.0,26.0,176.0,75.2,QB
,"Pittsburgh , PA",6/15/1915,Temple,,3 Seasons,72.0,"Davidson, Bill",billdavidson/2512504,182.0,1937 - 1939,1937,Pittsburgh Pirates,11,24.0,8.0,33.3,2.2,81.0,3.4,7.4,0.0,0.0,5.0,20.8,,0.0,0.0,0.0,0.0,4.3,QB
25.0,"Franklin Park , IL",11/2/1991,Eastern Illinois,New England Patriots,4th season,74.0,"Garoppolo, Jimmy",jimmygaroppolo/2543801,225.0,,2016,New England Patriots,6,63.0,43.0,68.3,10.5,502.0,8.0,83.7,4.0,6.3,0.0,0.0,,7.0,0.0,3.0,15.0,113.3,QB
25.0,"Franklin Park , IL",11/2/1991,Eastern Illinois,New England Patriots,4th season,74.0,"Garoppolo, Jimmy",jimmygaroppolo/2543801,225.0,,2014,New England Patriots,6,27.0,19.0,70.4,4.5,182.0,6.7,30.3,1.0,3.7,0.0,0.0,37.0,2.0,0.0,5.0,36.0,101.2,QB
60.0,"Torrance , CA",1/15/1957,Stanford,,10 Seasons,73.0,"Schonert, Turk",turkschonert/2525100,191.0,1980 - 1989,1986,Atlanta Falcons,8,154.0,95.0,61.7,19.2,,6.7,129.0,4.0,2.6,8.0,5.2,41.0,0.0,0.0,21.0,206.0,68.4,QB
60.0,"Torrance , CA",1/15/1957,Stanford,,10 Seasons,73.0,"Schonert, Turk",turkschonert/2525100,191.0,1980 - 1989,1985,Cincinnati Bengals,7,51.0,33.0,64.7,7.3,460.0,9.0,65.7,1.0,2.0,0.0,0.0,71.0,0.0,0.0,6.0,54.0,100.1,QB
60.0,"Torrance , CA",1/15/1957,Stanford,,10 Seasons,73.0,"Schonert, Turk",turkschonert/2525100,191.0,1980 - 1989,1984,Cincinnati Bengals,8,117.0,78.0,66.7,14.6,945.0,8.1,118.1,4.0,3.4,7.0,6.0,,0.0,0.0,16.0,115.0,77.8,QB
60.0,"Torrance , CA",1/15/1957,Stanford,,10 Seasons,73.0,"Schonert, Turk",turkschonert/2525100,191.0,1980 - 1989,1983,Cincinnati Bengals,9,156.0,92.0,59.0,17.3,,7.4,128.8,2.0,1.3,5.0,3.2,54.0,0.0,0.0,15.0,122.0,73.1,QB
60.0,"Torrance , CA",1/15/1957,Stanford,,10 Seasons,73.0,"Schonert, Turk",turkschonert/2525100,191.0,1980 - 1989,1981,Cincinnati Bengals,4,19.0,10.0,52.6,4.8,166.0,8.7,41.5,0.0,0.0,0.0,0.0,36.0,0.0,0.0,3.0,4.0,82.3,QB
,"Boston Run , PA",3/9/1910,St. Bonaventure,,4 Seasons,74.0,"Gildea, Johnny",johnnygildea/2514872,205.0,1935 - 1938,1937,Pittsburgh Pirates,11,47.0,14.0,29.8,4.3,288.0,6.1,26.2,2.0,4.3,9.0,19.1,,0.0,0.0,0.0,0.0,27.2,QB
,"Boston Run , PA",3/9/1910,St. Bonaventure,,4 Seasons,74.0,"Gildea, Johnny",johnnygildea/2514872,205.0,1935 - 1938,1936,Pittsburgh Pirates,12,29.0,9.0,31.0,2.4,147.0,5.1,12.2,1.0,3.4,5.0,17.2,,0.0,0.0,0.0,0.0,21.0,QB
,"Boston Run , PA",3/9/1910,St. Bonaventure,,4 Seasons,74.0,"Gildea, Johnny",johnnygildea/2514872,205.0,1935 - 1938,1935,Pittsburgh Pirates,12,105.0,28.0,26.7,8.8,529.0,5.0,44.1,2.0,1.9,20.0,19.0,,0.0,0.0,0.0,0.0,14.8,QB
68.0,"Sonora , CA",5/26/1949,Santa Clara,,13 Seasons,74.0,"Pastorini, Dan",danpastorini/2522826,208.0,1971 - 1983,1981,Los Angeles Rams,7,152.0,64.0,42.1,21.7,719.0,4.7,102.7,2.0,1.3,14.0,9.2,46.0,0.0,0.0,14.0,149.0,22.9,QB
68.0,"Sonora , CA",5/26/1949,Santa Clara,,13 Seasons,74.0,"Pastorini, Dan",danpastorini/2522826,208.0,1971 - 1983,1980,Oakland Raiders,5,130.0,66.0,50.8,26.0,932.0,7.2,186.4,5.0,3.8,8.0,6.2,56.0,0.0,0.0,10.0,103.0,61.4,QB
68.0,"Sonora , CA",5/26/1949,Santa Clara,,13 Seasons,74.0,"Pastorini, Dan",danpastorini/2522826,208.0,1971 - 1983,1979,Houston Oilers,15,324.0,163.0,50.3,21.6,,6.5,139.3,14.0,4.3,18.0,5.6,,0.0,0.0,29.0,212.0,62.1,QB
68.0,"Sonora , CA",5/26/1949,Santa Clara,,13 Seasons,74.0,"Pastorini, Dan",danpastorini/2522826,208.0,1971 - 1983,1978,Houston Oilers,16,368.0,199.0,54.1,23.0,,6.7,154.6,16.0,4.3,17.0,4.6,,0.0,0.0,15.0,123.0,70.4,QB
68.0,"Sonora , CA",5/26/1949,Santa Clara,,13 Seasons,74.0,"Pastorini, Dan",danpastorini/2522826,208.0,1971 - 1983,1977,Houston Oilers,14,319.0,169.0,53.0,22.8,,6.2,141.9,13.0,4.1,18.0,5.6,,0.0,0.0,20.0,198.0,62.3,QB
68.0,"Sonora , CA",5/26/1949,Santa Clara,,13 Seasons,74.0,"Pastorini, Dan",danpastorini/2522826,208.0,1971 - 1983,1976,Houston Oilers,13,309.0,167.0,54.0,23.8,,5.8,138.1,10.0,3.2,10.0,3.2,,0.0,0.0,24.0,234.0,68.6,QB
68.0,"Sonora , CA",5/26/1949,Santa Clara,,13 Seasons,74.0,"Pastorini, Dan",danpastorini/2522826,208.0,1971 - 1983,1975,Houston Oilers,14,342.0,163.0,47.7,24.4,,6.0,146.6,14.0,4.1,16.0,4.7,,0.0,0.0,24.0,210.0,61.0,QB
68.0,"Sonora , CA",5/26/1949,Santa Clara,,13 Seasons,74.0,"Pastorini, Dan",danpastorini/2522826,208.0,1971 - 1983,1974,Houston Oilers,11,247.0,140.0,56.7,22.5,,6.4,142.8,10.0,4.0,10.0,4.0,,0.0,0.0,23.0,225.0,72.4,QB
68.0,"Sonora , CA",5/26/1949,Santa Clara,,13 Seasons,74.0,"Pastorini, Dan",danpastorini/2522826,208.0,1971 - 1983,1973,Houston Oilers,14,290.0,154.0,53.1,20.7,,5.1,105.9,5.0,1.7,17.0,5.9,,0.0,0.0,30.0,313.0,49.0,QB
68.0,"Sonora , CA",5/26/1949,Santa Clara,,13 Seasons,74.0,"Pastorini, Dan",danpastorini/2522826,208.0,1971 - 1983,1972,Houston Oilers,14,299.0,144.0,48.2,21.4,,5.7,122.2,7.0,2.3,12.0,4.0,,0.0,0.0,37.0,310.0,57.1,QB
68.0,"Sonora , CA",5/26/1949,Santa Clara,,13 Seasons,74.0,"Pastorini, Dan",danpastorini/2522826,208.0,1971 - 1983,1971,Houston Oilers,14,270.0,127.0,47.0,19.3,,6.3,121.6,7.0,2.6,21.0,7.8,,0.0,0.0,20.0,152.0,43.8,QB
38.0,"Evansville , IN",2/12/1979,LSU,,3 Seasons,74.0,"Mauck, Matt",mattmauck/2505966,220.0,2004 - 2006,2005,Tennessee Titans,2,27.0,15.0,55.6,13.5,136.0,5.0,68.0,0.0,0.0,1.0,3.7,17.0,0.0,0.0,1.0,8.0,53.9,QB
,"Alton , IL",12/21/1942,Missouri,,3 Seasons,73.0,"Lane, Gary",garylane/2519045,210.0,1966 - 1968,1967,Cleveland Browns,3,43.0,21.0,48.8,14.3,254.0,5.9,84.7,2.0,4.7,1.0,2.3,,0.0,0.0,4.0,30.0,73.2,QB
90.0,"Dayton , KY",1/27/1927,Purdue,,1 Season,74.0,"DeMoss, Bob",bobdemoss/2512779,175.0,1949 - 1949,1949,New York Bulldogs,3,18.0,6.0,33.3,6.0,60.0,3.3,20.0,0.0,0.0,2.0,11.1,,0.0,0.0,0.0,0.0,4.2,QB
64.0,"Rockville Centre , NY",7/29/1952,Boston College,,3 Seasons,73.0,"Marangi, Gary",garymarangi/2520112,201.0,1974 - 1976,1976,Buffalo Bills,11,232.0,82.0,35.3,21.1,998.0,4.3,90.7,7.0,3.0,16.0,6.9,39.0,0.0,0.0,22.0,166.0,30.8,QB
64.0,"Rockville Centre , NY",7/29/1952,Boston College,,3 Seasons,73.0,"Marangi, Gary",garymarangi/2520112,201.0,1974 - 1976,1975,Buffalo Bills,5,33.0,13.0,39.4,6.6,235.0,7.1,47.0,3.0,9.1,2.0,6.1,,0.0,0.0,2.0,15.0,69.6,QB
64.0,"Rockville Centre , NY",7/29/1952,Boston College,,3 Seasons,73.0,"Marangi, Gary",garymarangi/2520112,201.0,1974 - 1976,1974,Buffalo Bills,3,18.0,9.0,50.0,6.0,140.0,7.8,46.7,2.0,11.1,3.0,16.7,,0.0,0.0,1.0,1.0,73.6,QB
,"Pawnee , OK",6/4/1923,Tulsa,,3 Seasons,71.0,"LeForce, Clyde",clydeleforce/2519312,176.0,1947 - 1949,1949,Detroit Lions,11,112.0,53.0,47.3,10.2,665.0,5.9,60.5,3.0,2.7,9.0,8.0,,0.0,0.0,0.0,110.0,41.7,QB
,"Pawnee , OK",6/4/1923,Tulsa,,3 Seasons,71.0,"LeForce, Clyde",clydeleforce/2519312,176.0,1947 - 1949,1948,Detroit Lions,12,101.0,50.0,49.5,8.4,912.0,9.0,76.0,9.0,8.9,8.0,7.9,,0.0,0.0,0.0,108.0,77.7,QB
,"Pawnee , OK",6/4/1923,Tulsa,,3 Seasons,71.0,"LeForce, Clyde",clydeleforce/2519312,176.0,1947 - 1949,1947,Detroit Lions,9,175.0,94.0,53.7,19.4,,7.9,153.8,13.0,7.4,20.0,11.4,,0.0,0.0,0.0,175.0,65.0,QB
67.0,"Sioux Falls , SD",1/12/1950,Wisconsin,,5 Seasons,75.0,"Graff, Neil",neilgraff/2515140,205.0,1974 - 1978,1975,New England Patriots,11,35.0,18.0,51.4,3.2,221.0,6.3,20.1,2.0,5.7,3.0,8.6,,0.0,0.0,4.0,34.0,54.6,QB
27.0,"Conroe , TX",12/12/1989,North Carolina State,Chicago Bears,5th season,78.0,"Glennon, Mike",mikeglennon/2539275,225.0,,2014,Tampa Bay Buccaneers,6,203.0,117.0,57.6,33.8,,7.0,236.2,10.0,4.9,6.0,3.0,41.0,23.0,3.0,16.0,91.0,83.3,QB
27.0,"Conroe , TX",12/12/1989,North Carolina State,Chicago Bears,5th season,78.0,"Glennon, Mike",mikeglennon/2539275,225.0,,2013,Tampa Bay Buccaneers,13,416.0,247.0,59.4,32.0,,6.3,200.6,19.0,4.6,9.0,2.2,,28.0,7.0,40.0,314.0,83.9,QB
,"Columbia , MS",10/2/1932,Mississippi,,2 Seasons,72.0,"Day, Eagle",eagleday/2512672,183.0,1959 - 1960,1960,Washington Redskins,12,19.0,9.0,47.4,1.6,115.0,6.1,9.6,0.0,0.0,1.0,5.3,,0.0,0.0,0.0,48.0,44.8,QB
72.0,"Annapolis , MD",11/20/1944,Maryland,,2 Seasons,73.0,"Pastrana, Al",alpastrana/2522827,190.0,1969 - 1970,1970,Denver Broncos,5,75.0,29.0,38.7,15.0,420.0,5.6,84.0,1.0,1.3,9.0,12.0,,0.0,0.0,8.0,60.0,22.5,QB
33.0,"Chico , CA",12/2/1983,California,Green Bay Packers,13th season,74.0,"Rodgers, Aaron",aaronrodgers/2506363,225.0,,2016,Green Bay Packers,16,610.0,401.0,65.7,38.1,,7.3,276.8,40.0,6.6,7.0,1.1,,57.0,10.0,35.0,246.0,104.2,QB
33.0,"Chico , CA",12/2/1983,California,Green Bay Packers,13th season,74.0,"Rodgers, Aaron",aaronrodgers/2506363,225.0,,2015,Green Bay Packers,16,572.0,347.0,60.7,35.8,,6.7,238.8,31.0,5.4,8.0,1.4,,55.0,6.0,46.0,314.0,92.7,QB
33.0,"Chico , CA",12/2/1983,California,Green Bay Packers,13th season,74.0,"Rodgers, Aaron",aaronrodgers/2506363,225.0,,2014,Green Bay Packers,16,520.0,341.0,65.6,32.5,,8.4,273.8,38.0,7.3,5.0,1.0,,59.0,15.0,28.0,174.0,112.2,QB
33.0,"Chico , CA",12/2/1983,California,Green Bay Packers,13th season,74.0,"Rodgers, Aaron",aaronrodgers/2506363,225.0,,2013,Green Bay Packers,9,290.0,193.0,66.6,32.2,,8.7,281.8,17.0,5.9,6.0,2.1,,35.0,7.0,21.0,117.0,104.9,QB
33.0,"Chico , CA",12/2/1983,California,Green Bay Packers,13th season,74.0,"Rodgers, Aaron",aaronrodgers/2506363,225.0,,2012,Green Bay Packers,16,552.0,371.0,67.2,34.5,,7.8,268.4,39.0,7.1,8.0,1.4,73.0,54.0,9.0,51.0,293.0,108.0,QB
33.0,"Chico , CA",12/2/1983,California,Green Bay Packers,13th season,74.0,"Rodgers, Aaron",aaronrodgers/2506363,225.0,,2011,Green Bay Packers,15,502.0,343.0,68.3,33.5,,9.2,309.5,45.0,9.0,6.0,1.2,,64.0,13.0,36.0,219.0,122.5,QB
33.0,"Chico , CA",12/2/1983,California,Green Bay Packers,13th season,74.0,"Rodgers, Aaron",aaronrodgers/2506363,225.0,,2010,Green Bay Packers,15,475.0,312.0,65.7,31.7,,8.3,261.5,28.0,5.9,11.0,2.3,,54.0,10.0,31.0,193.0,101.2,QB
33.0,"Chico , CA",12/2/1983,California,Green Bay Packers,13th season,74.0,"Rodgers, Aaron",aaronrodgers/2506363,225.0,,2009,Green Bay Packers,16,541.0,350.0,64.7,33.8,,8.2,277.1,30.0,5.5,7.0,1.3,,55.0,17.0,50.0,306.0,103.2,QB
33.0,"Chico , CA",12/2/1983,California,Green Bay Packers,13th season,74.0,"Rodgers, Aaron",aaronrodgers/2506363,225.0,,2008,Green Bay Packers,16,536.0,341.0,63.6,33.5,,7.5,252.4,28.0,5.2,13.0,2.4,,48.0,16.0,34.0,231.0,93.8,QB
33.0,"Chico , CA",12/2/1983,California,Green Bay Packers,13th season,74.0,"Rodgers, Aaron",aaronrodgers/2506363,225.0,,2007,Green Bay Packers,2,28.0,20.0,71.4,14.0,218.0,7.8,109.0,1.0,3.6,0.0,0.0,43.0,2.0,1.0,3.0,24.0,106.0,QB
33.0,"Chico , CA",12/2/1983,California,Green Bay Packers,13th season,74.0,"Rodgers, Aaron",aaronrodgers/2506363,225.0,,2006,Green Bay Packers,2,15.0,6.0,40.0,7.5,46.0,3.1,23.0,0.0,0.0,0.0,0.0,16.0,0.0,0.0,3.0,18.0,48.2,QB
33.0,"Chico , CA",12/2/1983,California,Green Bay Packers,13th season,74.0,"Rodgers, Aaron",aaronrodgers/2506363,225.0,,2005,Green Bay Packers,3,16.0,9.0,56.3,5.3,65.0,4.1,21.7,0.0,0.0,1.0,6.3,16.0,0.0,0.0,3.0,28.0,39.8,QB
44.0,"St. Paul , MN",7/31/1972,Florida State,,7 Seasons,76.0,"Weinke, Chris",chrisweinke/2504686,232.0,2001 - 2007,2007,San Francisco 49ers,2,22.0,13.0,59.1,11.0,104.0,4.7,52.0,1.0,4.5,0.0,0.0,21.0,1.0,0.0,5.0,31.0,86.2,QB
44.0,"St. Paul , MN",7/31/1972,Florida State,,7 Seasons,76.0,"Weinke, Chris",chrisweinke/2504686,232.0,2001 - 2007,2006,Carolina Panthers,3,96.0,56.0,58.3,32.0,625.0,6.5,208.3,2.0,2.1,4.0,4.2,38.0,7.0,0.0,10.0,55.0,67.4,QB
44.0,"St. Paul , MN",7/31/1972,Florida State,,7 Seasons,76.0,"Weinke, Chris",chrisweinke/2504686,232.0,2001 - 2007,2002,Carolina Panthers,6,38.0,17.0,44.7,6.3,180.0,4.7,30.0,0.0,0.0,3.0,7.9,24.0,3.0,0.0,6.0,35.0,26.2,QB
44.0,"St. Paul , MN",7/31/1972,Florida State,,7 Seasons,76.0,"Weinke, Chris",chrisweinke/2504686,232.0,2001 - 2007,2001,Carolina Panthers,15,540.0,293.0,54.3,36.0,,5.4,195.4,11.0,2.0,19.0,3.5,48.0,31.0,4.0,26.0,177.0,62.0,QB
26.0,"Coeur d'alene , ID",11/22/1990,Arizona State,Cleveland Browns,6th season,80.0,"Osweiler, Brock",brockosweiler/2533436,235.0,,2016,Houston Texans,15,510.0,301.0,59.0,34.0,,5.8,197.1,15.0,2.9,16.0,3.1,53.0,29.0,4.0,27.0,206.0,72.2,QB
26.0,"Coeur d'alene , ID",11/22/1990,Arizona State,Cleveland Browns,6th season,80.0,"Osweiler, Brock",brockosweiler/2533436,235.0,,2015,Denver Broncos,8,275.0,170.0,61.8,34.4,,7.2,245.9,10.0,3.6,6.0,2.2,,17.0,4.0,23.0,151.0,86.4,QB
26.0,"Coeur d'alene , ID",11/22/1990,Arizona State,Cleveland Browns,6th season,80.0,"Osweiler, Brock",brockosweiler/2533436,235.0,,2013,Denver Broncos,4,16.0,11.0,68.8,4.0,95.0,5.9,23.8,0.0,0.0,0.0,0.0,19.0,0.0,0.0,2.0,8.0,84.1,QB
,"Chicago , IL",9/27/1913,DePaul,,4 Seasons,72.0,"Fiske, Max",maxfiske/2514076,199.0,1936 - 1939,1938,Pittsburgh Pirates,10,37.0,11.0,29.7,3.7,121.0,3.3,12.1,0.0,0.0,4.0,10.8,,0.0,0.0,0.0,0.0,1.1,QB
,"Chicago , IL",9/27/1913,DePaul,,4 Seasons,72.0,"Fiske, Max",maxfiske/2514076,199.0,1936 - 1939,1937,Pittsburgh Pirates,7,43.0,17.0,39.5,6.1,318.0,7.4,45.4,4.0,9.3,4.0,9.3,,0.0,0.0,0.0,0.0,58.1,QB
,"Chicago , IL",9/27/1913,DePaul,,4 Seasons,72.0,"Fiske, Max",maxfiske/2514076,199.0,1936 - 1939,1936,Pittsburgh Pirates,11,15.0,6.0,40.0,1.4,64.0,4.3,5.8,0.0,0.0,3.0,20.0,,0.0,0.0,0.0,0.0,13.6,QB
70.0,"Dallas , TX",4/22/1947,North Texas,,7 Seasons,74.0,"Ramsey, Steve",steveramsey/2523725,210.0,1970 - 1976,1976,Denver Broncos,12,270.0,128.0,47.4,22.5,,7.2,160.9,11.0,4.1,13.0,4.8,,0.0,0.0,39.0,261.0,64.9,QB
70.0,"Dallas , TX",4/22/1947,North Texas,,7 Seasons,74.0,"Ramsey, Steve",steveramsey/2523725,210.0,1970 - 1976,1975,Denver Broncos,11,233.0,128.0,54.9,21.2,,6.7,142.0,9.0,3.9,14.0,6.0,,0.0,0.0,23.0,187.0,63.6,QB
70.0,"Dallas , TX",4/22/1947,North Texas,,7 Seasons,74.0,"Ramsey, Steve",steveramsey/2523725,210.0,1970 - 1976,1974,Denver Broncos,7,74.0,41.0,55.4,10.6,580.0,7.8,82.9,5.0,6.8,7.0,9.5,,0.0,0.0,9.0,55.0,64.0,QB
70.0,"Dallas , TX",4/22/1947,North Texas,,7 Seasons,74.0,"Ramsey, Steve",steveramsey/2523725,210.0,1970 - 1976,1973,Denver Broncos,5,27.0,10.0,37.0,5.4,194.0,7.2,38.8,2.0,7.4,2.0,7.4,,0.0,0.0,0.0,0.0,56.7,QB
70.0,"Dallas , TX",4/22/1947,North Texas,,7 Seasons,74.0,"Ramsey, Steve",steveramsey/2523725,210.0,1970 - 1976,1972,Denver Broncos,9,137.0,65.0,47.4,15.2,,7.7,116.7,3.0,2.2,9.0,6.6,,0.0,0.0,26.0,184.0,53.5,QB
70.0,"Dallas , TX",4/22/1947,North Texas,,7 Seasons,74.0,"Ramsey, Steve",steveramsey/2523725,210.0,1970 - 1976,1971,Denver Broncos,9,178.0,84.0,47.2,19.8,,6.3,124.4,5.0,2.8,13.0,7.3,,0.0,0.0,13.0,105.0,46.6,QB
